CustomerID,Age,Gender,TenureYears,MonthlyCharges,TotalCharges,ContractType,PaymentMethod,InternetService,TechSupport,SeniorCitizen,Partner,PaperlessBilling,Churn
CUST00001,56.0,male,5,23.68,7990.55,Two Year,Mailed Check,No,Yes,1,Yes,Yes,Yes
CUST00002,69.0,Male,9,127.71,,One Year,Bank Transfer,No,No,1,Yes,No,No
CUST00003,46.0,M,9,122.48,6140.18,One Year,Credit Card,No,No,1,No,No,No
CUST00004,32.0,male,13,53.67,,Month-to-Month,Electronic Check,Fiber Optic,Yes,0,Yes,No,Yes
CUST00005,60.0,male,10,112.13,5151.27,Month-to-Month,Mailed Check,Fiber Optic,Yes,1,Yes,Yes,Yes
CUST00006,25.0,M,5,47.93,4037.47,Two Year,Electronic Check,DSL,No,1,Yes,Yes,No
CUST00007,38.0,Male,13,25.24,5938.99,Month-to-Month,Electronic Check,Fiber Optic,No,1,No,No,Yes
CUST00008,56.0,male,8,46.15,474.17,Two Year,Mailed Check,Fiber Optic,Yes,1,No,No,No
CUST00009,36.0,Male,10,43.22,4449.84,Month-to-Month,Credit Card,No,No,0,No,No,No
CUST00010,40.0,male,7,63.91,2678.01,Two Year,Electronic Check,Fiber Optic,Yes,1,No,Yes,No
CUST00011,28.0,Female,7,74.4,2949.14,Month-to-Month,Credit Card,No,No,0,Yes,No,No
CUST00012,28.0,male,0,86.11,8649.04,Month-to-Month,Credit Card,Fiber Optic,No,0,Yes,No,No
CUST00013,41.0,M,4,81.98,1660.6,One Year,Mailed Check,DSL,No,1,No,Yes,No
CUST00014,53.0,M,6,55.19,2814.98 ,Month-to-Month,Electronic Check,No,No,1,No,Yes,No
CUST00015,57.0,Male,5,23.79,4598.84,Month-to-Month,Electronic Check,Fiber Optic,Yes,0,No,Yes,No
CUST00016,41.0,male,4,98.66,7769.98,Two Year,Mailed Check,Fiber Optic,Yes,0,Yes,No,No
CUST00017,20.0,Male,7,71.45,3761.7,One Year,Credit Card,No,No,0,No,Yes,No
CUST00018,39.0,Male,2,58.83,6699.91,Two Year,Credit Card,DSL,Yes,0,No,No,Yes
CUST00019,19.0,Female,5,132.7,7710.24,Month-to-Month,Mailed Check,DSL,Yes,1,No,No,No
CUST00020,,Female,14,117.08,2803.95,Two Year,Credit Card,Fiber Optic,No,1,Yes,No,No
CUST00021,61.0,M,4,131.51,3546.9,One Year,Credit Card,Fiber Optic,No,1,No,Yes,No
CUST00022,,Male,7,84.35,3221.87,Two Year,Electronic Check,Fiber Optic,Yes,1,Yes,No,No
CUST00023,55.0,M,3,37.02,7499.05,Month-to-Month,Credit Card,No,No,0,No,Yes,No
CUST00024,19.0,male,7,110.51,418.23,Two Year,Credit Card,No,Yes,0,No,Yes,Yes
CUST00025,38.0,Male,9,46.79,2789.62,Month-to-Month,Credit Card,No,No,1,No,Yes,No
CUST00026,50.0,Male,13,77.36,6121.09,One Year,Credit Card,Fiber Optic,Yes,1,Yes,No,No
CUST00027,29.0,male,14,28.45,5097.68,One Year,Mailed Check,DSL,No,1,No,Yes,Yes
CUST00028,39.0,male,1,127.29,3937.88,Two Year,Mailed Check,No,No,0,Yes,No,Yes
CUST00029,61.0,M,8,36.37,4868.74,One Year,Mailed Check,DSL,Yes,1,No,No,No
CUST00030,42.0,M,12,137.4,1794.31,Two Year,Credit Card,Fiber Optic,No,0,Yes,Yes,No
CUST00031,66.0,male,8,132.35,3887.84,Month-to-Month,Mailed Check,No,Yes,0,No,No,No
CUST00032,44.0,M,14,80.4,4525.29,Two Year,Bank Transfer,No,Yes,0,No,Yes,No
CUST00033,59.0,male,13,116.77,8112.68,Month-to-Month,Bank Transfer,No,No,0,Yes,Yes,No
CUST00034,45.0,Male,9,100.53,2362.3,One Year,Bank Transfer,Fiber Optic,No,1,Yes,Yes,No
CUST00035,33.0,Male,9,124.4,7813.1,Month-to-Month,Electronic Check,Fiber Optic,No,0,No,Yes,No
CUST00036,32.0,Female,12,76.13,5805.29,Month-to-Month,Credit Card,Fiber Optic,No,0,No,No,Yes
CUST00037,64.0,Male,5,122.16,202.66,Month-to-Month,Electronic Check,DSL,Yes,1,No,Yes,No
CUST00038,68.0,male,3,80.12,6527.19,Month-to-Month,Mailed Check,DSL,Yes,1,Yes,No,No
CUST00039,61.0,M,3,142.33,339.26,Month-to-Month,Credit Card,No,No,0,No,No,Yes
CUST00040,69.0,Female,12,83.23,8976.48,Two Year,Bank Transfer,No,Yes,1,Yes,Yes,No
CUST00041,20.0,M,5,80.14,7856.28,Month-to-Month,Credit Card,Fiber Optic,No,1,Yes,No,No
CUST00042,54.0,male,4,122.06,2690.15,Month-to-Month,Electronic Check,Fiber Optic,Yes,0,Yes,Yes,No
CUST00043,68.0,Male,5,126.81,2331.55,Month-to-Month,Mailed Check,Fiber Optic,No,1,No,Yes,No
CUST00044,24.0,Female,6,92.08,3445.34,Month-to-Month,Mailed Check,No,No,0,No,Yes,No
CUST00045,38.0,male,6,43.37,3218.38,Month-to-Month,Electronic Check,Fiber Optic,Yes,0,No,No,No
CUST00046,26.0,Female,8,80.81,3363.59,Month-to-Month,Credit Card,DSL,No,1,No,Yes,Yes
CUST00047,56.0,Female,7,145.85,2878.12,One Year,Electronic Check,DSL,Yes,1,Yes,No,No
CUST00048,35.0,Male,12,117.89,5597.78,Two Year,Mailed Check,No,No,1,No,Yes,No
CUST00049,21.0,male,5,125.45,1495.09,Month-to-Month,Bank Transfer,No,Yes,0,Yes,No,No
CUST00050,42.0,M,11,24.27,7616.91,Two Year,Mailed Check,DSL,Yes,1,Yes,Yes,Yes
CUST00051,31.0,Female,5,80.82,7315.37,One Year,Mailed Check,Fiber Optic,Yes,0,Yes,No,No
CUST00052,67.0,Female,14,104.06,4298.82,One Year,Credit Card,No,Yes,1,No,Yes,No
CUST00053,26.0,M,13,127.9,7677.52,Month-to-Month,Bank Transfer,No,No,0,No,No,Yes
CUST00054,43.0,male,4,26.41,2239.36,Two Year,Mailed Check,No,No,1,No,Yes,Yes
CUST00055,19.0,Female,0,130.82,177.74,Month-to-Month,Bank Transfer,DSL,No,0,Yes,No,No
CUST00056,37.0,Female,8,91.29,5580.49,One Year,Electronic Check,No,Yes,1,Yes,Yes,No
CUST00057,45.0,Female,8,45.65,4132.03,One Year,Credit Card,DSL,No,1,No,No,No
CUST00058,64.0,male,8,61.24,5113.14,Two Year,Bank Transfer,DSL,No,1,Yes,Yes,Yes
CUST00059,24.0,male,14,56.65,8096.07 ,Month-to-Month,Bank Transfer,Fiber Optic,No,1,Yes,Yes,Yes
CUST00060,61.0,M,10,89.01,8729.93,Two Year,Credit Card,Fiber Optic,No,1,Yes,Yes,No
CUST00061,25.0,male,7,26.72,5717.39,Two Year,Electronic Check,Fiber Optic,Yes,0,No,No,No
CUST00062,64.0,male,12,40.61,6881.22,One Year,Bank Transfer,No,No,0,No,No,No
CUST00063,52.0,Male,9,125.65,772.6,Two Year,Credit Card,DSL,No,1,No,Yes,No
CUST00064,31.0,M,12,37.24,1463.23,One Year,Mailed Check,No,Yes,0,Yes,No,No
CUST00065,34.0,Female,2,50.34,6604.18,Month-to-Month,Credit Card,DSL,No,0,No,Yes,No
CUST00066,53.0,male,0,78.94,3893.66,Two Year,Mailed Check,No,Yes,1,No,Yes,No
CUST00067,67.0,Female,10,87.23,4024.77,Two Year,Bank Transfer,DSL,No,1,Yes,Yes,Yes
CUST00068,57.0,Female,11,119.27,2791.3,Month-to-Month,Bank Transfer,Fiber Optic,Yes,0,Yes,No,Yes
CUST00069,21.0,Male,11,78.15,5474.06,Two Year,Bank Transfer,Fiber Optic,Yes,0,No,Yes,No
CUST00070,19.0,male,7,122.68,1682.78,Month-to-Month,Electronic Check,No,No,1,No,No,No
CUST00071,23.0,M,6,100.39,5649.71,One Year,Electronic Check,DSL,No,1,No,No,No
CUST00072,59.0,male,12,34.7,1580.71,One Year,Mailed Check,Fiber Optic,No,1,Yes,Yes,No
CUST00073,21.0,Female,4,40.32,593.16,Two Year,Credit Card,DSL,No,0,No,No,Yes
CUST00074,46.0,M,9,76.81,2986.61,One Year,Mailed Check,No,No,1,Yes,No,No
CUST00075,35.0,male,6,71.6,2095.64,One Year,Credit Card,Fiber Optic,No,0,No,No,No
CUST00076,43.0,Female,9,116.66,8003.14,Month-to-Month,Bank Transfer,No,Yes,1,No,Yes,Yes
CUST00077,61.0,Female,3,95.5,513.48,One Year,Credit Card,No,Yes,1,Yes,Yes,Yes
CUST00078,51.0,Male,8,70.46,1605.99,One Year,Electronic Check,DSL,Yes,0,No,No,No
CUST00079,27.0,Male,10,42.2,4947.5,One Year,Credit Card,No,Yes,1,Yes,No,No
CUST00080,53.0,Male,9,49.49,4339.98,Month-to-Month,Credit Card,No,No,0,No,Yes,Yes
CUST00081,31.0,Female,13,94.82,431.75,Two Year,Bank Transfer,DSL,Yes,0,No,Yes,No
CUST00082,48.0,male,1,75.05,85.13,Month-to-Month,Bank Transfer,DSL,Yes,0,No,No,Yes
CUST00083,65.0,Male,8,86.94,8892.85,Two Year,Electronic Check,No,Yes,1,No,Yes,Yes
CUST00084,32.0,male,8,42.19,5936.34,Two Year,Credit Card,Fiber Optic,No,1,No,Yes,No
CUST00085,25.0,Male,4,106.18,3301.35,One Year,Credit Card,Fiber Optic,No,1,Yes,No,No
CUST00086,31.0,M,10,130.83,4244.48,One Year,Credit Card,DSL,No,0,No,Yes,No
CUST00087,40.0,M,0,53.53,2413.62,Month-to-Month,Bank Transfer,No,Yes,1,No,No,Yes
CUST00088,57.0,Male,6,83.9,3116.97,Month-to-Month,Electronic Check,Fiber Optic,No,1,Yes,No,No
CUST00089,38.0,Female,9,146.82,,Month-to-Month,Credit Card,DSL,Yes,1,No,No,No
CUST00090,33.0,Male,9,63.32,7947.65,One Year,Credit Card,DSL,Yes,1,Yes,No,No
CUST00091,62.0,Male,3,97.36,1673.49,Two Year,Credit Card,DSL,Yes,1,No,Yes,No
CUST00092,35.0,Female,8,31.73,7566.45,Month-to-Month,Credit Card,No,No,0,No,Yes,No
CUST00093,64.0,M,5,98.78,1111.58,Two Year,Electronic Check,DSL,No,1,Yes,Yes,No
CUST00094,41.0,male,12,31.65,1950.63,One Year,Electronic Check,Fiber Optic,No,1,Yes,Yes,No
CUST00095,43.0,Male,2,144.7,353.83,One Year,Electronic Check,No,Yes,1,No,No,No
CUST00096,42.0,Female,5,113.04,1284.49,One Year,Bank Transfer,Fiber Optic,No,0,Yes,Yes,No
CUST00097,62.0,Male,12,122.46,8257.38,One Year,Credit Card,Fiber Optic,No,1,No,No,Yes
CUST00098,58.0,Female,9,111.53,4145.76,Two Year,Credit Card,Fiber Optic,No,0,Yes,No,No
CUST00099,46.0,male,5,96.66,717.44,Two Year,Credit Card,No,Yes,0,Yes,No,Yes
CUST00100,32.0,male,4,78.49,8638.35,Month-to-Month,Credit Card,Fiber Optic,Yes,1,Yes,Yes,No
CUST00101,62.0,M,1,131.59,7913.35,Two Year,Mailed Check,DSL,Yes,0,Yes,No,No
CUST00102,18.0,Female,9,144.39,6797.05,Two Year,Electronic Check,DSL,Yes,0,Yes,No,No
CUST00103,42.0,Female,9,84.87,8402.59,Two Year,Mailed Check,Fiber Optic,No,0,No,Yes,Yes
CUST00104,24.0,M,1,141.1,1996.76,Month-to-Month,Mailed Check,DSL,No,1,No,No,Yes
CUST00105,26.0,M,6,95.83,7530.6,Two Year,Bank Transfer,No,Yes,0,Yes,Yes,No
CUST00106,41.0,Female,1,89.99,6216.12,Two Year,Bank Transfer,No,No,1,No,Yes,No
CUST00107,18.0,M,11,79.08,7830.44,Two Year,Credit Card,DSL,Yes,1,Yes,No,No
CUST00108,61.0,male,5,47.21,7176.27,One Year,Mailed Check,DSL,No,0,No,No,No
CUST00109,25.0,Male,4,20.48,3131.53,Two Year,Mailed Check,No,No,0,Yes,Yes,No
CUST00110,41.0,male,3,51.4,6974.1,Month-to-Month,Electronic Check,Fiber Optic,No,0,Yes,Yes,Yes
CUST00111,28.0,M,6,86.26,2376.86,Month-to-Month,Mailed Check,No,Yes,1,No,No,No
CUST00112,68.0,Female,7,69.39,2970.76,Month-to-Month,Bank Transfer,Fiber Optic,No,1,Yes,No,Yes
CUST00113,34.0,Female,3,78.3,988.99,Month-to-Month,Mailed Check,DSL,No,0,No,No,Yes
CUST00114,25.0,male,0,147.48,8416.99,One Year,Bank Transfer,DSL,No,0,Yes,No,No
CUST00115,52.0,Female,0,65.54,2633.21,Month-to-Month,Credit Card,Fiber Optic,No,1,Yes,No,No
CUST00116,52.0,M,0,78.78,4695.19,One Year,Bank Transfer,Fiber Optic,Yes,1,Yes,No,No
CUST00117,50.0,male,10,37.36,3534.17 ,One Year,Credit Card,No,Yes,1,No,No,Yes
CUST00118,22.0,Female,0,26.23,8640.15,One Year,Electronic Check,Fiber Optic,Yes,0,Yes,No,No
CUST00119,59.0,Male,4,120.8,,Month-to-Month,Credit Card,DSL,No,0,No,No,Yes
CUST00120,56.0,Male,3,94.19,7011.34,Month-to-Month,Mailed Check,DSL,No,1,No,No,No
CUST00121,58.0,M,12,118.89,7701.64,One Year,Bank Transfer,DSL,No,1,No,Yes,No
CUST00122,45.0,Female,13,39.48,3931.75,One Year,Credit Card,Fiber Optic,Yes,0,No,Yes,No
CUST00123,24.0,M,8,94.34,3415.98,Month-to-Month,Credit Card,Fiber Optic,Yes,1,Yes,Yes,No
CUST00124,26.0,male,14,52.97,6734.76,Two Year,Credit Card,DSL,No,0,Yes,Yes,Yes
CUST00125,25.0,Male,2,49.65,8217.81,Two Year,Credit Card,Fiber Optic,Yes,1,Yes,No,No
CUST00126,29.0,male,13,21.5,6799.29,Two Year,Credit Card,No,Yes,1,Yes,Yes,No
CUST00127,51.0,Female,6,36.94,2059.59,Month-to-Month,Credit Card,No,No,1,No,No,No
CUST00128,50.0,M,10,60.2,7997.0,Month-to-Month,Bank Transfer,Fiber Optic,Yes,1,No,No,No
CUST00129,65.0,M,7,35.19,3500.48,One Year,Mailed Check,Fiber Optic,No,0,No,No,No
CUST00130,40.0,M,5,148.16,5194.54,Month-to-Month,Mailed Check,DSL,Yes,1,Yes,No,No
CUST00131,41.0,male,11,60.12,7486.29,Month-to-Month,Credit Card,Fiber Optic,Yes,1,No,No,No
CUST00132,54.0,Male,12,36.94,1711.79,Month-to-Month,Bank Transfer,DSL,Yes,0,No,Yes,No
CUST00133,52.0,male,9,45.88,7064.9,One Year,Credit Card,No,Yes,0,Yes,Yes,No
CUST00134,61.0,male,12,96.4,5373.54,One Year,Electronic Check,Fiber Optic,No,0,Yes,Yes,No
CUST00135,57.0,Female,0,28.33,8042.21,Two Year,Mailed Check,No,No,1,Yes,No,No
CUST00136,39.0,Female,7,132.12,1564.29,Two Year,Credit Card,Fiber Optic,Yes,0,Yes,Yes,No
CUST00137,,Female,14,144.99,3797.73,Month-to-Month,Bank Transfer,Fiber Optic,No,1,Yes,Yes,No
CUST00138,52.0,Male,9,52.08,7498.93,Month-to-Month,Mailed Check,DSL,Yes,0,Yes,No,No
CUST00139,18.0,Male,2,78.51,192.7,One Year,Bank Transfer,DSL,No,1,Yes,No,No
CUST00140,52.0,Female,7,22.88,1027.57,Two Year,Electronic Check,Fiber Optic,Yes,0,No,Yes,No
CUST00141,54.0,Female,11,103.29,8915.28,Two Year,Credit Card,Fiber Optic,No,0,No,No,No
CUST00142,64.0,Male,3,73.81,2537.94,Two Year,Electronic Check,DSL,Yes,0,No,No,No
CUST00143,31.0,M,7,55.11,8780.38,Month-to-Month,Mailed Check,No,Yes,1,Yes,Yes,No
CUST00144,20.0,Male,10,46.89,1659.13,Month-to-Month,Credit Card,Fiber Optic,No,1,Yes,Yes,No
CUST00145,18.0,Male,0,105.02,3262.63,Month-to-Month,Mailed Check,DSL,Yes,0,No,No,Yes
CUST00146,22.0,Male,2,74.11,6780.77,One Year,Credit Card,Fiber Optic,Yes,1,Yes,No,Yes
CUST00147,43.0,Female,5,43.36,5926.85,Two Year,Bank Transfer,DSL,Yes,1,No,Yes,No
CUST00148,31.0,M,14,109.58,5238.48,One Year,Mailed Check,No,Yes,1,Yes,Yes,No
CUST00149,56.0,Male,14,93.46,4778.49,Two Year,Electronic Check,Fiber Optic,No,1,No,Yes,Yes
CUST00150,44.0,Female,8,131.63,7594.1,Month-to-Month,Electronic Check,Fiber Optic,No,1,No,No,No
CUST00151,26.0,male,1,35.27,2129.84,One Year,Bank Transfer,No,Yes,0,Yes,Yes,Yes
CUST00152,32.0,male,10,122.14,3993.39,One Year,Bank Transfer,Fiber Optic,Yes,1,Yes,Yes,Yes
CUST00153,32.0,Male,0,107.56,1415.96,Month-to-Month,Electronic Check,Fiber Optic,No,0,Yes,Yes,No
CUST00154,43.0,male,14,34.95,5371.56,Two Year,Bank Transfer,Fiber Optic,No,0,Yes,No,No
CUST00155,59.0,M,9,110.33,2269.89,Two Year,Credit Card,DSL,Yes,0,No,No,No
CUST00156,30.0,male,2,77.4,3017.9,Two Year,Electronic Check,DSL,Yes,1,No,Yes,Yes
CUST00157,68.0,male,3,142.85,4251.83,Two Year,Mailed Check,Fiber Optic,No,1,No,No,No
CUST00158,49.0,M,10,38.41,260.4,Month-to-Month,Electronic Check,No,Yes,0,No,Yes,No
CUST00159,56.0,Male,4,103.57,845.6,Month-to-Month,Bank Transfer,No,No,0,No,Yes,No
CUST00160,66.0,Male,2,69.66,6179.64,Month-to-Month,Credit Card,Fiber Optic,No,0,No,Yes,No
CUST00161,69.0,M,12,144.39,3872.15,Month-to-Month,Mailed Check,DSL,No,0,Yes,No,No
CUST00162,49.0,M,9,62.9,7785.82,One Year,Electronic Check,DSL,Yes,1,No,Yes,Yes
CUST00163,21.0,M,10,145.08,6258.15,One Year,Electronic Check,Fiber Optic,No,0,Yes,No,Yes
CUST00164,47.0,male,1,137.19,92.75,One Year,Mailed Check,DSL,No,0,No,No,Yes
CUST00165,54.0,M,1,55.15,5558.08,Month-to-Month,Credit Card,DSL,Yes,1,Yes,Yes,No
CUST00166,40.0,Female,6,124.46,861.65,Two Year,Bank Transfer,No,No,0,Yes,No,No
CUST00167,56.0,male,8,149.43,7032.78,One Year,Bank Transfer,Fiber Optic,No,1,No,Yes,No
CUST00168,62.0,Male,9,52.85,8923.74,One Year,Bank Transfer,DSL,No,0,Yes,Yes,No
CUST00169,32.0,Male,1,76.78,4790.17,Month-to-Month,Bank Transfer,DSL,No,1,No,Yes,No
CUST00170,60.0,Male,6,87.62,6151.36,Two Year,Mailed Check,DSL,No,1,Yes,Yes,Yes
CUST00171,46.0,male,6,58.34,2151.08,Two Year,Credit Card,Fiber Optic,No,1,No,No,Yes
CUST00172,53.0,Female,10,21.98,3949.63,Two Year,Credit Card,Fiber Optic,Yes,0,Yes,Yes,No
CUST00173,30.0,M,6,48.62,7707.74,Month-to-Month,Electronic Check,DSL,Yes,1,No,Yes,No
CUST00174,49.0,M,2,56.65,1523.46,Two Year,Electronic Check,No,Yes,0,No,Yes,No
CUST00175,24.0,Male,11,77.67,2404.51,One Year,Credit Card,No,No,1,No,Yes,Yes
CUST00176,68.0,Male,6,42.24,4019.99,One Year,Electronic Check,Fiber Optic,No,1,Yes,No,Yes
CUST00177,39.0,male,0,133.52,6416.0,One Year,Credit Card,No,No,1,No,No,No
CUST00178,45.0,Female,9,111.64,,Month-to-Month,Mailed Check,DSL,Yes,0,No,Yes,Yes
CUST00179,19.0,M,0,31.08,8351.04,Two Year,Mailed Check,Fiber Optic,Yes,1,No,No,Yes
CUST00180,59.0,male,4,104.51,868.22,Month-to-Month,Bank Transfer,Fiber Optic,No,1,No,Yes,No
CUST00181,62.0,M,14,104.98,,Two Year,Credit Card,No,Yes,1,Yes,Yes,Yes
CUST00182,23.0,Male,1,144.31,6386.41,Month-to-Month,Mailed Check,Fiber Optic,Yes,1,Yes,Yes,No
CUST00183,45.0,M,8,20.39,2049.36,One Year,Credit Card,No,No,0,Yes,No,No
CUST00184,45.0,Female,14,52.23,5914.59,Month-to-Month,Electronic Check,No,Yes,0,No,Yes,No
CUST00185,61.0,Female,6,140.61,1494.67,Month-to-Month,Credit Card,DSL,Yes,1,Yes,No,No
CUST00186,61.0,Male,3,141.18,522.7,Month-to-Month,Bank Transfer,No,Yes,1,Yes,No,No
CUST00187,37.0,Female,3,113.68,1106.72,One Year,Bank Transfer,No,Yes,1,Yes,Yes,No
CUST00188,47.0,Female,1,119.55,8371.26,Month-to-Month,Mailed Check,Fiber Optic,No,1,Yes,No,No
CUST00189,28.0,male,4,31.89,4974.72,Month-to-Month,Electronic Check,DSL,No,0,Yes,Yes,Yes
CUST00190,45.0,M,3,86.8,7171.19,One Year,Electronic Check,DSL,Yes,1,Yes,No,No
CUST00191,42.0,Male,11,50.11,3007.24,Two Year,Credit Card,No,Yes,1,No,No,Yes
CUST00192,56.0,Male,12,43.56,5342.07,Month-to-Month,Electronic Check,Fiber Optic,Yes,0,No,No,No
CUST00193,50.0,Male,0,125.34,4464.67,One Year,Bank Transfer,Fiber Optic,Yes,1,Yes,No,No
CUST00194,18.0,Male,11,37.55,8512.73,Month-to-Month,Mailed Check,Fiber Optic,No,1,No,Yes,Yes
CUST00195,44.0,Male,7,80.92,6733.22,One Year,Mailed Check,DSL,No,0,No,Yes,Yes
CUST00196,69.0,Female,2,142.02,6580.27,Two Year,Mailed Check,DSL,Yes,1,No,Yes,Yes
CUST00197,30.0,male,13,44.16,436.25,Two Year,Electronic Check,No,Yes,0,No,Yes,No
CUST00198,58.0,Male,5,147.14,4956.03,Month-to-Month,Electronic Check,No,Yes,1,No,Yes,No
CUST00199,20.0,male,3,149.26,4213.58,One Year,Bank Transfer,Fiber Optic,Yes,0,Yes,Yes,No
CUST00200,56.0,male,8,92.23,8352.02,Two Year,Credit Card,No,No,0,Yes,Yes,No
CUST00201,23.0,Female,6,42.12,2330.93,Two Year,Credit Card,Fiber Optic,Yes,1,No,No,Yes
CUST00202,25.0,Male,8,61.09,2443.1,One Year,Mailed Check,DSL,Yes,1,Yes,No,Yes
CUST00203,44.0,Female,9,75.18,3713.89,Month-to-Month,Mailed Check,No,No,1,Yes,Yes,No
CUST00204,26.0,Male,2,60.21,2205.46,Two Year,Electronic Check,Fiber Optic,Yes,1,Yes,Yes,No
CUST00205,54.0,Female,0,56.48,1180.07,Two Year,Mailed Check,DSL,No,0,Yes,No,No
CUST00206,50.0,male,4,146.39,7719.59,Two Year,Bank Transfer,Fiber Optic,No,1,Yes,No,No
CUST00207,68.0,Male,2,39.94,5033.32,Month-to-Month,Bank Transfer,No,Yes,1,Yes,Yes,Yes
CUST00208,59.0,M,5,115.33,7755.04,Two Year,Mailed Check,Fiber Optic,No,1,Yes,Yes,No
CUST00209,61.0,male,7,20.05,7483.59,One Year,Mailed Check,DSL,Yes,0,No,No,No
CUST00210,41.0,M,10,97.5,2552.74,Month-to-Month,Mailed Check,No,Yes,0,No,No,No
CUST00211,32.0,male,12,139.07,,Two Year,Mailed Check,DSL,No,0,No,No,Yes
CUST00212,49.0,Female,3,57.43,767.29,One Year,Mailed Check,No,No,0,Yes,No,No
CUST00213,49.0,Male,4,44.12,8238.96,One Year,Bank Transfer,Fiber Optic,No,0,No,No,No
CUST00214,41.0,male,4,104.72,3650.28,Month-to-Month,Credit Card,DSL,Yes,1,Yes,Yes,No
CUST00215,58.0,Female,3,112.64,3555.21,One Year,Bank Transfer,DSL,Yes,1,No,No,No
CUST00216,69.0,Male,3,109.44,2738.74,Month-to-Month,Bank Transfer,Fiber Optic,Yes,1,No,Yes,Yes
CUST00217,66.0,Male,3,61.51,4156.76,Month-to-Month,Mailed Check,DSL,Yes,0,Yes,No,No
CUST00218,66.0,male,3,52.79,2280.8,Month-to-Month,Credit Card,DSL,Yes,1,No,Yes,No
CUST00219,69.0,Male,3,144.27,,One Year,Mailed Check,DSL,No,0,Yes,Yes,No
CUST00220,29.0,male,4,140.03,7203.52,Month-to-Month,Bank Transfer,DSL,No,0,No,Yes,Yes
CUST00221,56.0,Male,1,79.45,7511.61,Month-to-Month,Credit Card,Fiber Optic,No,0,No,Yes,No
CUST00222,19.0,M,1,130.01,2751.56,One Year,Electronic Check,DSL,Yes,0,Yes,Yes,Yes
CUST00223,20.0,Female,8,78.8,4231.75,Month-to-Month,Mailed Check,DSL,Yes,0,No,No,Yes
CUST00224,66.0,M,1,75.17,7866.9,Two Year,Electronic Check,DSL,Yes,1,No,Yes,No
CUST00225,54.0,male,5,40.38,493.01,One Year,Electronic Check,No,Yes,1,No,No,Yes
CUST00226,66.0,M,1,75.43,8004.52,One Year,Electronic Check,No,Yes,1,No,Yes,No
CUST00227,34.0,male,4,89.86,1988.28,One Year,Electronic Check,Fiber Optic,No,1,No,No,Yes
CUST00228,66.0,Male,3,22.93,6113.28,Two Year,Credit Card,Fiber Optic,Yes,0,Yes,Yes,No
CUST00229,19.0,Male,11,77.73,5251.31,Month-to-Month,Mailed Check,Fiber Optic,No,1,Yes,Yes,Yes
CUST00230,19.0,male,6,121.58,4985.41,One Year,Credit Card,DSL,Yes,1,Yes,No,No
CUST00231,45.0,M,14,108.41,7737.05,One Year,Mailed Check,No,No,0,Yes,No,No
CUST00232,40.0,Male,6,102.57,932.12,One Year,Mailed Check,No,Yes,0,Yes,No,Yes
CUST00233,54.0,Female,12,138.24,3136.31,Two Year,Mailed Check,Fiber Optic,Yes,0,Yes,No,No
CUST00234,49.0,Male,5,22.34,4853.51,Two Year,Credit Card,No,No,1,No,No,No
CUST00235,50.0,Female,9,92.42,7305.37,Two Year,Bank Transfer,Fiber Optic,Yes,1,Yes,Yes,No
CUST00236,18.0,M,4,122.36,1963.66,Month-to-Month,Electronic Check,DSL,Yes,1,Yes,Yes,No
CUST00237,36.0,Female,0,90.37,7230.31,Month-to-Month,Bank Transfer,No,Yes,0,No,Yes,No
CUST00238,19.0,Female,11,62.11,3608.75,Two Year,Bank Transfer,DSL,No,0,No,No,No
CUST00239,61.0,Female,14,37.71,1716.45,Month-to-Month,Bank Transfer,DSL,No,0,Yes,Yes,No
CUST00240,43.0,Female,2,135.38,6835.7,Two Year,Electronic Check,No,Yes,0,No,No,No
CUST00241,49.0,Male,8,81.2,836.27,Month-to-Month,Bank Transfer,Fiber Optic,No,0,No,Yes,Yes
CUST00242,,Female,14,134.15,4642.61,Month-to-Month,Electronic Check,No,No,0,No,No,Yes
CUST00243,49.0,Male,13,96.16,593.6,Two Year,Electronic Check,DSL,No,1,No,No,No
CUST00244,21.0,Female,0,107.64,3220.63,One Year,Electronic Check,Fiber Optic,No,0,Yes,Yes,Yes
CUST00245,28.0,male,4,124.55,5417.67,One Year,Mailed Check,DSL,No,0,Yes,No,No
CUST00246,34.0,M,1,105.69,5013.92,Month-to-Month,Mailed Check,Fiber Optic,Yes,0,No,Yes,No
CUST00247,55.0,Female,3,71.75,3653.81,Month-to-Month,Bank Transfer,No,Yes,0,No,Yes,No
CUST00248,41.0,male,13,86.77,3872.85,Month-to-Month,Mailed Check,DSL,Yes,0,No,No,Yes
CUST00249,22.0,Female,13,124.4,2056.39,Month-to-Month,Electronic Check,Fiber Optic,No,0,Yes,Yes,No
CUST00250,69.0,Female,10,68.57,4113.83,Month-to-Month,Mailed Check,Fiber Optic,No,0,No,No,No
CUST00251,51.0,Female,0,70.46,8580.23,Month-to-Month,Electronic Check,No,No,0,Yes,No,No
CUST00252,23.0,male,2,32.44,7657.07,Two Year,Credit Card,Fiber Optic,Yes,0,Yes,Yes,No
CUST00253,39.0,M,9,138.9,1324.19,One Year,Mailed Check,Fiber Optic,Yes,1,No,No,No
CUST00254,28.0,male,6,31.83,287.43,One Year,Bank Transfer,DSL,Yes,1,No,No,Yes
CUST00255,65.0,M,9,104.27,8403.05,Two Year,Credit Card,No,Yes,1,No,Yes,No
CUST00256,33.0,Female,14,73.72,4750.21,Two Year,Credit Card,No,Yes,1,No,No,No
CUST00257,50.0,Male,2,72.73,4849.78,One Year,Mailed Check,DSL,Yes,0,No,No,No
CUST00258,26.0,Female,3,108.34,7030.85,One Year,Mailed Check,DSL,Yes,1,No,No,No
CUST00259,23.0,M,1,28.72,2845.91,Month-to-Month,Bank Transfer,DSL,Yes,1,No,No,Yes
CUST00260,33.0,male,2,97.18,4347.53,One Year,Credit Card,Fiber Optic,No,0,Yes,Yes,No
CUST00261,46.0,Female,8,120.36,8718.59,Month-to-Month,Electronic Check,No,No,0,Yes,Yes,No
CUST00262,20.0,male,2,127.67,6055.9,Month-to-Month,Mailed Check,No,No,0,Yes,Yes,No
CUST00263,37.0,male,10,42.17,1400.63,One Year,Credit Card,No,Yes,0,No,Yes,Yes
CUST00264,53.0,male,4,136.66,1216.38,Month-to-Month,Credit Card,Fiber Optic,Yes,1,Yes,Yes,No
CUST00265,36.0,Female,1,105.3,1854.3,Month-to-Month,Electronic Check,No,Yes,0,Yes,Yes,No
CUST00266,43.0,male,3,134.64,6905.07,Two Year,Credit Card,No,No,0,No,No,No
CUST00267,20.0,male,11,83.09,2672.49,One Year,Mailed Check,No,Yes,0,Yes,No,No
CUST00268,36.0,Female,12,90.46,,Two Year,Electronic Check,No,No,1,No,No,No
CUST00269,37.0,male,6,139.47,8498.69,Month-to-Month,Mailed Check,DSL,No,1,Yes,No,No
CUST00270,49.0,Female,13,136.99,1544.03,Month-to-Month,Bank Transfer,Fiber Optic,Yes,0,No,No,No
CUST00271,24.0,M,6,724.8930166023233,105.83,Two Year,Credit Card,No,No,1,No,Yes,No
CUST00272,69.0,M,11,55.67,,Two Year,Mailed Check,No,Yes,0,No,Yes,Yes
CUST00273,58.0,M,2,71.11,,Two Year,Mailed Check,No,No,1,Yes,No,Yes
CUST00274,50.0,male,4,70.41,3809.61,Month-to-Month,Bank Transfer,No,Yes,0,No,Yes,Yes
CUST00275,57.0,Male,0,57.29,8285.1,One Year,Credit Card,No,Yes,1,Yes,Yes,No
CUST00276,56.0,Male,9,54.92,7915.08,Month-to-Month,Mailed Check,DSL,Yes,1,Yes,Yes,No
CUST00277,35.0,male,9,131.94,4122.91,Two Year,Electronic Check,DSL,No,1,No,Yes,Yes
CUST00278,57.0,Male,9,29.08,3709.88,One Year,Mailed Check,Fiber Optic,Yes,0,Yes,Yes,Yes
CUST00279,18.0,Female,10,108.09,5003.98,Two Year,Mailed Check,Fiber Optic,Yes,1,Yes,No,No
CUST00280,28.0,Male,0,42.47,,Month-to-Month,Mailed Check,No,Yes,1,Yes,No,Yes
CUST00281,45.0,male,4,64.79,488.62,One Year,Mailed Check,No,Yes,1,No,Yes,Yes
CUST00282,42.0,male,12,28.0,8454.23,One Year,Credit Card,DSL,Yes,0,Yes,Yes,No
CUST00283,67.0,Female,9,55.1,1696.56,Month-to-Month,Mailed Check,Fiber Optic,No,1,Yes,Yes,Yes
CUST00284,40.0,M,8,119.89,1801.64,Two Year,Bank Transfer,No,No,0,Yes,No,Yes
CUST00285,48.0,male,0,135.05,4262.69,Two Year,Mailed Check,No,No,0,Yes,Yes,No
CUST00286,47.0,Female,0,48.8,4434.69,Two Year,Electronic Check,No,Yes,0,Yes,Yes,No
CUST00287,59.0,Male,3,80.26,185.54,Month-to-Month,Electronic Check,Fiber Optic,Yes,0,Yes,Yes,Yes
CUST00288,52.0,Male,3,81.14,1348.63,Two Year,Mailed Check,DSL,Yes,0,No,Yes,Yes
CUST00289,24.0,Female,1,133.56,3415.83,One Year,Mailed Check,DSL,No,1,No,No,Yes
CUST00290,33.0,Female,8,119.16,6159.9,Two Year,Bank Transfer,No,No,0,No,No,No
CUST00291,43.0,male,13,86.7,2071.2,Two Year,Bank Transfer,No,Yes,1,No,Yes,Yes
CUST00292,65.0,Male,8,107.2,3818.67,One Year,Credit Card,No,No,1,Yes,No,No
CUST00293,69.0,Female,12,130.16,5024.96,One Year,Credit Card,No,No,0,Yes,Yes,No
CUST00294,66.0,Male,12,21.24,7999.56,Two Year,Electronic Check,No,Yes,0,Yes,No,Yes
CUST00295,19.0,Female,1,72.38,2948.11,One Year,Mailed Check,Fiber Optic,No,0,Yes,Yes,No
CUST00296,18.0,Male,13,137.94,1219.35 ,Month-to-Month,Mailed Check,DSL,Yes,1,No,No,No
CUST00297,65.0,M,8,116.24,4413.66,One Year,Bank Transfer,Fiber Optic,No,1,No,Yes,No
CUST00298,29.0,male,14,90.57,6725.56,Month-to-Month,Bank Transfer,Fiber Optic,No,1,Yes,Yes,No
CUST00299,22.0,Male,5,88.85,1006.54,One Year,Credit Card,No,No,1,Yes,Yes,No
CUST00300,54.0,M,7,65.21,3833.66,Month-to-Month,Credit Card,Fiber Optic,Yes,1,Yes,Yes,No
CUST00301,49.0,Male,9,87.67,179.71,Month-to-Month,Electronic Check,DSL,No,1,No,No,No
CUST00302,26.0,Male,12,105.2,321.36,Two Year,Bank Transfer,No,Yes,1,No,No,No
CUST00303,58.0,M,14,74.39,4356.92,One Year,Mailed Check,DSL,No,1,No,No,No
CUST00304,52.0,Male,12,112.84,2697.81,One Year,Bank Transfer,Fiber Optic,Yes,1,Yes,No,No
CUST00305,36.0,Male,3,131.96,7609.06,One Year,Bank Transfer,No,Yes,0,Yes,Yes,No
CUST00306,65.0,male,1,40.11,5427.35,Month-to-Month,Bank Transfer,DSL,Yes,1,Yes,No,No
CUST00307,33.0,M,1,78.7,4096.32,Two Year,Credit Card,DSL,No,0,No,No,No
CUST00308,20.0,M,8,73.04,3683.26,One Year,Mailed Check,No,Yes,0,No,No,No
CUST00309,37.0,Female,0,109.37,4485.26,Two Year,Mailed Check,DSL,No,1,No,No,Yes
CUST00310,41.0,Male,11,52.48,383.14,Two Year,Credit Card,No,Yes,1,Yes,Yes,No
CUST00311,50.0,male,6,103.23,8037.28,Month-to-Month,Credit Card,No,Yes,1,No,Yes,No
CUST00312,41.0,Male,10,134.07,8984.76,One Year,Mailed Check,Fiber Optic,Yes,1,Yes,No,Yes
CUST00313,69.0,Male,13,74.36,1649.75,Two Year,Electronic Check,DSL,Yes,1,Yes,No,No
CUST00314,28.0,Female,2,138.43,1101.04,One Year,Bank Transfer,No,No,1,Yes,Yes,No
CUST00315,66.0,Male,2,149.11,1309.33,One Year,Mailed Check,Fiber Optic,No,0,No,Yes,No
CUST00316,25.0,male,1,33.79,5956.02,One Year,Credit Card,Fiber Optic,Yes,0,No,No,No
CUST00317,53.0,male,13,50.3,5959.74,Two Year,Mailed Check,No,No,1,No,No,Yes
CUST00318,55.0,Female,9,143.55,7634.36,Month-to-Month,Bank Transfer,No,No,0,No,No,Yes
CUST00319,57.0,Male,5,144.58,6771.4,Month-to-Month,Mailed Check,DSL,Yes,0,No,No,No
CUST00320,37.0,male,12,32.7,4058.21,Two Year,Credit Card,DSL,No,0,No,Yes,Yes
CUST00321,52.0,Male,9,21.95,5523.44,One Year,Electronic Check,DSL,No,0,Yes,Yes,No
CUST00322,65.0,Male,1,40.94,6200.8,One Year,Credit Card,No,Yes,0,No,Yes,Yes
CUST00323,42.0,Male,9,149.48,4624.37,Month-to-Month,Electronic Check,Fiber Optic,No,0,No,Yes,No
CUST00324,52.0,Female,14,43.4,4291.35,Two Year,Bank Transfer,Fiber Optic,Yes,1,Yes,Yes,No
CUST00325,42.0,Male,3,85.33,5812.98,Two Year,Credit Card,No,No,0,No,Yes,No
CUST00326,46.0,male,9,130.29,5026.12,Month-to-Month,Mailed Check,DSL,Yes,0,No,No,No
CUST00327,35.0,Male,8,22.65,5802.6,Two Year,Credit Card,Fiber Optic,No,0,Yes,Yes,No
CUST00328,63.0,male,8,98.58,5523.44,Two Year,Credit Card,Fiber Optic,No,0,No,No,No
CUST00329,35.0,Male,5,56.01,6478.39,Month-to-Month,Bank Transfer,DSL,No,1,Yes,Yes,No
CUST00330,19.0,male,12,132.1,5792.38,Month-to-Month,Electronic Check,Fiber Optic,No,0,Yes,No,No
CUST00331,52.0,male,3,56.85,4687.29,Two Year,Electronic Check,DSL,No,1,Yes,Yes,No
CUST00332,33.0,Male,6,109.28,6142.54,Two Year,Mailed Check,Fiber Optic,Yes,0,No,Yes,No
CUST00333,58.0,Male,13,107.65,,Month-to-Month,Credit Card,Fiber Optic,No,1,Yes,No,No
CUST00334,53.0,male,0,48.79,2190.21,Month-to-Month,Bank Transfer,Fiber Optic,Yes,0,No,No,Yes
CUST00335,50.0,M,11,24.52,32.74,One Year,Electronic Check,DSL,Yes,0,Yes,No,No
CUST00336,21.0,Female,3,73.2,5048.48,Two Year,Mailed Check,Fiber Optic,No,0,No,No,No
CUST00337,50.0,M,4,57.6,5324.08,Two Year,Electronic Check,Fiber Optic,Yes,1,Yes,Yes,No
CUST00338,31.0,M,7,125.17,8749.0,Month-to-Month,Mailed Check,Fiber Optic,No,1,No,Yes,No
CUST00339,38.0,Male,11,124.05,,Month-to-Month,Electronic Check,No,No,1,No,Yes,No
CUST00340,65.0,Female,1,79.41,3559.32,One Year,Mailed Check,Fiber Optic,No,1,No,Yes,No
CUST00341,37.0,M,11,98.85,1832.16,One Year,Electronic Check,Fiber Optic,No,0,No,Yes,No
CUST00342,25.0,Male,4,98.55,653.4,Month-to-Month,Electronic Check,DSL,Yes,0,No,No,Yes
CUST00343,24.0,M,5,127.53,6959.78,Two Year,Credit Card,DSL,No,1,No,Yes,Yes
CUST00344,20.0,M,4,75.25,2262.14,One Year,Mailed Check,No,No,0,No,Yes,No
CUST00345,34.0,Male,14,55.81,5487.97,Month-to-Month,Mailed Check,DSL,No,0,No,No,No
CUST00346,50.0,Male,12,54.45,6196.2,Month-to-Month,Credit Card,DSL,Yes,0,No,Yes,Yes
CUST00347,65.0,Male,8,89.7,4251.71,Month-to-Month,Credit Card,DSL,Yes,1,Yes,No,Yes
CUST00348,29.0,Female,9,78.39,7889.64,Two Year,Electronic Check,No,Yes,1,Yes,Yes,Yes
CUST00349,68.0,M,0,77.22,4005.28,Month-to-Month,Electronic Check,No,Yes,0,Yes,Yes,No
CUST00350,39.0,Male,13,31.85,2578.48,Month-to-Month,Electronic Check,Fiber Optic,No,1,Yes,Yes,Yes
CUST00351,39.0,male,2,113.42,8066.22,Two Year,Credit Card,Fiber Optic,Yes,1,Yes,No,No
CUST00352,63.0,M,13,47.79,7756.85,Month-to-Month,Electronic Check,DSL,Yes,1,No,No,No
CUST00353,47.0,male,1,45.6,1493.08,Month-to-Month,Credit Card,Fiber Optic,Yes,1,Yes,No,No
CUST00354,55.0,Female,11,73.66,253.13,One Year,Electronic Check,Fiber Optic,Yes,0,Yes,Yes,No
CUST00355,55.0,Male,12,49.61,828.07,Month-to-Month,Credit Card,No,No,1,Yes,No,No
CUST00356,62.0,male,2,95.9,2593.2,Two Year,Mailed Check,No,No,1,Yes,Yes,No
CUST00357,68.0,Female,9,68.29,8750.89,One Year,Bank Transfer,Fiber Optic,Yes,0,No,Yes,Yes
CUST00358,25.0,Male,8,78.36,5035.48,Month-to-Month,Electronic Check,Fiber Optic,Yes,1,No,No,Yes
CUST00359,44.0,male,12,89.83,3371.89,Two Year,Electronic Check,Fiber Optic,No,0,Yes,No,No
CUST00360,44.0,male,13,46.46,8000.67,Month-to-Month,Credit Card,DSL,No,0,Yes,No,Yes
CUST00361,51.0,Female,8,40.25,4089.16,One Year,Mailed Check,No,No,1,Yes,Yes,Yes
CUST00362,38.0,Male,9,134.45,2850.84,Two Year,Mailed Check,Fiber Optic,No,0,Yes,No,No
CUST00363,47.0,Male,1,76.38,8472.15,One Year,Electronic Check,Fiber Optic,Yes,0,No,Yes,No
CUST00364,50.0,male,13,73.57,7648.67,Two Year,Credit Card,DSL,Yes,1,No,Yes,No
CUST00365,45.0,male,2,24.63,7596.14,Two Year,Credit Card,No,No,1,No,No,No
CUST00366,64.0,male,13,84.74,4620.32,Month-to-Month,Bank Transfer,DSL,Yes,1,Yes,Yes,Yes
CUST00367,50.0,Male,3,92.04,,Two Year,Mailed Check,DSL,Yes,0,No,No,No
CUST00368,22.0,Female,8,92.65,1630.59,Two Year,Bank Transfer,Fiber Optic,Yes,0,Yes,Yes,No
CUST00369,65.0,Female,2,111.91,5167.54,Month-to-Month,Mailed Check,DSL,No,0,No,Yes,Yes
CUST00370,36.0,Male,12,43.07,8854.94,Two Year,Electronic Check,DSL,No,0,No,Yes,No
CUST00371,21.0,M,6,52.79,2632.81,Two Year,Electronic Check,Fiber Optic,No,0,Yes,No,No
CUST00372,52.0,Female,11,125.39,7153.28,Two Year,Credit Card,No,No,0,No,Yes,Yes
CUST00373,66.0,male,2,143.13,4424.5,Two Year,Credit Card,Fiber Optic,Yes,1,No,Yes,Yes
CUST00374,34.0,M,6,37.67,377.46,Month-to-Month,Credit Card,No,No,0,Yes,Yes,No
CUST00375,61.0,M,6,84.69,6871.91,Month-to-Month,Mailed Check,DSL,No,0,No,No,No
CUST00376,45.0,Female,8,47.84,1533.75,One Year,Credit Card,DSL,Yes,1,No,Yes,No
CUST00377,47.0,M,1,27.81,5690.63,Two Year,Electronic Check,Fiber Optic,No,0,Yes,Yes,Yes
CUST00378,46.0,M,12,62.32,789.26,Month-to-Month,Bank Transfer,Fiber Optic,Yes,0,No,No,No
CUST00379,63.0,Female,5,38.68,8522.87,Two Year,Electronic Check,Fiber Optic,No,0,Yes,Yes,Yes
CUST00380,23.0,Female,8,112.29,2639.68,Month-to-Month,Electronic Check,DSL,Yes,1,Yes,No,No
CUST00381,52.0,M,11,89.38,2053.65,One Year,Electronic Check,DSL,Yes,1,Yes,No,No
CUST00382,58.0,male,14,38.7,1179.64,Two Year,Bank Transfer,No,Yes,1,Yes,No,No
CUST00383,54.0,Male,11,21.2,8515.1,One Year,Electronic Check,Fiber Optic,Yes,1,Yes,Yes,No
CUST00384,41.0,M,14,125.06,6412.9,One Year,Mailed Check,DSL,No,0,Yes,Yes,No
CUST00385,46.0,M,1,42.91,6680.11,One Year,Mailed Check,No,Yes,0,Yes,Yes,Yes
CUST00386,66.0,male,1,98.81,4504.65,Month-to-Month,Bank Transfer,Fiber Optic,Yes,1,Yes,Yes,No
CUST00387,63.0,M,12,63.8,4283.06,Two Year,Mailed Check,Fiber Optic,No,0,Yes,Yes,No
CUST00388,48.0,M,13,96.11,1007.99,Month-to-Month,Credit Card,No,Yes,0,Yes,Yes,No
CUST00389,52.0,Male,4,61.03,5047.37,Month-to-Month,Mailed Check,No,Yes,0,Yes,No,No
CUST00390,50.0,Male,9,31.3,2237.31,Two Year,Electronic Check,No,No,1,Yes,No,No
CUST00391,69.0,Male,9,48.98,8794.77,Two Year,Mailed Check,DSL,No,0,Yes,No,No
CUST00392,38.0,Female,11,44.45,7173.3,Two Year,Credit Card,Fiber Optic,No,1,No,Yes,No
CUST00393,49.0,Female,9,75.64,3728.67,Two Year,Credit Card,Fiber Optic,Yes,0,Yes,No,Yes
CUST00394,40.0,Male,7,105.58,1379.04,Month-to-Month,Credit Card,No,Yes,0,Yes,No,No
CUST00395,50.0,Male,10,54.29,7072.28,Two Year,Electronic Check,DSL,No,1,Yes,Yes,No
CUST00396,20.0,Female,14,21.57,1116.04,Two Year,Credit Card,No,No,1,No,Yes,Yes
CUST00397,35.0,male,8,87.46,1720.22,Two Year,Electronic Check,DSL,No,0,Yes,No,No
CUST00398,42.0,M,1,98.75,1919.45,One Year,Credit Card,Fiber Optic,Yes,1,No,No,Yes
CUST00399,59.0,M,4,145.17,5020.88,Two Year,Electronic Check,Fiber Optic,Yes,1,Yes,Yes,No
CUST00400,48.0,Male,13,96.63,7087.77,Two Year,Electronic Check,DSL,No,0,No,No,No
CUST00401,20.0,male,6,81.25,2842.55,Month-to-Month,Electronic Check,Fiber Optic,Yes,1,No,No,No
CUST00402,57.0,Female,14,94.54,780.33,One Year,Mailed Check,Fiber Optic,Yes,1,No,Yes,No
CUST00403,63.0,Male,5,140.63,4191.56,Month-to-Month,Credit Card,No,Yes,1,No,No,No
CUST00404,41.0,male,5,127.69,6738.03,One Year,Electronic Check,DSL,No,1,No,Yes,No
CUST00405,67.0,male,6,61.99,2010.54,Month-to-Month,Credit Card,Fiber Optic,No,1,Yes,Yes,Yes
CUST00406,49.0,male,2,50.84,1994.92 ,Month-to-Month,Mailed Check,Fiber Optic,Yes,1,Yes,No,No
CUST00407,64.0,Female,12,54.14,8526.1,Two Year,Bank Transfer,DSL,No,0,Yes,No,No
CUST00408,39.0,Female,2,85.57,8588.3,Two Year,Credit Card,Fiber Optic,Yes,1,No,Yes,Yes
CUST00409,40.0,M,9,116.73,8914.38,One Year,Credit Card,DSL,Yes,1,No,Yes,No
CUST00410,19.0,M,8,85.42,7272.78,One Year,Mailed Check,DSL,No,0,No,No,Yes
CUST00411,44.0,male,13,28.81,,One Year,Electronic Check,No,No,1,No,Yes,Yes
CUST00412,59.0,male,7,114.07,1923.59,Two Year,Credit Card,DSL,No,1,Yes,No,No
CUST00413,19.0,Female,4,124.78,3075.22,Month-to-Month,Bank Transfer,No,Yes,0,No,No,No
CUST00414,43.0,M,5,57.63,2876.83,One Year,Mailed Check,Fiber Optic,No,0,Yes,Yes,Yes
CUST00415,34.0,male,10,106.34,8609.62,Two Year,Electronic Check,DSL,Yes,1,No,No,No
CUST00416,57.0,M,11,75.46,7105.88,Two Year,Credit Card,No,Yes,1,No,No,Yes
CUST00417,50.0,M,9,135.59,6521.6,Month-to-Month,Credit Card,DSL,Yes,0,No,Yes,No
CUST00418,26.0,male,0,129.88,1689.95,Month-to-Month,Mailed Check,Fiber Optic,Yes,1,No,No,No
CUST00419,60.0,Female,9,88.31,8187.54,Two Year,Electronic Check,No,Yes,1,No,Yes,No
CUST00420,65.0,male,11,109.9,7454.28,Month-to-Month,Electronic Check,No,No,0,Yes,Yes,No
CUST00421,56.0,male,0,134.84,1489.5,Month-to-Month,Mailed Check,No,Yes,0,No,No,No
CUST00422,46.0,M,3,84.44,7843.11,Two Year,Credit Card,Fiber Optic,Yes,0,Yes,Yes,No
CUST00423,59.0,male,1,60.72,2464.78,One Year,Credit Card,No,No,1,Yes,Yes,No
CUST00424,43.0,Female,10,117.98,746.21,One Year,Electronic Check,Fiber Optic,Yes,0,No,No,Yes
CUST00425,52.0,male,6,48.61,5918.26,Two Year,Electronic Check,Fiber Optic,No,1,No,No,No
CUST00426,67.0,Female,1,70.51,5891.17,One Year,Bank Transfer,DSL,Yes,0,No,No,No
CUST00427,42.0,Female,9,132.54,872.49,Two Year,Bank Transfer,Fiber Optic,No,0,No,No,No
CUST00428,41.0,M,1,114.17,2883.29,Two Year,Bank Transfer,No,No,1,No,Yes,No
CUST00429,30.0,Male,4,72.5,8935.47,Month-to-Month,Electronic Check,No,No,0,No,Yes,No
CUST00430,24.0,Male,3,47.92,6112.27,One Year,Electronic Check,Fiber Optic,No,1,Yes,Yes,No
CUST00431,53.0,M,7,66.28,6576.07,Two Year,Electronic Check,Fiber Optic,No,1,Yes,No,No
CUST00432,62.0,male,3,56.93,1932.0,One Year,Credit Card,DSL,Yes,1,No,Yes,No
CUST00433,37.0,M,13,42.89,727.46,One Year,Mailed Check,DSL,No,1,No,No,No
CUST00434,18.0,Female,11,116.63,2506.58,One Year,Electronic Check,No,No,1,Yes,No,No
CUST00435,25.0,Male,5,52.77,,Two Year,Credit Card,Fiber Optic,No,0,Yes,No,No
CUST00436,63.0,M,4,79.04,2126.21,Month-to-Month,Electronic Check,No,Yes,0,Yes,Yes,No
CUST00437,33.0,male,10,70.16,1750.93,One Year,Mailed Check,Fiber Optic,No,1,No,Yes,No
CUST00438,31.0,M,13,147.67,5181.31,Two Year,Electronic Check,No,Yes,1,Yes,No,No
CUST00439,29.0,Male,1,70.84,2966.37,One Year,Credit Card,No,Yes,1,No,No,No
CUST00440,68.0,M,10,30.4,7386.7,Month-to-Month,Electronic Check,No,No,1,No,No,No
CUST00441,40.0,M,14,31.68,1671.85,One Year,Electronic Check,Fiber Optic,Yes,0,Yes,No,No
CUST00442,32.0,Male,12,96.8,4192.35,Two Year,Electronic Check,DSL,Yes,0,Yes,Yes,No
CUST00443,45.0,Female,11,97.92,142.65,One Year,Bank Transfer,DSL,Yes,0,Yes,Yes,No
CUST00444,51.0,Female,13,74.44,4345.51,One Year,Electronic Check,Fiber Optic,Yes,0,No,No,Yes
CUST00445,19.0,Male,7,76.14,521.43,One Year,Credit Card,DSL,Yes,0,No,Yes,No
CUST00446,49.0,M,1,27.01,8799.96,Month-to-Month,Credit Card,No,No,0,Yes,No,Yes
CUST00447,40.0,Male,8,87.15,7119.52,One Year,Credit Card,Fiber Optic,Yes,1,No,No,No
CUST00448,39.0,Female,14,85.62,4421.2,Two Year,Electronic Check,Fiber Optic,Yes,0,Yes,No,Yes
CUST00449,68.0,male,8,39.44,797.55,One Year,Mailed Check,DSL,Yes,0,No,No,Yes
CUST00450,42.0,M,2,33.5,5340.16,One Year,Credit Card,DSL,Yes,1,Yes,Yes,No
CUST00451,39.0,Female,3,36.06,6833.7,One Year,Bank Transfer,No,Yes,1,No,No,No
CUST00452,39.0,M,7,33.13,1732.64,Month-to-Month,Mailed Check,Fiber Optic,No,1,Yes,Yes,No
CUST00453,66.0,Male,8,99.26,5122.51,Two Year,Credit Card,DSL,Yes,1,No,No,Yes
CUST00454,69.0,male,2,45.54,7331.61,One Year,Electronic Check,Fiber Optic,Yes,1,No,No,No
CUST00455,59.0,Male,4,52.69,,Two Year,Bank Transfer,No,Yes,0,No,Yes,No
CUST00456,23.0,male,10,42.56,7230.87,Two Year,Credit Card,No,No,1,Yes,Yes,No
CUST00457,,M,14,144.52,7916.32,Month-to-Month,Bank Transfer,No,No,1,No,Yes,No
CUST00458,60.0,M,7,131.1,8440.39,Two Year,Mailed Check,Fiber Optic,No,1,No,No,Yes
CUST00459,54.0,Male,2,49.96,3661.58,One Year,Credit Card,Fiber Optic,Yes,0,Yes,No,No
CUST00460,50.0,male,6,62.58,5127.55,Month-to-Month,Electronic Check,Fiber Optic,Yes,1,Yes,Yes,No
CUST00461,25.0,male,10,47.29,7120.12,Month-to-Month,Bank Transfer,Fiber Optic,Yes,1,No,Yes,No
CUST00462,61.0,M,7,83.94,6280.32 ,Two Year,Credit Card,Fiber Optic,Yes,0,No,No,No
CUST00463,61.0,Male,9,22.55,8959.77,Month-to-Month,Mailed Check,No,Yes,1,Yes,No,No
CUST00464,22.0,male,10,107.28,142.83,Two Year,Mailed Check,No,Yes,0,No,Yes,Yes
CUST00465,56.0,M,13,88.01,3209.1,Two Year,Credit Card,No,Yes,0,No,Yes,Yes
CUST00466,21.0,Female,2,136.82,2543.63,Month-to-Month,Mailed Check,DSL,Yes,1,Yes,No,Yes
CUST00467,23.0,Male,1,41.37,2375.6,One Year,Bank Transfer,No,Yes,0,Yes,No,No
CUST00468,62.0,Female,9,124.53,2018.32,Two Year,Bank Transfer,Fiber Optic,Yes,1,Yes,No,Yes
CUST00469,49.0,Male,12,122.95,6387.93,Month-to-Month,Bank Transfer,No,Yes,1,No,No,No
CUST00470,69.0,M,6,36.53,781.14,Month-to-Month,Bank Transfer,DSL,No,1,No,No,No
CUST00471,47.0,male,11,71.81,6679.65,Two Year,Mailed Check,DSL,No,0,Yes,Yes,No
CUST00472,64.0,male,8,42.12,6246.96,Two Year,Credit Card,DSL,No,0,Yes,No,No
CUST00473,52.0,male,0,53.11,2272.22,Two Year,Mailed Check,DSL,No,0,No,Yes,Yes
CUST00474,57.0,Male,2,54.22,2290.45,Two Year,Mailed Check,DSL,Yes,0,Yes,No,No
CUST00475,69.0,M,4,92.31,5667.17,One Year,Credit Card,Fiber Optic,No,0,No,No,No
CUST00476,33.0,Female,2,73.48,6864.3,One Year,Credit Card,No,No,1,Yes,No,No
CUST00477,30.0,M,0,143.21,7890.84,One Year,Electronic Check,Fiber Optic,No,1,Yes,No,No
CUST00478,67.0,Female,14,36.43,7672.21,One Year,Bank Transfer,Fiber Optic,No,1,No,Yes,No
CUST00479,59.0,Male,6,146.58,8684.65,Month-to-Month,Credit Card,DSL,No,0,No,No,Yes
CUST00480,47.0,Male,6,49.98,5240.84,Two Year,Mailed Check,No,Yes,0,Yes,No,No
CUST00481,36.0,Female,9,120.47,8179.73,Month-to-Month,Bank Transfer,No,No,0,No,No,No
CUST00482,34.0,Female,11,64.07,7280.45,Month-to-Month,Bank Transfer,No,No,1,No,Yes,No
CUST00483,36.0,Female,7,38.6,8054.12,One Year,Mailed Check,DSL,Yes,1,Yes,No,No
CUST00484,45.0,M,4,131.53,124.41,Month-to-Month,Credit Card,Fiber Optic,No,0,No,No,Yes
CUST00485,43.0,Female,9,60.15,8693.81,One Year,Bank Transfer,No,Yes,1,No,Yes,Yes
CUST00486,54.0,Male,11,105.65,4272.3,Two Year,Bank Transfer,Fiber Optic,Yes,0,No,No,No
CUST00487,43.0,Male,4,93.64,7187.68,One Year,Bank Transfer,No,Yes,1,No,Yes,No
CUST00488,40.0,male,4,81.33,1162.29,Two Year,Bank Transfer,No,Yes,0,Yes,Yes,Yes
CUST00489,26.0,Female,0,84.46,3575.55,One Year,Bank Transfer,No,No,0,Yes,No,No
CUST00490,29.0,M,9,115.19,2457.72,Month-to-Month,Mailed Check,No,No,1,Yes,No,Yes
CUST00491,18.0,M,4,31.41,2639.1,Month-to-Month,Credit Card,DSL,Yes,1,Yes,Yes,No
CUST00492,18.0,M,5,106.86,1126.84,One Year,Credit Card,DSL,No,0,Yes,No,No
CUST00493,64.0,male,14,136.46,7255.76,Two Year,Bank Transfer,Fiber Optic,Yes,1,No,No,No
CUST00494,51.0,Male,12,27.51,103.0,Two Year,Bank Transfer,DSL,No,1,No,Yes,Yes
CUST00495,49.0,M,11,38.28,,One Year,Bank Transfer,No,No,1,No,Yes,Yes
CUST00496,65.0,Male,0,113.16,1586.21,Month-to-Month,Mailed Check,Fiber Optic,Yes,0,Yes,No,No
CUST00497,42.0,male,10,76.85,5309.57,Two Year,Mailed Check,Fiber Optic,No,1,Yes,No,No
CUST00498,57.0,Female,6,72.46,2303.19,One Year,Electronic Check,Fiber Optic,Yes,1,Yes,No,No
CUST00499,62.0,Female,0,37.81,2345.81,Two Year,Bank Transfer,No,Yes,1,No,No,Yes
CUST00500,18.0,Female,10,85.88,4405.28,Month-to-Month,Electronic Check,No,No,1,No,Yes,Yes
CUST00501,33.0,M,1,36.45,5881.15,Two Year,Electronic Check,Fiber Optic,No,0,No,No,No
CUST00502,56.0,Female,1,81.96,1109.32,One Year,Electronic Check,DSL,Yes,0,Yes,No,No
CUST00503,22.0,M,4,119.27,1596.09,Two Year,Credit Card,No,Yes,0,Yes,No,Yes
CUST00504,39.0,male,13,53.57,2239.63,Two Year,Electronic Check,No,No,1,No,Yes,No
CUST00505,46.0,male,9,82.5,8764.26,Month-to-Month,Bank Transfer,DSL,No,0,No,Yes,No
CUST00506,20.0,M,12,148.96,3586.43,Month-to-Month,Mailed Check,Fiber Optic,No,1,No,No,No
CUST00507,29.0,Male,6,109.26,5398.93,Month-to-Month,Bank Transfer,DSL,No,0,Yes,Yes,No
CUST00508,43.0,Female,0,129.38,2189.05,Month-to-Month,Mailed Check,No,Yes,0,Yes,Yes,No
CUST00509,33.0,Female,9,73.93,4424.33,One Year,Credit Card,Fiber Optic,No,1,No,No,No
CUST00510,68.0,Female,0,119.82,685.59,Two Year,Credit Card,Fiber Optic,No,1,No,Yes,No
CUST00511,54.0,M,0,25.27,331.98,Two Year,Bank Transfer,DSL,Yes,1,Yes,Yes,Yes
CUST00512,39.0,male,5,35.98,,Two Year,Credit Card,No,No,0,No,No,No
CUST00513,46.0,Female,1,46.4,3599.96,Two Year,Mailed Check,No,Yes,1,No,Yes,No
CUST00514,31.0,male,0,72.25,1249.19,One Year,Credit Card,Fiber Optic,Yes,1,Yes,Yes,No
CUST00515,45.0,Female,5,129.95,6194.66,Month-to-Month,Electronic Check,No,No,1,No,No,No
CUST00516,22.0,Female,13,65.01,8936.27,Two Year,Electronic Check,Fiber Optic,No,0,No,No,No
CUST00517,64.0,M,1,105.1,3572.91,Two Year,Credit Card,Fiber Optic,Yes,1,No,Yes,No
CUST00518,66.0,Male,5,112.21,5628.54,Month-to-Month,Bank Transfer,Fiber Optic,Yes,0,Yes,No,No
CUST00519,47.0,M,9,96.2,8667.52,Month-to-Month,Electronic Check,No,No,0,No,No,No
CUST00520,63.0,Female,7,66.44,7487.18,Two Year,Mailed Check,DSL,Yes,1,No,Yes,No
CUST00521,69.0,Female,1,95.02,4182.7,Month-to-Month,Bank Transfer,Fiber Optic,Yes,1,Yes,Yes,No
CUST00522,22.0,Male,10,64.49,6642.66,Two Year,Credit Card,DSL,Yes,1,No,No,No
CUST00523,29.0,male,8,30.9,1170.65,Two Year,Bank Transfer,DSL,Yes,1,No,No,No
CUST00524,33.0,male,7,149.06,4618.69,Two Year,Bank Transfer,DSL,Yes,0,Yes,No,No
CUST00525,,Female,11,36.53,2525.96,Two Year,Bank Transfer,DSL,Yes,1,No,Yes,No
CUST00526,43.0,male,9,29.41,1467.25,Two Year,Bank Transfer,DSL,Yes,1,No,Yes,No
CUST00527,65.0,Female,0,134.21,3848.0,Two Year,Credit Card,Fiber Optic,No,0,No,Yes,Yes
CUST00528,38.0,Male,6,59.24,1196.51,Month-to-Month,Credit Card,No,Yes,0,Yes,No,No
CUST00529,56.0,Male,13,104.54,6296.89 ,One Year,Electronic Check,DSL,No,1,No,Yes,Yes
CUST00530,53.0,Female,12,62.77,4117.04,One Year,Electronic Check,No,Yes,1,Yes,Yes,Yes
CUST00531,50.0,Male,9,70.89,4789.68,Two Year,Mailed Check,No,No,1,Yes,No,Yes
CUST00532,47.0,M,5,54.07,1334.46,Month-to-Month,Mailed Check,Fiber Optic,Yes,1,Yes,Yes,No
CUST00533,54.0,M,13,64.6,1275.15,Two Year,Electronic Check,DSL,No,1,Yes,No,No
CUST00534,40.0,Male,5,73.39,5259.07,Month-to-Month,Electronic Check,No,No,0,Yes,No,No
CUST00535,27.0,Female,5,113.65,8865.39,Two Year,Bank Transfer,No,No,0,Yes,No,No
CUST00536,22.0,Female,5,86.5,884.33,Two Year,Electronic Check,DSL,No,0,Yes,No,Yes
CUST00537,53.0,Male,9,142.66,2585.87,One Year,Mailed Check,Fiber Optic,Yes,1,No,No,No
CUST00538,51.0,male,6,25.44,7827.74,Month-to-Month,Electronic Check,Fiber Optic,Yes,1,No,Yes,Yes
CUST00539,69.0,M,11,85.4,669.0,Month-to-Month,Bank Transfer,DSL,Yes,1,Yes,No,No
CUST00540,48.0,male,2,95.95,7885.45,One Year,Mailed Check,No,Yes,1,No,No,Yes
CUST00541,27.0,Female,13,139.63,4728.09,One Year,Credit Card,Fiber Optic,No,0,No,No,No
CUST00542,36.0,Female,5,26.39,3686.24,One Year,Electronic Check,Fiber Optic,Yes,0,No,No,No
CUST00543,49.0,male,2,94.55,,One Year,Credit Card,No,Yes,1,Yes,Yes,No
CUST00544,18.0,Male,6,130.97,2688.11,Month-to-Month,Mailed Check,No,Yes,1,No,Yes,Yes
CUST00545,22.0,male,6,51.45,2766.11,Month-to-Month,Electronic Check,No,Yes,1,Yes,Yes,No
CUST00546,62.0,male,7,133.92,7965.53,One Year,Credit Card,No,No,0,Yes,Yes,No
CUST00547,21.0,M,1,22.48,6519.68,Two Year,Electronic Check,DSL,Yes,0,No,No,No
CUST00548,33.0,M,8,115.22,6034.11,Two Year,Credit Card,No,Yes,1,Yes,No,Yes
CUST00549,41.0,male,12,141.3,,Two Year,Credit Card,Fiber Optic,No,1,Yes,No,No
CUST00550,33.0,male,4,105.44,2328.89,Two Year,Mailed Check,No,No,0,Yes,Yes,No
CUST00551,19.0,Female,8,77.07,5570.02,Month-to-Month,Electronic Check,No,Yes,1,No,No,Yes
CUST00552,66.0,M,9,25.83,4151.39,Month-to-Month,Credit Card,DSL,No,0,No,Yes,Yes
CUST00553,45.0,M,4,139.61,7046.33,Month-to-Month,Electronic Check,DSL,Yes,1,No,No,Yes
CUST00554,49.0,Female,6,81.14,2797.12,Two Year,Electronic Check,No,Yes,0,Yes,No,No
CUST00555,44.0,Male,10,23.77,5795.74,One Year,Bank Transfer,DSL,Yes,1,No,Yes,Yes
CUST00556,37.0,M,8,109.68,7942.27,Two Year,Mailed Check,DSL,Yes,0,No,No,No
CUST00557,41.0,M,14,82.64,3631.31,Month-to-Month,Electronic Check,DSL,No,0,No,No,Yes
CUST00558,29.0,Male,3,36.16,618.27,Two Year,Electronic Check,DSL,No,1,Yes,No,No
CUST00559,67.0,M,1,47.86,4654.14,One Year,Electronic Check,No,No,0,Yes,No,No
CUST00560,52.0,M,8,28.38,3126.83,One Year,Mailed Check,DSL,No,1,No,No,No
CUST00561,50.0,Male,12,94.66,6056.58 ,Two Year,Mailed Check,DSL,Yes,0,Yes,Yes,No
CUST00562,50.0,Male,1,100.86,8560.28,Month-to-Month,Electronic Check,Fiber Optic,No,1,No,No,Yes
CUST00563,68.0,male,2,85.75,4380.76,Month-to-Month,Mailed Check,No,No,1,No,No,Yes
CUST00564,60.0,Female,9,126.22,4206.39,Month-to-Month,Bank Transfer,DSL,Yes,0,Yes,Yes,No
CUST00565,54.0,Female,1,131.93,5898.17,Two Year,Mailed Check,Fiber Optic,Yes,1,Yes,No,No
CUST00566,29.0,Male,2,100.03,949.41,Month-to-Month,Bank Transfer,DSL,No,1,Yes,No,Yes
CUST00567,20.0,Male,5,21.66,2296.49,Two Year,Bank Transfer,No,Yes,1,Yes,No,No
CUST00568,18.0,M,2,110.38,8272.43,Month-to-Month,Bank Transfer,Fiber Optic,Yes,1,Yes,No,No
CUST00569,50.0,male,14,74.34,6036.08,One Year,Credit Card,Fiber Optic,Yes,0,Yes,No,No
CUST00570,57.0,male,9,93.52,140.73,One Year,Mailed Check,No,No,0,No,No,No
CUST00571,27.0,Male,7,104.38,1857.54,Month-to-Month,Electronic Check,Fiber Optic,No,1,No,Yes,No
CUST00572,60.0,M,10,65.53,6151.88,Two Year,Bank Transfer,Fiber Optic,No,0,Yes,Yes,Yes
CUST00573,61.0,M,5,139.22,6884.3,Month-to-Month,Electronic Check,DSL,Yes,1,Yes,No,No
CUST00574,46.0,Female,6,37.42,7561.94,Two Year,Bank Transfer,Fiber Optic,No,1,No,No,No
CUST00575,30.0,Female,0,107.3,2643.75,One Year,Electronic Check,No,Yes,1,No,No,No
CUST00576,29.0,M,2,20.57,8380.64,Two Year,Credit Card,DSL,No,0,Yes,No,Yes
CUST00577,48.0,Female,2,140.2,4985.46,Month-to-Month,Bank Transfer,Fiber Optic,Yes,1,Yes,No,No
CUST00578,63.0,Male,1,34.63,6274.92,One Year,Credit Card,DSL,Yes,1,No,Yes,Yes
CUST00579,19.0,M,6,32.33,5378.71,Two Year,Credit Card,No,No,0,No,No,No
CUST00580,68.0,Female,8,63.29,1122.21,Two Year,Mailed Check,Fiber Optic,No,1,No,Yes,No
CUST00581,67.0,male,3,68.56,8668.77,One Year,Electronic Check,No,No,0,No,No,No
CUST00582,52.0,M,11,47.86,1123.42,Month-to-Month,Bank Transfer,No,No,0,No,Yes,No
CUST00583,40.0,M,4,96.07,2308.84,One Year,Credit Card,Fiber Optic,Yes,0,Yes,Yes,No
CUST00584,34.0,male,2,77.58,7326.38,Month-to-Month,Electronic Check,Fiber Optic,No,1,No,Yes,No
CUST00585,43.0,Male,10,24.44,5575.0,Month-to-Month,Mailed Check,DSL,Yes,1,Yes,Yes,No
CUST00586,25.0,male,8,61.55,7546.58,Two Year,Electronic Check,No,Yes,1,No,No,No
CUST00587,46.0,M,13,125.36,4651.31,Month-to-Month,Electronic Check,Fiber Optic,No,1,Yes,No,No
CUST00588,43.0,Male,3,109.66,3405.4,Month-to-Month,Mailed Check,No,Yes,1,No,No,No
CUST00589,27.0,Female,4,114.23,8298.17,One Year,Mailed Check,Fiber Optic,No,1,Yes,No,No
CUST00590,43.0,Female,0,110.76,345.55,One Year,Mailed Check,No,No,1,No,No,No
CUST00591,51.0,Female,10,60.43,7708.05,Month-to-Month,Credit Card,DSL,No,1,Yes,Yes,No
CUST00592,68.0,M,11,32.96,2092.74,Two Year,Electronic Check,No,Yes,1,No,No,No
CUST00593,58.0,male,14,55.42,7641.65,One Year,Mailed Check,Fiber Optic,No,1,Yes,Yes,No
CUST00594,24.0,Male,12,128.13,1269.99,Two Year,Electronic Check,DSL,No,1,Yes,No,No
CUST00595,21.0,Female,1,147.46,5230.37,One Year,Electronic Check,DSL,Yes,1,Yes,Yes,No
CUST00596,67.0,Male,11,84.2,7995.21,One Year,Credit Card,Fiber Optic,No,0,Yes,No,No
CUST00597,62.0,M,12,21.26,4272.39,Month-to-Month,Electronic Check,DSL,No,0,No,Yes,Yes
CUST00598,28.0,Female,8,38.21,6724.17,One Year,Credit Card,No,Yes,1,No,Yes,No
CUST00599,46.0,M,1,61.87,7245.95,One Year,Mailed Check,No,No,1,Yes,No,No
CUST00600,53.0,male,4,95.22,6633.72,Two Year,Mailed Check,Fiber Optic,Yes,0,No,Yes,Yes
CUST00601,42.0,M,12,29.76,8329.46,One Year,Electronic Check,No,Yes,0,Yes,Yes,No
CUST00602,38.0,M,7,142.64,4032.57,One Year,Credit Card,Fiber Optic,Yes,1,No,No,No
CUST00603,53.0,male,2,67.46,1574.67,Two Year,Credit Card,DSL,Yes,1,No,Yes,No
CUST00604,27.0,Male,5,138.64,449.34,Month-to-Month,Bank Transfer,No,Yes,1,Yes,Yes,No
CUST00605,54.0,male,3,121.47,2233.21,Month-to-Month,Bank Transfer,Fiber Optic,Yes,1,No,No,No
CUST00606,26.0,male,10,118.21,1305.91,One Year,Mailed Check,No,Yes,1,Yes,Yes,Yes
CUST00607,41.0,M,6,98.87,5030.38,One Year,Mailed Check,DSL,Yes,0,No,Yes,No
CUST00608,52.0,Male,9,101.48,1680.81,Two Year,Bank Transfer,DSL,Yes,1,No,Yes,No
CUST00609,66.0,Female,13,102.94,369.62,Month-to-Month,Credit Card,No,No,0,No,Yes,No
CUST00610,52.0,male,12,101.73,343.19,Month-to-Month,Electronic Check,DSL,No,0,Yes,No,No
CUST00611,65.0,Male,2,91.98,7487.49,Month-to-Month,Electronic Check,Fiber Optic,No,1,No,No,No
CUST00612,53.0,male,5,148.23,5331.22,Two Year,Credit Card,No,Yes,1,Yes,No,No
CUST00613,35.0,male,14,115.2,3235.61,Two Year,Mailed Check,No,Yes,0,Yes,No,No
CUST00614,66.0,male,11,121.0,8050.17,Two Year,Electronic Check,DSL,Yes,1,No,No,Yes
CUST00615,56.0,male,14,133.42,650.37,One Year,Credit Card,Fiber Optic,No,0,Yes,No,No
CUST00616,49.0,M,9,48.03,8823.29,Month-to-Month,Electronic Check,No,No,0,No,Yes,No
CUST00617,41.0,Male,8,30.89,5554.3,One Year,Credit Card,No,No,1,Yes,Yes,Yes
CUST00618,40.0,Male,10,82.78,1667.51,One Year,Bank Transfer,DSL,Yes,1,No,Yes,Yes
CUST00619,49.0,Male,9,86.83,6118.04,Two Year,Bank Transfer,DSL,Yes,1,Yes,No,No
CUST00620,54.0,male,0,127.79,6875.16,Month-to-Month,Electronic Check,Fiber Optic,No,0,Yes,No,Yes
CUST00621,29.0,M,2,77.69,3875.5,One Year,Electronic Check,Fiber Optic,No,0,Yes,Yes,No
CUST00622,66.0,male,1,94.21,7757.46,Month-to-Month,Electronic Check,DSL,Yes,0,Yes,Yes,No
CUST00623,30.0,male,7,88.52,1373.58,One Year,Electronic Check,Fiber Optic,No,1,No,No,No
CUST00624,40.0,Male,6,24.97,2523.96,Two Year,Bank Transfer,DSL,No,0,No,Yes,No
CUST00625,42.0,male,1,99.98,859.56,One Year,Bank Transfer,No,Yes,1,Yes,No,No
CUST00626,52.0,Female,5,127.65,1913.68,Two Year,Credit Card,DSL,No,1,Yes,Yes,No
CUST00627,58.0,male,14,40.48,2163.78,Month-to-Month,Electronic Check,DSL,Yes,0,Yes,No,No
CUST00628,47.0,Female,2,97.26,8260.35,One Year,Bank Transfer,DSL,Yes,1,Yes,Yes,No
CUST00629,34.0,male,7,97.17,721.43 ,One Year,Mailed Check,No,Yes,0,No,No,No
CUST00630,66.0,M,9,41.34,3858.19,Two Year,Credit Card,Fiber Optic,No,1,No,Yes,Yes
CUST00631,37.0,M,12,36.05,4800.94,Two Year,Credit Card,Fiber Optic,Yes,1,No,No,No
CUST00632,65.0,Male,2,147.41,8090.26 ,Month-to-Month,Credit Card,Fiber Optic,Yes,0,Yes,Yes,No
CUST00633,42.0,male,9,71.18,8979.31,Two Year,Mailed Check,DSL,Yes,1,No,Yes,Yes
CUST00634,39.0,Female,13,49.56,6785.43,Month-to-Month,Mailed Check,DSL,No,0,No,Yes,No
CUST00635,30.0,Female,8,42.27,8737.7,One Year,Mailed Check,Fiber Optic,No,1,Yes,No,Yes
CUST00636,36.0,male,0,106.79,7088.17,Month-to-Month,Bank Transfer,No,No,0,No,Yes,No
CUST00637,66.0,Female,4,99.23,8669.56,Month-to-Month,Mailed Check,No,Yes,0,Yes,Yes,Yes
CUST00638,53.0,M,2,103.66,6371.29,Month-to-Month,Credit Card,No,No,1,Yes,No,No
CUST00639,29.0,Female,5,31.44,736.28,One Year,Electronic Check,No,No,1,Yes,Yes,No
CUST00640,58.0,Male,9,136.16,3629.24,One Year,Credit Card,DSL,No,0,Yes,Yes,No
CUST00641,36.0,M,1,70.6,5826.44,Two Year,Credit Card,Fiber Optic,No,0,Yes,Yes,No
CUST00642,29.0,M,8,60.74,3169.45,Month-to-Month,Bank Transfer,No,Yes,0,Yes,Yes,No
CUST00643,26.0,M,5,80.11,2474.99,One Year,Credit Card,DSL,Yes,0,Yes,Yes,No
CUST00644,24.0,male,6,70.71,5205.05,Month-to-Month,Bank Transfer,DSL,Yes,1,No,Yes,Yes
CUST00645,45.0,male,4,132.27,8402.85,Month-to-Month,Bank Transfer,DSL,Yes,1,No,Yes,No
CUST00646,31.0,M,8,140.8,334.14,Month-to-Month,Electronic Check,Fiber Optic,Yes,1,Yes,No,No
CUST00647,48.0,male,0,59.45,6927.7,One Year,Credit Card,DSL,Yes,1,No,Yes,No
CUST00648,69.0,Female,4,132.31,6510.09,Month-to-Month,Electronic Check,Fiber Optic,No,1,No,No,No
CUST00649,,male,10,121.6,8676.3,Month-to-Month,Electronic Check,Fiber Optic,No,0,No,Yes,Yes
CUST00650,64.0,male,9,141.0,8377.79,Two Year,Credit Card,Fiber Optic,No,0,Yes,No,Yes
CUST00651,33.0,M,10,51.95,6864.85,Month-to-Month,Credit Card,Fiber Optic,No,1,No,No,No
CUST00652,22.0,Male,5,95.0,4693.27,Two Year,Mailed Check,DSL,Yes,1,Yes,Yes,No
CUST00653,52.0,Male,6,55.69,1854.32,Month-to-Month,Mailed Check,DSL,Yes,0,Yes,No,No
CUST00654,29.0,Male,11,127.13,4916.22,Two Year,Bank Transfer,DSL,No,1,Yes,Yes,No
CUST00655,42.0,Female,3,20.69,6892.86,One Year,Credit Card,No,No,1,Yes,No,No
CUST00656,69.0,male,11,93.43,8063.11,One Year,Bank Transfer,No,Yes,0,Yes,No,Yes
CUST00657,38.0,Male,12,64.1,7111.61,Month-to-Month,Electronic Check,Fiber Optic,No,1,Yes,No,Yes
CUST00658,53.0,M,0,61.95,1773.5,Two Year,Electronic Check,Fiber Optic,No,1,Yes,No,Yes
CUST00659,40.0,Male,14,103.84,5405.18,One Year,Mailed Check,Fiber Optic,No,1,No,Yes,No
CUST00660,33.0,Male,10,130.69,3002.92,Month-to-Month,Bank Transfer,Fiber Optic,Yes,1,No,Yes,No
CUST00661,56.0,male,7,99.2,102.67,Month-to-Month,Credit Card,Fiber Optic,Yes,0,Yes,No,No
CUST00662,62.0,male,9,130.91,1817.98,Two Year,Credit Card,No,Yes,1,No,No,Yes
CUST00663,59.0,male,3,54.4,1036.72,Two Year,Mailed Check,Fiber Optic,No,1,No,Yes,No
CUST00664,56.0,Female,2,87.54,7587.62,Month-to-Month,Mailed Check,DSL,Yes,0,Yes,No,No
CUST00665,31.0,Female,11,78.57,2341.39,Two Year,Bank Transfer,Fiber Optic,No,0,No,No,No
CUST00666,48.0,Male,6,21.51,2576.59,Two Year,Mailed Check,DSL,No,0,Yes,Yes,No
CUST00667,22.0,male,11,92.39,8640.23,One Year,Mailed Check,DSL,Yes,1,No,No,No
CUST00668,52.0,Male,1,106.0,3424.2,Two Year,Mailed Check,DSL,Yes,0,Yes,No,No
CUST00669,40.0,M,7,96.95,106.08,Month-to-Month,Electronic Check,DSL,Yes,0,Yes,No,Yes
CUST00670,46.0,M,13,115.72,2568.94,Two Year,Bank Transfer,Fiber Optic,Yes,1,No,Yes,No
CUST00671,60.0,male,5,94.27,1091.31,Month-to-Month,Credit Card,Fiber Optic,Yes,0,Yes,No,Yes
CUST00672,28.0,male,6,28.68,943.22,Month-to-Month,Credit Card,Fiber Optic,Yes,1,No,No,No
CUST00673,35.0,M,13,35.14,715.84,Two Year,Bank Transfer,Fiber Optic,Yes,1,Yes,Yes,No
CUST00674,64.0,male,4,97.54,5347.47,Two Year,Mailed Check,Fiber Optic,No,1,Yes,Yes,No
CUST00675,29.0,Female,8,55.75,1720.34,Two Year,Mailed Check,No,Yes,0,No,Yes,Yes
CUST00676,26.0,Female,4,30.35,3263.96,One Year,Credit Card,DSL,No,1,No,Yes,No
CUST00677,27.0,male,10,75.85,7760.92,One Year,Electronic Check,DSL,Yes,0,No,Yes,No
CUST00678,61.0,M,4,92.06,3830.56,Two Year,Bank Transfer,No,No,0,Yes,No,No
CUST00679,34.0,Male,2,62.74,8242.91,Month-to-Month,Mailed Check,No,No,1,No,No,No
CUST00680,55.0,male,10,113.66,4491.48,Two Year,Electronic Check,Fiber Optic,Yes,1,Yes,No,Yes
CUST00681,24.0,male,0,103.69,3601.55,One Year,Electronic Check,Fiber Optic,Yes,0,No,No,No
CUST00682,63.0,Male,1,63.27,6758.49,One Year,Mailed Check,DSL,Yes,1,No,No,Yes
CUST00683,30.0,male,7,118.13,677.11,Two Year,Bank Transfer,Fiber Optic,No,0,No,Yes,No
CUST00684,57.0,Male,14,104.33,823.52,Month-to-Month,Bank Transfer,DSL,Yes,0,No,Yes,Yes
CUST00685,,M,0,102.87,5874.72,Month-to-Month,Credit Card,Fiber Optic,Yes,0,No,Yes,Yes
CUST00686,26.0,Female,6,91.95,4392.73,One Year,Credit Card,Fiber Optic,No,0,Yes,Yes,No
CUST00687,67.0,M,13,21.48,7117.93,One Year,Bank Transfer,DSL,No,0,Yes,No,Yes
CUST00688,44.0,Female,13,110.55,8248.11,One Year,Mailed Check,No,No,0,No,Yes,No
CUST00689,19.0,Male,4,68.89,3507.53,Month-to-Month,Bank Transfer,No,No,1,No,No,No
CUST00690,22.0,Female,2,142.54,5375.76 ,One Year,Credit Card,Fiber Optic,No,0,No,No,No
CUST00691,46.0,M,11,126.34,4516.26,One Year,Credit Card,No,No,0,Yes,Yes,No
CUST00692,54.0,Female,11,96.4,8834.86,Month-to-Month,Credit Card,Fiber Optic,No,1,Yes,No,No
CUST00693,55.0,Male,14,52.78,7483.14,One Year,Bank Transfer,No,No,1,No,Yes,Yes
CUST00694,36.0,Female,10,46.48,8207.4,One Year,Bank Transfer,No,Yes,0,Yes,Yes,No
CUST00695,25.0,male,6,64.25,2303.97,Two Year,Mailed Check,DSL,Yes,0,Yes,Yes,No
CUST00696,65.0,M,8,81.95,6957.29,One Year,Credit Card,No,No,0,No,Yes,Yes
CUST00697,62.0,male,1,58.49,2403.95,Two Year,Electronic Check,Fiber Optic,No,1,Yes,Yes,No
CUST00698,18.0,Male,7,86.94,1894.51,One Year,Electronic Check,DSL,No,0,Yes,No,No
CUST00699,39.0,Female,8,41.5,8499.51,One Year,Mailed Check,No,No,0,Yes,No,No
CUST00700,69.0,male,10,147.1,193.35,Two Year,Mailed Check,DSL,No,1,Yes,No,Yes
CUST00701,34.0,male,2,34.03,8689.19,One Year,Credit Card,No,Yes,1,No,Yes,No
CUST00702,24.0,Female,1,141.15,1360.37,Two Year,Bank Transfer,Fiber Optic,No,1,Yes,No,No
CUST00703,42.0,Female,6,138.77,7378.55,One Year,Bank Transfer,Fiber Optic,No,0,Yes,No,Yes
CUST00704,,M,4,88.3,2497.78,Two Year,Electronic Check,DSL,Yes,1,Yes,No,No
CUST00705,21.0,male,4,114.24,3169.31,Two Year,Credit Card,No,No,0,No,Yes,No
CUST00706,53.0,male,9,76.69,,One Year,Electronic Check,No,No,1,No,Yes,No
CUST00707,23.0,Male,4,101.9,5277.92,One Year,Electronic Check,DSL,Yes,1,No,No,No
CUST00708,48.0,M,3,64.27,3145.9,Two Year,Credit Card,DSL,No,0,No,No,No
CUST00709,36.0,Male,12,59.15,5923.39,Month-to-Month,Mailed Check,Fiber Optic,No,0,No,No,No
CUST00710,61.0,male,4,95.17,160.51,One Year,Electronic Check,DSL,No,1,No,No,Yes
CUST00711,56.0,Male,12,84.76,598.09,One Year,Mailed Check,No,Yes,0,No,Yes,No
CUST00712,44.0,male,3,95.34,914.96,Month-to-Month,Bank Transfer,DSL,No,0,Yes,No,No
CUST00713,27.0,male,14,57.27,3782.56,Month-to-Month,Electronic Check,Fiber Optic,No,1,Yes,No,No
CUST00714,43.0,Male,12,67.7,7336.87,Two Year,Credit Card,DSL,Yes,0,Yes,No,No
CUST00715,36.0,Male,5,30.91,7995.84,One Year,Mailed Check,No,Yes,0,Yes,Yes,No
CUST00716,56.0,Female,3,26.8,2218.4,Two Year,Bank Transfer,DSL,No,1,No,Yes,No
CUST00717,20.0,Female,1,52.95,5177.84,One Year,Bank Transfer,DSL,No,0,Yes,No,No
CUST00718,62.0,Female,8,29.65,6919.92,Month-to-Month,Electronic Check,DSL,No,0,Yes,Yes,No
CUST00719,30.0,male,1,33.49,2613.69,Two Year,Bank Transfer,Fiber Optic,No,0,No,Yes,No
CUST00720,67.0,Male,8,125.68,3692.89,One Year,Credit Card,Fiber Optic,No,1,Yes,Yes,No
CUST00721,45.0,M,9,25.05,4725.29,One Year,Electronic Check,Fiber Optic,No,0,No,No,No
CUST00722,,male,5,105.66,1231.18,Month-to-Month,Bank Transfer,Fiber Optic,No,0,No,Yes,No
CUST00723,45.0,M,8,55.43,253.32,Month-to-Month,Credit Card,No,Yes,0,Yes,No,No
CUST00724,25.0,Male,8,133.3,1392.2,One Year,Mailed Check,No,Yes,0,Yes,Yes,No
CUST00725,58.0,male,2,83.05,5649.15,Month-to-Month,Mailed Check,Fiber Optic,No,0,No,Yes,Yes
CUST00726,56.0,M,0,59.72,681.09,Month-to-Month,Electronic Check,Fiber Optic,Yes,1,Yes,No,No
CUST00727,18.0,M,0,87.29,1723.47,Two Year,Credit Card,Fiber Optic,No,0,No,No,Yes
CUST00728,20.0,Female,2,69.65,3053.93,One Year,Bank Transfer,DSL,No,1,Yes,Yes,No
CUST00729,30.0,Female,4,93.36,719.27,Two Year,Electronic Check,No,No,0,Yes,Yes,No
CUST00730,45.0,Female,12,34.89,1741.46,Month-to-Month,Electronic Check,DSL,No,1,Yes,No,No
CUST00731,66.0,male,2,149.61,8203.2,One Year,Bank Transfer,Fiber Optic,Yes,0,No,Yes,Yes
CUST00732,42.0,Male,11,75.32,193.31,Month-to-Month,Credit Card,No,No,1,No,No,Yes
CUST00733,50.0,Male,8,65.27,5887.82,Month-to-Month,Bank Transfer,Fiber Optic,No,0,Yes,No,No
CUST00734,55.0,Female,8,112.33,3471.99,One Year,Mailed Check,DSL,No,0,Yes,No,No
CUST00735,23.0,Female,2,67.31,6060.39,Month-to-Month,Electronic Check,No,No,0,No,Yes,No
CUST00736,61.0,Female,2,128.33,5306.45,Two Year,Mailed Check,DSL,Yes,0,No,Yes,No
CUST00737,62.0,M,11,79.06,2027.02,One Year,Electronic Check,No,No,1,No,No,No
CUST00738,49.0,Female,13,113.54,7627.94 ,Month-to-Month,Bank Transfer,Fiber Optic,Yes,0,No,Yes,No
CUST00739,62.0,M,4,33.97,4437.62,Month-to-Month,Credit Card,No,Yes,0,Yes,No,Yes
CUST00740,64.0,Male,1,130.0,7406.37,Month-to-Month,Bank Transfer,DSL,No,0,No,Yes,No
CUST00741,38.0,male,5,115.64,3665.99,One Year,Mailed Check,DSL,No,0,No,Yes,No
CUST00742,33.0,male,6,47.52,8862.48,Two Year,Credit Card,DSL,No,1,No,Yes,No
CUST00743,38.0,male,12,38.89,6938.99,Month-to-Month,Credit Card,DSL,Yes,0,No,Yes,No
CUST00744,28.0,male,8,61.12,8694.23,Month-to-Month,Electronic Check,Fiber Optic,Yes,0,Yes,No,Yes
CUST00745,54.0,M,14,146.89,4638.65,Month-to-Month,Credit Card,DSL,No,0,Yes,Yes,No
CUST00746,53.0,M,5,53.39,4273.75,One Year,Electronic Check,Fiber Optic,No,0,Yes,No,No
CUST00747,52.0,Female,2,79.3,6803.98,Month-to-Month,Credit Card,No,Yes,1,No,Yes,No
CUST00748,36.0,M,11,23.9,7925.02,Month-to-Month,Credit Card,DSL,No,0,No,No,No
CUST00749,37.0,Female,4,71.64,8678.03,Month-to-Month,Electronic Check,No,Yes,1,Yes,Yes,No
CUST00750,35.0,Female,3,94.27,2934.48,One Year,Credit Card,No,Yes,0,Yes,No,No
CUST00751,64.0,male,14,143.91,7192.37,Two Year,Bank Transfer,Fiber Optic,Yes,1,No,Yes,No
CUST00752,58.0,M,4,87.18,1911.6 ,One Year,Credit Card,DSL,Yes,1,No,No,Yes
CUST00753,66.0,M,7,126.48,4919.26,Two Year,Mailed Check,Fiber Optic,No,0,Yes,Yes,No
CUST00754,31.0,Female,7,91.13,1635.04,Two Year,Electronic Check,DSL,No,0,No,Yes,No
CUST00755,32.0,Female,5,25.3,3139.63,One Year,Electronic Check,No,Yes,0,Yes,Yes,No
CUST00756,48.0,Male,0,60.95,8383.6,Month-to-Month,Bank Transfer,Fiber Optic,No,0,No,No,Yes
CUST00757,18.0,Male,7,94.82,1331.89,Two Year,Mailed Check,DSL,Yes,1,Yes,No,Yes
CUST00758,20.0,Female,7,143.58,5698.96,Month-to-Month,Credit Card,No,No,1,No,Yes,No
CUST00759,33.0,Male,1,131.69,5344.73,Two Year,Bank Transfer,Fiber Optic,Yes,1,No,No,No
CUST00760,40.0,Male,3,49.69,1104.23,Month-to-Month,Credit Card,Fiber Optic,No,1,No,Yes,No
CUST00761,28.0,Female,11,48.61,2947.29,Month-to-Month,Bank Transfer,Fiber Optic,No,0,Yes,Yes,No
CUST00762,29.0,Female,1,46.15,5075.57,One Year,Electronic Check,Fiber Optic,Yes,0,No,Yes,No
CUST00763,27.0,M,3,139.92,1700.86,Month-to-Month,Mailed Check,No,No,1,No,No,No
CUST00764,49.0,Female,11,130.85,7209.6,Two Year,Electronic Check,No,Yes,0,No,No,No
CUST00765,33.0,Female,12,120.73,8749.97,Month-to-Month,Bank Transfer,No,No,1,Yes,Yes,No
CUST00766,25.0,male,12,71.06,1948.54,Month-to-Month,Credit Card,No,Yes,1,No,No,No
CUST00767,55.0,M,9,85.57,1698.47,Month-to-Month,Mailed Check,DSL,No,1,Yes,No,Yes
CUST00768,29.0,M,6,80.36,4105.32,Two Year,Credit Card,No,No,0,No,Yes,No
CUST00769,41.0,M,8,52.94,6734.93,Two Year,Electronic Check,Fiber Optic,Yes,1,Yes,Yes,No
CUST00770,45.0,male,13,85.65,2548.77,Two Year,Credit Card,Fiber Optic,Yes,1,Yes,No,No
CUST00771,25.0,Female,13,23.96,198.52,Month-to-Month,Bank Transfer,Fiber Optic,No,1,No,Yes,No
CUST00772,45.0,M,7,37.14,4880.16,One Year,Mailed Check,Fiber Optic,No,0,Yes,Yes,Yes
CUST00773,53.0,M,14,135.26,8610.27,Two Year,Mailed Check,DSL,Yes,0,No,No,No
CUST00774,43.0,Male,11,117.72,3533.67,Month-to-Month,Mailed Check,Fiber Optic,Yes,1,No,No,No
CUST00775,25.0,M,8,74.97,3792.81,Two Year,Bank Transfer,Fiber Optic,Yes,0,No,No,Yes
CUST00776,67.0,Female,7,87.23,8720.74,One Year,Credit Card,Fiber Optic,Yes,0,No,Yes,No
CUST00777,45.0,Female,1,68.1,6257.58,Month-to-Month,Mailed Check,No,No,0,Yes,Yes,No
CUST00778,45.0,Male,6,116.3,6478.16,Two Year,Electronic Check,No,No,0,Yes,No,Yes
CUST00779,54.0,M,1,121.94,5073.06,Two Year,Electronic Check,DSL,No,1,Yes,No,No
CUST00780,58.0,M,12,119.23,8771.99,One Year,Electronic Check,DSL,No,1,Yes,Yes,No
CUST00781,53.0,M,11,113.94,6206.02,Two Year,Electronic Check,DSL,No,1,Yes,No,Yes
CUST00782,44.0,male,10,46.59,8057.39,Month-to-Month,Electronic Check,Fiber Optic,No,1,No,No,No
CUST00783,34.0,M,1,63.94,6300.42,Month-to-Month,Bank Transfer,DSL,Yes,0,No,Yes,Yes
CUST00784,26.0,Female,14,81.08,6621.34,One Year,Credit Card,No,No,1,Yes,Yes,No
CUST00785,50.0,Female,3,63.0,2627.89,One Year,Bank Transfer,No,Yes,0,Yes,No,No
CUST00786,37.0,male,0,118.14,2745.24,One Year,Electronic Check,No,Yes,1,No,No,No
CUST00787,30.0,male,14,62.82,7051.2,Month-to-Month,Electronic Check,Fiber Optic,Yes,1,Yes,Yes,No
CUST00788,45.0,M,4,37.97,2684.42,One Year,Mailed Check,Fiber Optic,Yes,0,Yes,Yes,Yes
CUST00789,65.0,Male,5,71.88,5073.68 ,Two Year,Mailed Check,DSL,No,1,Yes,Yes,No
CUST00790,46.0,male,8,147.39,2259.18,Two Year,Credit Card,DSL,Yes,0,Yes,Yes,No
CUST00791,30.0,male,9,49.36,7356.51,Month-to-Month,Credit Card,DSL,Yes,1,No,No,No
CUST00792,63.0,M,7,99.58,1012.3,Two Year,Credit Card,DSL,No,1,No,Yes,No
CUST00793,52.0,M,1,76.29,7468.43,One Year,Bank Transfer,Fiber Optic,Yes,0,Yes,Yes,No
CUST00794,23.0,male,0,29.23,,Two Year,Mailed Check,No,Yes,1,No,No,Yes
CUST00795,35.0,Male,1,83.42,1698.45,One Year,Credit Card,Fiber Optic,No,0,Yes,No,Yes
CUST00796,68.0,male,6,111.28,4887.48,Two Year,Mailed Check,DSL,Yes,0,No,No,Yes
CUST00797,22.0,M,3,86.72,2556.84,Month-to-Month,Mailed Check,Fiber Optic,No,1,Yes,Yes,No
CUST00798,64.0,M,9,133.37,2924.74,One Year,Mailed Check,No,No,1,No,No,Yes
CUST00799,42.0,male,4,57.56,3176.72,Two Year,Mailed Check,Fiber Optic,No,0,No,Yes,No
CUST00800,19.0,Male,11,31.21,588.61,Month-to-Month,Mailed Check,No,No,1,No,Yes,No
CUST00801,27.0,male,6,141.75,8873.94,Two Year,Mailed Check,DSL,No,1,Yes,No,No
CUST00802,47.0,male,2,69.17,303.18,Month-to-Month,Bank Transfer,Fiber Optic,Yes,0,No,Yes,Yes
CUST00803,67.0,M,9,94.93,5969.22,Two Year,Electronic Check,DSL,No,0,No,No,No
CUST00804,62.0,Male,1,122.96,3353.62,One Year,Mailed Check,DSL,No,1,Yes,No,No
CUST00805,22.0,Female,12,62.16,5821.17,One Year,Bank Transfer,No,No,0,Yes,Yes,No
CUST00806,50.0,Male,6,113.1,3219.11,One Year,Credit Card,No,No,1,Yes,Yes,No
CUST00807,18.0,male,4,37.6,6070.28,One Year,Bank Transfer,DSL,No,1,Yes,Yes,Yes
CUST00808,35.0,male,13,57.87,6568.53,One Year,Bank Transfer,No,Yes,1,Yes,No,Yes
CUST00809,49.0,male,14,38.81,6221.16,Two Year,Bank Transfer,No,Yes,0,No,No,No
CUST00810,64.0,Male,0,125.46,1043.38,Two Year,Mailed Check,DSL,No,0,Yes,No,No
CUST00811,66.0,M,0,48.94,5918.9,Two Year,Credit Card,DSL,Yes,1,Yes,Yes,No
CUST00812,28.0,male,8,113.26,2534.29,Two Year,Bank Transfer,No,No,0,No,No,No
CUST00813,38.0,male,4,142.63,278.64,One Year,Credit Card,DSL,No,0,Yes,No,Yes
CUST00814,43.0,Male,0,88.61,3745.18,Month-to-Month,Bank Transfer,DSL,No,0,Yes,No,No
CUST00815,42.0,Female,6,90.2,3913.22,One Year,Mailed Check,No,Yes,0,No,Yes,No
CUST00816,39.0,Female,8,79.93,4215.22,Two Year,Bank Transfer,Fiber Optic,No,0,No,Yes,No
CUST00817,44.0,M,10,62.37,6349.32,One Year,Bank Transfer,Fiber Optic,No,1,Yes,Yes,Yes
CUST00818,66.0,M,0,81.84,2793.42,One Year,Credit Card,DSL,Yes,0,Yes,No,No
CUST00819,30.0,male,9,98.36,2851.22,One Year,Credit Card,No,No,0,No,No,No
CUST00820,50.0,Male,13,148.18,563.76,Month-to-Month,Credit Card,DSL,Yes,0,Yes,Yes,Yes
CUST00821,51.0,male,12,141.91,6187.65,One Year,Electronic Check,No,Yes,1,No,Yes,No
CUST00822,58.0,M,3,132.08,5119.08,One Year,Credit Card,DSL,No,1,No,No,No
CUST00823,52.0,Male,13,135.59,3157.84,Month-to-Month,Bank Transfer,DSL,Yes,0,No,No,Yes
CUST00824,18.0,Male,2,80.82,6352.6,One Year,Electronic Check,No,No,1,Yes,No,No
CUST00825,38.0,M,4,105.47,4845.47,One Year,Credit Card,DSL,Yes,0,Yes,Yes,No
CUST00826,65.0,Female,6,136.36,4233.82,One Year,Mailed Check,Fiber Optic,Yes,1,Yes,Yes,No
CUST00827,23.0,Female,7,71.08,4611.69,One Year,Credit Card,Fiber Optic,Yes,1,No,Yes,No
CUST00828,45.0,Male,12,145.03,5734.41,One Year,Mailed Check,No,No,0,Yes,Yes,No
CUST00829,34.0,male,1,74.05,5946.82,Two Year,Electronic Check,DSL,Yes,1,Yes,No,No
CUST00830,22.0,Female,6,98.14,2614.84,One Year,Mailed Check,Fiber Optic,No,0,No,No,No
CUST00831,48.0,male,13,112.27,1283.88,Month-to-Month,Electronic Check,No,No,0,Yes,No,Yes
CUST00832,22.0,Female,13,143.58,,One Year,Mailed Check,No,No,1,Yes,Yes,Yes
CUST00833,55.0,Female,0,51.8,5761.73,Two Year,Credit Card,No,Yes,1,No,Yes,No
CUST00834,20.0,male,6,117.0,7858.4,Month-to-Month,Electronic Check,Fiber Optic,Yes,1,No,No,Yes
CUST00835,40.0,M,7,87.71,3697.28,Month-to-Month,Bank Transfer,Fiber Optic,No,0,No,Yes,No
CUST00836,54.0,Female,1,54.91,1542.29,One Year,Bank Transfer,Fiber Optic,No,0,Yes,Yes,No
CUST00837,54.0,Female,8,120.96,6814.29,Two Year,Bank Transfer,Fiber Optic,No,0,Yes,No,No
CUST00838,27.0,male,0,91.79,7495.76,One Year,Credit Card,DSL,No,1,Yes,Yes,No
CUST00839,27.0,M,12,105.93,7927.63,Two Year,Bank Transfer,Fiber Optic,No,1,No,Yes,No
CUST00840,36.0,Female,5,61.98,5469.35,Two Year,Electronic Check,No,No,1,Yes,No,Yes
CUST00841,34.0,Female,0,82.57,7749.34,One Year,Bank Transfer,DSL,Yes,1,Yes,No,Yes
CUST00842,38.0,M,2,100.26,158.43,Two Year,Electronic Check,Fiber Optic,No,0,Yes,No,No
CUST00843,31.0,Female,10,72.64,982.98,One Year,Bank Transfer,DSL,No,1,No,Yes,No
CUST00844,26.0,M,5,45.79,851.33,Two Year,Mailed Check,No,No,0,Yes,No,Yes
CUST00845,63.0,M,2,962.2869518127546,6419.19,Month-to-Month,Electronic Check,Fiber Optic,No,0,No,No,No
CUST00846,18.0,male,7,86.49,644.84,One Year,Bank Transfer,DSL,Yes,0,Yes,Yes,No
CUST00847,68.0,Male,4,115.41,4477.35,Two Year,Bank Transfer,Fiber Optic,Yes,1,No,Yes,No
CUST00848,62.0,M,1,73.44,4264.91,Month-to-Month,Bank Transfer,DSL,No,1,No,No,Yes
CUST00849,30.0,male,3,66.17,2810.12,Month-to-Month,Electronic Check,DSL,No,1,Yes,No,Yes
CUST00850,21.0,Male,8,72.93,7836.24,Month-to-Month,Electronic Check,No,No,1,Yes,Yes,No
CUST00851,18.0,Female,3,73.2,1550.49,Month-to-Month,Bank Transfer,No,Yes,1,No,Yes,No
CUST00852,66.0,Male,9,90.74,3185.12,One Year,Mailed Check,Fiber Optic,Yes,1,No,Yes,No
CUST00853,57.0,M,9,90.65,6972.06,Two Year,Electronic Check,Fiber Optic,Yes,1,Yes,No,No
CUST00854,49.0,M,7,84.63,293.19,Month-to-Month,Electronic Check,DSL,No,1,No,Yes,Yes
CUST00855,51.0,M,4,37.52,6063.09,Two Year,Mailed Check,No,Yes,1,No,No,No
CUST00856,45.0,M,10,84.49,7351.25,Two Year,Credit Card,No,No,1,No,No,No
CUST00857,48.0,M,10,41.98,,Two Year,Mailed Check,DSL,No,1,Yes,No,No
CUST00858,25.0,male,9,36.4,7889.14,One Year,Bank Transfer,No,No,1,No,Yes,Yes
CUST00859,56.0,M,12,141.24,2888.07,One Year,Electronic Check,No,No,1,Yes,Yes,No
CUST00860,43.0,male,12,98.64,5285.55,Month-to-Month,Electronic Check,DSL,No,1,Yes,No,No
CUST00861,51.0,Female,13,105.73,714.1,Two Year,Electronic Check,Fiber Optic,Yes,0,Yes,No,No
CUST00862,20.0,M,14,72.23,2335.67,One Year,Electronic Check,Fiber Optic,Yes,0,No,Yes,No
CUST00863,67.0,M,0,138.17,866.12,One Year,Credit Card,Fiber Optic,Yes,0,No,No,Yes
CUST00864,29.0,Male,6,102.93,2850.38,One Year,Electronic Check,DSL,No,1,No,Yes,Yes
CUST00865,18.0,Female,2,119.99,7879.18,Month-to-Month,Electronic Check,Fiber Optic,Yes,0,Yes,No,No
CUST00866,61.0,M,9,67.91,3137.56,One Year,Credit Card,DSL,No,1,Yes,Yes,No
CUST00867,22.0,M,7,144.8,,Two Year,Bank Transfer,DSL,No,1,Yes,No,No
CUST00868,47.0,Female,13,126.66,3911.76,One Year,Bank Transfer,No,No,0,Yes,No,No
CUST00869,47.0,male,11,131.01,4141.07,One Year,Credit Card,No,Yes,1,Yes,No,No
CUST00870,34.0,M,2,42.39,8726.76,Month-to-Month,Bank Transfer,Fiber Optic,Yes,1,Yes,Yes,No
CUST00871,65.0,Male,0,55.23,2679.47,Two Year,Bank Transfer,DSL,Yes,1,Yes,Yes,No
CUST00872,64.0,M,4,57.13,5653.37,One Year,Mailed Check,Fiber Optic,Yes,1,Yes,Yes,No
CUST00873,40.0,Male,1,55.22,3792.16,Two Year,Mailed Check,Fiber Optic,No,0,No,No,No
CUST00874,32.0,Male,10,131.2,569.09,Two Year,Mailed Check,No,No,1,No,No,No
CUST00875,54.0,M,3,24.15,4414.19,One Year,Credit Card,Fiber Optic,No,0,No,Yes,Yes
CUST00876,38.0,M,0,29.89,7323.82,Month-to-Month,Electronic Check,Fiber Optic,No,0,No,Yes,Yes
CUST00877,31.0,Male,8,55.61,906.8,Two Year,Credit Card,No,No,1,Yes,Yes,No
CUST00878,19.0,Female,5,45.98,644.93,One Year,Credit Card,Fiber Optic,Yes,0,No,No,No
CUST00879,28.0,Female,7,50.14,1399.61,Two Year,Credit Card,Fiber Optic,Yes,1,Yes,Yes,No
CUST00880,68.0,M,10,123.73,,Two Year,Credit Card,DSL,No,1,No,Yes,No
CUST00881,56.0,male,3,93.21,6521.48,Two Year,Mailed Check,Fiber Optic,No,0,Yes,No,No
CUST00882,55.0,Female,8,20.75,5093.86,One Year,Credit Card,No,No,0,No,Yes,No
CUST00883,51.0,M,1,75.81,4224.67,Two Year,Mailed Check,No,No,0,No,Yes,No
CUST00884,55.0,Female,8,73.03,7997.17,Two Year,Electronic Check,DSL,No,1,No,Yes,Yes
CUST00885,67.0,male,11,34.81,6904.95,Month-to-Month,Bank Transfer,No,Yes,0,Yes,Yes,No
CUST00886,51.0,M,4,107.9,7311.24,One Year,Mailed Check,No,No,0,No,Yes,No
CUST00887,35.0,male,12,111.27,7323.1,One Year,Credit Card,No,Yes,0,No,No,No
CUST00888,47.0,M,5,113.72,5791.6,Two Year,Electronic Check,Fiber Optic,Yes,1,No,Yes,No
CUST00889,32.0,male,2,114.7,4132.97,Month-to-Month,Credit Card,DSL,No,1,No,Yes,Yes
CUST00890,44.0,Female,3,20.01,7784.81,Two Year,Electronic Check,DSL,No,0,No,Yes,No
CUST00891,68.0,Female,5,144.01,8335.55,Two Year,Bank Transfer,DSL,Yes,0,Yes,Yes,Yes
CUST00892,51.0,male,6,125.85,233.78,One Year,Electronic Check,DSL,Yes,0,Yes,No,No
CUST00893,69.0,male,0,137.52,482.96,Month-to-Month,Electronic Check,No,Yes,1,No,Yes,No
CUST00894,55.0,male,6,22.03,8629.51,Two Year,Bank Transfer,Fiber Optic,No,1,Yes,No,Yes
CUST00895,50.0,M,0,141.4,2508.9,One Year,Bank Transfer,No,Yes,1,No,Yes,Yes
CUST00896,41.0,Female,4,125.27,7862.86,Two Year,Electronic Check,No,No,1,No,Yes,Yes
CUST00897,32.0,M,5,128.84,3511.38,Two Year,Credit Card,No,Yes,1,No,Yes,No
CUST00898,47.0,Female,12,32.13,1089.52,Month-to-Month,Mailed Check,No,No,0,No,No,Yes
CUST00899,59.0,Male,1,116.04,742.38,Month-to-Month,Credit Card,DSL,No,0,Yes,Yes,Yes
CUST00900,68.0,M,14,144.79,1425.44,Month-to-Month,Mailed Check,DSL,Yes,1,No,Yes,Yes
CUST00901,34.0,Female,14,108.21,2264.04,Two Year,Bank Transfer,Fiber Optic,No,1,No,Yes,No
CUST00902,22.0,Female,12,94.17,4406.89,Month-to-Month,Credit Card,No,No,0,Yes,Yes,No
CUST00903,46.0,M,9,142.93,6319.45,One Year,Bank Transfer,DSL,Yes,0,No,Yes,No
CUST00904,21.0,M,8,77.58,8877.86,Two Year,Electronic Check,Fiber Optic,No,0,No,No,No
CUST00905,27.0,Female,13,97.91,3984.73,Month-to-Month,Electronic Check,No,Yes,0,Yes,Yes,No
CUST00906,34.0,M,9,81.92,4673.3,Two Year,Credit Card,No,Yes,0,Yes,No,No
CUST00907,27.0,male,5,141.27,,Two Year,Bank Transfer,DSL,Yes,0,No,No,Yes
CUST00908,34.0,M,6,29.89,4864.12,One Year,Credit Card,No,No,0,No,No,No
CUST00909,37.0,M,13,85.15,4669.31,One Year,Credit Card,No,No,0,No,Yes,No
CUST00910,41.0,M,14,109.3,98.8,One Year,Mailed Check,DSL,Yes,0,Yes,No,No
CUST00911,22.0,Female,9,122.95,35.49,Two Year,Electronic Check,Fiber Optic,No,0,No,Yes,No
CUST00912,51.0,male,14,95.79,897.04,Two Year,Credit Card,Fiber Optic,Yes,0,No,No,No
CUST00913,23.0,Male,7,138.16,931.98,One Year,Electronic Check,DSL,Yes,1,No,Yes,No
CUST00914,19.0,Male,10,142.46,6349.97,Two Year,Mailed Check,DSL,Yes,1,No,Yes,No
CUST00915,30.0,male,14,28.36,1860.15,One Year,Bank Transfer,Fiber Optic,No,1,Yes,Yes,No
CUST00916,60.0,male,12,72.31,8054.53,One Year,Credit Card,Fiber Optic,No,0,Yes,Yes,No
CUST00917,60.0,male,9,23.05,8358.88,Month-to-Month,Electronic Check,DSL,No,0,No,Yes,No
CUST00918,65.0,Female,0,62.82,8783.52,One Year,Credit Card,DSL,Yes,1,Yes,No,No
CUST00919,28.0,Male,13,89.79,8452.95,Month-to-Month,Bank Transfer,DSL,Yes,1,No,Yes,No
CUST00920,68.0,male,7,138.4,2461.56,One Year,Credit Card,No,No,0,Yes,No,Yes
CUST00921,64.0,Female,3,130.05,4597.8,Two Year,Credit Card,DSL,No,0,Yes,Yes,No
CUST00922,40.0,Male,9,36.57,1595.59,Month-to-Month,Electronic Check,No,Yes,0,Yes,Yes,No
CUST00923,33.0,M,7,32.09,7259.76,Two Year,Bank Transfer,Fiber Optic,Yes,1,No,Yes,No
CUST00924,48.0,Female,12,96.6,7998.12,Two Year,Mailed Check,Fiber Optic,Yes,0,No,Yes,No
CUST00925,28.0,Male,14,89.18,7664.57,One Year,Bank Transfer,DSL,Yes,0,Yes,Yes,No
CUST00926,33.0,Female,5,54.63,3911.64,One Year,Bank Transfer,DSL,No,0,No,Yes,No
CUST00927,25.0,Male,10,136.93,6832.89,Two Year,Mailed Check,Fiber Optic,No,0,Yes,Yes,Yes
CUST00928,21.0,Male,8,140.56,896.26,One Year,Credit Card,Fiber Optic,Yes,1,No,Yes,No
CUST00929,57.0,M,10,72.34,381.4,One Year,Electronic Check,Fiber Optic,Yes,1,Yes,Yes,Yes
CUST00930,21.0,Female,3,135.74,6784.06,One Year,Credit Card,Fiber Optic,No,0,Yes,No,No
CUST00931,42.0,male,1,69.91,3839.69,Two Year,Credit Card,DSL,Yes,1,No,No,No
CUST00932,20.0,M,13,115.79,8960.03,Month-to-Month,Mailed Check,No,Yes,1,No,No,No
CUST00933,49.0,M,1,81.87,893.34,Month-to-Month,Mailed Check,Fiber Optic,No,0,Yes,Yes,No
CUST00934,20.0,Male,4,35.94,7703.54,Two Year,Credit Card,Fiber Optic,No,1,No,No,Yes
CUST00935,,male,9,140.63,4330.25,One Year,Bank Transfer,No,No,0,Yes,Yes,No
CUST00936,46.0,Female,8,79.03,7447.81,One Year,Electronic Check,DSL,Yes,0,Yes,Yes,Yes
CUST00937,49.0,male,11,115.48,7357.8,Month-to-Month,Bank Transfer,No,Yes,1,No,Yes,No
CUST00938,67.0,male,2,67.73,8245.61,Two Year,Credit Card,DSL,No,0,No,No,No
CUST00939,68.0,male,7,22.45,2694.69,Two Year,Credit Card,DSL,No,0,No,No,No
CUST00940,36.0,male,3,33.07,8549.2,One Year,Electronic Check,DSL,Yes,0,No,Yes,No
CUST00941,38.0,male,5,84.51,1381.97,One Year,Bank Transfer,DSL,Yes,0,Yes,Yes,No
CUST00942,22.0,Male,9,109.7,756.08,One Year,Credit Card,DSL,Yes,1,Yes,No,No
CUST00943,35.0,Male,5,63.52,3895.91,Two Year,Credit Card,Fiber Optic,No,0,Yes,No,No
CUST00944,45.0,M,2,110.41,7458.34,Month-to-Month,Mailed Check,DSL,No,1,No,No,Yes
CUST00945,59.0,Male,13,110.82,4271.32,Two Year,Electronic Check,Fiber Optic,Yes,1,No,No,Yes
CUST00946,39.0,M,4,111.51,7466.99,Two Year,Mailed Check,DSL,No,1,Yes,No,No
CUST00947,38.0,M,11,84.03,6572.59,Two Year,Mailed Check,Fiber Optic,No,0,No,No,No
CUST00948,23.0,Female,2,138.94,1900.67,Month-to-Month,Mailed Check,No,No,1,No,No,No
CUST00949,18.0,male,10,83.6,8540.96,One Year,Credit Card,No,Yes,1,No,No,No
CUST00950,22.0,Male,14,78.53,565.81,One Year,Bank Transfer,Fiber Optic,Yes,1,Yes,No,No
CUST00951,58.0,Female,10,45.92,8086.55,Two Year,Mailed Check,DSL,No,1,Yes,Yes,No
CUST00952,29.0,Male,14,60.0,2753.9,Two Year,Bank Transfer,Fiber Optic,Yes,1,No,Yes,Yes
CUST00953,43.0,M,0,25.5,4511.33,Month-to-Month,Credit Card,Fiber Optic,No,1,Yes,Yes,No
CUST00954,63.0,Male,6,102.36,3812.72,Month-to-Month,Mailed Check,DSL,No,1,Yes,Yes,No
CUST00955,51.0,male,3,52.31,1563.07,One Year,Credit Card,No,Yes,0,Yes,No,Yes
CUST00956,66.0,M,13,59.54,3236.16,Two Year,Mailed Check,Fiber Optic,No,0,Yes,Yes,No
CUST00957,31.0,M,6,120.21,1752.55,Month-to-Month,Mailed Check,No,No,1,Yes,Yes,No
CUST00958,43.0,Female,2,62.54,1850.9,Month-to-Month,Credit Card,No,No,1,No,Yes,No
CUST00959,62.0,male,11,51.49,1699.77,Two Year,Electronic Check,No,No,0,Yes,No,Yes
CUST00960,44.0,M,14,41.98,4411.38,Two Year,Electronic Check,Fiber Optic,No,1,No,No,No
CUST00961,26.0,male,14,120.73,7185.42,Two Year,Bank Transfer,Fiber Optic,No,1,No,No,No
CUST00962,43.0,Male,10,36.86,5129.35,Two Year,Bank Transfer,DSL,Yes,0,Yes,Yes,No
CUST00963,64.0,male,4,78.99,8041.0,Two Year,Credit Card,DSL,No,1,Yes,Yes,No
CUST00964,39.0,M,4,85.9,5736.17,Two Year,Credit Card,Fiber Optic,Yes,1,Yes,Yes,Yes
CUST00965,64.0,Female,14,109.36,,Month-to-Month,Credit Card,DSL,Yes,1,Yes,Yes,Yes
CUST00966,47.0,M,12,102.33,6015.11,Two Year,Electronic Check,No,Yes,1,No,No,No
CUST00967,60.0,male,1,125.39,4056.14,One Year,Electronic Check,No,Yes,0,No,No,Yes
CUST00968,65.0,male,10,25.82,6210.26,Two Year,Mailed Check,Fiber Optic,Yes,1,No,Yes,No
CUST00969,34.0,M,9,58.54,645.98,One Year,Mailed Check,No,No,1,Yes,Yes,No
CUST00970,43.0,male,11,56.42,7741.47,One Year,Credit Card,Fiber Optic,No,0,No,No,Yes
CUST00971,53.0,Male,1,38.98,7004.75,One Year,Credit Card,Fiber Optic,Yes,0,No,Yes,No
CUST00972,18.0,M,3,57.59,2222.17,Two Year,Bank Transfer,Fiber Optic,No,1,Yes,No,No
CUST00973,25.0,Female,14,60.27,6916.93,Two Year,Electronic Check,No,Yes,1,Yes,No,No
CUST00974,66.0,M,3,87.84,133.53,One Year,Credit Card,Fiber Optic,No,1,Yes,No,No
CUST00975,52.0,Male,3,106.28,1970.87,Two Year,Electronic Check,Fiber Optic,Yes,1,No,Yes,No
CUST00976,69.0,Male,5,69.54,604.93,Month-to-Month,Credit Card,DSL,Yes,1,Yes,No,Yes
CUST00977,32.0,Male,1,113.53,7026.44,Month-to-Month,Mailed Check,No,Yes,1,No,Yes,No
CUST00978,64.0,Male,5,63.7,6807.75,Month-to-Month,Credit Card,Fiber Optic,No,1,Yes,Yes,No
CUST00979,39.0,Male,6,57.74,7326.45,Month-to-Month,Mailed Check,DSL,No,0,No,No,Yes
CUST00980,31.0,Female,10,90.35,60.25,Two Year,Bank Transfer,Fiber Optic,Yes,0,No,Yes,Yes
CUST00981,43.0,male,9,23.08,4521.07,One Year,Bank Transfer,No,Yes,1,Yes,Yes,No
CUST00982,45.0,Male,2,30.37,6349.43,Two Year,Bank Transfer,DSL,No,1,No,No,No
CUST00983,40.0,Male,10,74.34,1415.5,Month-to-Month,Credit Card,DSL,No,1,Yes,Yes,Yes
CUST00984,31.0,M,11,142.58,5855.12,Two Year,Bank Transfer,Fiber Optic,Yes,1,Yes,Yes,Yes
CUST00985,41.0,Female,7,113.8,775.31,Two Year,Credit Card,Fiber Optic,Yes,1,Yes,Yes,Yes
CUST00986,19.0,Female,1,31.46,1648.31,Month-to-Month,Electronic Check,No,Yes,1,No,Yes,No
CUST00987,62.0,male,10,130.02,4292.66,One Year,Mailed Check,No,No,0,No,Yes,No
CUST00988,43.0,Female,7,115.2,5889.02,Two Year,Electronic Check,Fiber Optic,Yes,0,No,Yes,No
CUST00989,31.0,M,12,99.42,1329.9,Two Year,Credit Card,DSL,No,1,Yes,Yes,No
CUST00990,68.0,M,10,126.64,1683.31,Month-to-Month,Bank Transfer,No,No,1,No,Yes,No
CUST00991,24.0,male,4,72.53,1855.93,One Year,Mailed Check,No,Yes,1,No,Yes,No
CUST00992,20.0,M,1,48.8,2163.53,Month-to-Month,Bank Transfer,DSL,No,0,Yes,Yes,No
CUST00993,64.0,Male,6,86.56,2054.45,Month-to-Month,Electronic Check,Fiber Optic,Yes,0,Yes,No,Yes
CUST00994,40.0,Male,13,91.35,,Two Year,Credit Card,No,Yes,0,Yes,Yes,No
CUST00995,63.0,M,1,89.98,5891.03,One Year,Mailed Check,DSL,No,1,Yes,No,Yes
CUST00996,60.0,male,13,93.46,3953.53,Month-to-Month,Mailed Check,No,Yes,0,Yes,Yes,No
CUST00997,64.0,Female,5,143.33,6988.25,Two Year,Credit Card,DSL,No,1,Yes,Yes,No
CUST00998,62.0,male,9,137.29,6479.03,Month-to-Month,Credit Card,No,No,1,Yes,Yes,No
CUST00999,35.0,Female,2,133.84,1156.21,Two Year,Mailed Check,Fiber Optic,Yes,1,No,No,No
CUST01000,55.0,M,8,124.18,458.6,One Year,Electronic Check,DSL,No,1,Yes,Yes,Yes
CUST01001,52.0,M,2,142.65,7903.92,Month-to-Month,Electronic Check,No,No,0,Yes,Yes,Yes
CUST01002,68.0,Male,10,32.8,736.88,One Year,Bank Transfer,No,Yes,1,Yes,Yes,No
CUST01003,32.0,Female,14,54.47,1352.09,One Year,Mailed Check,DSL,No,1,Yes,Yes,No
CUST01004,42.0,male,11,84.36,218.76,Two Year,Credit Card,DSL,Yes,0,Yes,No,No
CUST01005,54.0,M,11,130.05,5662.46,Month-to-Month,Credit Card,Fiber Optic,Yes,1,No,Yes,No
CUST01006,45.0,male,2,85.67,5249.69,Month-to-Month,Credit Card,DSL,No,1,Yes,No,No
CUST01007,,Male,4,117.24,8882.39,Two Year,Credit Card,No,No,1,No,Yes,No
CUST01008,56.0,Female,6,38.06,7984.65,Two Year,Mailed Check,Fiber Optic,Yes,0,No,Yes,No
CUST01009,,Female,13,52.81,3709.37,One Year,Electronic Check,DSL,No,1,Yes,No,No
CUST01010,56.0,M,7,115.13,3356.84,Month-to-Month,Bank Transfer,No,Yes,1,Yes,No,No
CUST01011,39.0,Female,11,41.42,2685.73 ,Month-to-Month,Electronic Check,DSL,No,0,Yes,Yes,Yes
CUST01012,43.0,M,10,65.68,1388.61,Two Year,Bank Transfer,No,Yes,1,No,No,No
CUST01013,61.0,Male,6,54.43,1259.99,Two Year,Credit Card,No,Yes,1,Yes,Yes,No
CUST01014,42.0,Female,8,65.48,1207.91,Two Year,Credit Card,Fiber Optic,No,1,No,Yes,No
CUST01015,34.0,M,4,112.08,1044.75,Month-to-Month,Mailed Check,Fiber Optic,No,1,No,Yes,No
CUST01016,30.0,male,9,67.82,2179.8,Month-to-Month,Credit Card,DSL,No,0,Yes,No,No
CUST01017,37.0,M,10,92.18,2773.88,One Year,Mailed Check,Fiber Optic,Yes,0,Yes,No,Yes
CUST01018,42.0,Female,14,32.99,8654.98,Two Year,Mailed Check,DSL,Yes,1,No,Yes,No
CUST01019,21.0,Male,2,124.65,5214.69,One Year,Mailed Check,Fiber Optic,No,0,No,Yes,No
CUST01020,27.0,Female,5,68.09,8888.61,Month-to-Month,Credit Card,Fiber Optic,No,1,Yes,Yes,No
CUST01021,20.0,Female,4,104.31,3364.75,One Year,Credit Card,DSL,Yes,1,Yes,No,No
CUST01022,58.0,M,11,114.3,4129.49,One Year,Electronic Check,Fiber Optic,No,0,No,No,No
CUST01023,62.0,male,3,47.26,2934.72,One Year,Bank Transfer,Fiber Optic,No,1,No,Yes,Yes
CUST01024,35.0,Female,11,135.01,1662.33,Two Year,Electronic Check,Fiber Optic,Yes,1,Yes,Yes,No
CUST01025,64.0,male,1,100.11,1305.62,Month-to-Month,Credit Card,Fiber Optic,No,1,No,No,Yes
CUST01026,53.0,M,6,75.73,8506.81,Two Year,Bank Transfer,DSL,Yes,1,Yes,No,No
CUST01027,64.0,male,12,43.7,8881.56,One Year,Mailed Check,No,Yes,0,Yes,No,Yes
CUST01028,39.0,M,4,142.5,423.29,Two Year,Bank Transfer,DSL,No,0,Yes,No,No
CUST01029,51.0,Male,3,118.16,1370.11,Month-to-Month,Mailed Check,DSL,No,0,No,Yes,Yes
CUST01030,64.0,male,11,47.04,3823.25,Month-to-Month,Credit Card,DSL,No,0,No,No,No
CUST01031,25.0,male,13,63.9,1693.27,One Year,Bank Transfer,Fiber Optic,Yes,0,No,No,Yes
CUST01032,57.0,Male,7,125.26,3287.65,One Year,Mailed Check,Fiber Optic,Yes,1,Yes,Yes,No
CUST01033,66.0,male,8,110.44,1179.29,Two Year,Electronic Check,No,Yes,0,Yes,No,No
CUST01034,61.0,Male,8,119.55,4119.48,Month-to-Month,Electronic Check,Fiber Optic,No,0,Yes,No,No
CUST01035,36.0,Female,2,77.36,2459.82,Month-to-Month,Mailed Check,No,Yes,1,No,Yes,No
CUST01036,59.0,M,2,113.14,3180.11,Two Year,Electronic Check,No,Yes,1,Yes,Yes,Yes
CUST01037,58.0,Male,4,70.24,866.93,Month-to-Month,Electronic Check,Fiber Optic,Yes,1,Yes,Yes,No
CUST01038,54.0,male,4,47.46,3864.59,One Year,Bank Transfer,No,No,1,Yes,Yes,No
CUST01039,23.0,Male,9,102.25,8849.65,One Year,Electronic Check,DSL,Yes,1,No,No,No
CUST01040,69.0,male,1,146.88,2972.92,Two Year,Bank Transfer,DSL,No,0,No,Yes,No
CUST01041,43.0,Female,0,60.38,7890.33,Two Year,Credit Card,DSL,No,0,No,Yes,No
CUST01042,51.0,Male,7,79.93,7591.93,Two Year,Electronic Check,No,Yes,0,No,No,No
CUST01043,62.0,Female,2,107.62,8569.48,One Year,Credit Card,No,Yes,1,No,Yes,No
CUST01044,23.0,M,0,90.4,7115.18,Two Year,Electronic Check,DSL,Yes,0,No,Yes,Yes
CUST01045,54.0,male,0,129.65,5943.18,Month-to-Month,Mailed Check,Fiber Optic,No,1,No,Yes,No
CUST01046,50.0,male,10,119.03,7712.13,Two Year,Mailed Check,DSL,No,0,Yes,No,No
CUST01047,39.0,Female,14,27.58,699.29,Month-to-Month,Credit Card,Fiber Optic,No,1,Yes,No,No
CUST01048,38.0,M,1,149.79,4176.22,One Year,Credit Card,Fiber Optic,No,0,Yes,No,No
CUST01049,23.0,Male,5,117.81,8903.52,Month-to-Month,Credit Card,No,Yes,0,Yes,No,No
CUST01050,23.0,Male,5,132.31,6931.01,Month-to-Month,Mailed Check,No,Yes,1,No,Yes,No
CUST01051,65.0,male,13,104.66,8659.44,Month-to-Month,Credit Card,Fiber Optic,No,1,No,No,No
CUST01052,21.0,Female,2,131.32,7021.12,One Year,Mailed Check,Fiber Optic,No,1,Yes,No,No
CUST01053,47.0,Female,11,34.61,7876.44,Month-to-Month,Credit Card,Fiber Optic,No,0,Yes,Yes,No
CUST01054,28.0,Male,3,65.21,6364.64,Month-to-Month,Bank Transfer,No,No,1,No,No,No
CUST01055,47.0,M,11,133.93,6849.31,Two Year,Bank Transfer,DSL,No,1,No,No,No
CUST01056,48.0,M,12,46.22,4718.14,Two Year,Electronic Check,Fiber Optic,No,1,No,No,No
CUST01057,41.0,Male,1,30.17,8319.65,Two Year,Bank Transfer,No,No,0,Yes,No,Yes
CUST01058,26.0,Male,1,122.46,7428.85,Month-to-Month,Credit Card,DSL,No,1,No,No,Yes
CUST01059,20.0,Female,14,128.61,7598.09,Month-to-Month,Bank Transfer,No,Yes,0,Yes,Yes,No
CUST01060,68.0,M,6,41.14,6063.62,One Year,Bank Transfer,DSL,Yes,0,No,Yes,No
CUST01061,48.0,Male,12,131.06,2755.13,Month-to-Month,Credit Card,No,No,0,No,Yes,No
CUST01062,57.0,Male,0,109.28,339.96,Month-to-Month,Bank Transfer,DSL,Yes,1,Yes,No,No
CUST01063,54.0,male,6,87.61,8422.18,One Year,Credit Card,Fiber Optic,Yes,0,No,Yes,No
CUST01064,53.0,Male,13,127.93,5283.36,Month-to-Month,Bank Transfer,No,Yes,1,Yes,Yes,Yes
CUST01065,41.0,Male,11,74.5,2697.32,One Year,Credit Card,DSL,No,1,No,No,No
CUST01066,48.0,M,13,45.22,1359.23,One Year,Mailed Check,DSL,No,1,No,Yes,No
CUST01067,23.0,Female,11,57.03,7469.12,Two Year,Mailed Check,DSL,No,0,Yes,Yes,No
CUST01068,19.0,M,13,85.67,7531.95,Month-to-Month,Electronic Check,Fiber Optic,Yes,0,No,No,No
CUST01069,37.0,Female,0,89.07,7334.28,Two Year,Bank Transfer,No,No,0,No,Yes,Yes
CUST01070,45.0,male,13,124.73,5812.84,Month-to-Month,Electronic Check,DSL,Yes,1,No,Yes,No
CUST01071,28.0,Male,5,122.88,3306.82,Two Year,Credit Card,Fiber Optic,No,1,No,No,No
CUST01072,21.0,male,2,95.58,2750.55,One Year,Mailed Check,Fiber Optic,No,0,No,No,No
CUST01073,32.0,Female,7,121.5,96.82,One Year,Credit Card,Fiber Optic,Yes,0,No,No,Yes
CUST01074,23.0,M,5,44.93,7505.8,One Year,Electronic Check,Fiber Optic,No,1,No,No,No
CUST01075,66.0,M,10,26.51,805.15,One Year,Credit Card,Fiber Optic,Yes,1,No,No,No
CUST01076,47.0,male,1,133.57,5684.18,Month-to-Month,Credit Card,Fiber Optic,No,1,No,No,No
CUST01077,55.0,Female,7,29.82,4546.59,Month-to-Month,Credit Card,Fiber Optic,No,1,Yes,No,No
CUST01078,68.0,male,4,52.07,4749.67,Two Year,Credit Card,No,No,0,No,Yes,Yes
CUST01079,19.0,male,7,110.39,8341.88,Month-to-Month,Mailed Check,No,Yes,0,No,No,Yes
CUST01080,32.0,Male,7,73.23,303.9,Month-to-Month,Credit Card,Fiber Optic,No,1,No,No,No
CUST01081,28.0,male,5,133.92,6965.06,Two Year,Credit Card,DSL,Yes,0,Yes,Yes,Yes
CUST01082,25.0,Male,1,58.74,487.43,One Year,Mailed Check,DSL,Yes,0,Yes,No,No
CUST01083,43.0,Male,7,21.54,362.62,Two Year,Credit Card,DSL,Yes,1,Yes,No,Yes
CUST01084,68.0,M,14,59.09,3879.76,Two Year,Credit Card,Fiber Optic,No,1,Yes,No,No
CUST01085,62.0,Male,14,95.15,586.42,One Year,Electronic Check,DSL,No,0,Yes,Yes,No
CUST01086,61.0,Male,10,68.87,7106.51,Two Year,Mailed Check,No,No,1,Yes,Yes,No
CUST01087,22.0,M,5,692.3982702003567,4775.48,Two Year,Bank Transfer,No,No,0,No,Yes,No
CUST01088,23.0,male,5,133.96,280.77,Two Year,Credit Card,No,No,1,Yes,Yes,No
CUST01089,43.0,Female,7,138.62,383.7,Month-to-Month,Electronic Check,No,Yes,0,No,No,No
CUST01090,21.0,Female,0,54.58,5521.76,One Year,Mailed Check,Fiber Optic,Yes,1,No,Yes,Yes
CUST01091,36.0,Female,1,80.08,7258.88,One Year,Credit Card,No,Yes,0,No,Yes,No
CUST01092,37.0,male,11,91.39,3951.44,Two Year,Bank Transfer,DSL,Yes,1,Yes,Yes,No
CUST01093,50.0,Male,11,143.38,5000.13,Month-to-Month,Credit Card,DSL,Yes,1,No,No,Yes
CUST01094,37.0,Female,8,149.82,7202.47,One Year,Electronic Check,No,Yes,1,No,Yes,No
CUST01095,66.0,male,10,50.6,5502.35,One Year,Mailed Check,No,No,1,Yes,No,No
CUST01096,29.0,Male,11,114.51,,Two Year,Electronic Check,No,Yes,1,Yes,No,No
CUST01097,64.0,M,7,69.14,5525.21,Two Year,Mailed Check,DSL,Yes,0,No,No,No
CUST01098,18.0,Female,11,21.05,5661.95,Two Year,Bank Transfer,DSL,Yes,0,Yes,Yes,No
CUST01099,43.0,Male,6,21.2,6612.28,One Year,Credit Card,No,Yes,1,Yes,No,No
CUST01100,31.0,Female,6,79.87,5595.45,Two Year,Electronic Check,DSL,No,0,No,No,No
CUST01101,55.0,Female,4,83.48,8723.79,Two Year,Bank Transfer,DSL,Yes,0,No,Yes,No
CUST01102,54.0,Female,1,22.93,1791.65,Two Year,Bank Transfer,Fiber Optic,No,1,No,Yes,No
CUST01103,28.0,Male,10,109.3,8560.79 ,Month-to-Month,Credit Card,No,No,0,No,No,No
CUST01104,53.0,male,5,58.22,4854.29,Two Year,Electronic Check,No,Yes,0,No,No,No
CUST01105,30.0,Male,9,92.79,6054.17,One Year,Credit Card,Fiber Optic,Yes,0,No,No,No
CUST01106,60.0,Female,2,59.12,913.17,Two Year,Credit Card,Fiber Optic,No,0,No,No,No
CUST01107,20.0,Male,3,41.73,3437.57,One Year,Mailed Check,DSL,Yes,1,No,No,Yes
CUST01108,50.0,M,12,72.93,6929.02,Month-to-Month,Mailed Check,Fiber Optic,Yes,0,Yes,Yes,No
CUST01109,23.0,male,9,50.2,6368.06,Month-to-Month,Credit Card,No,Yes,0,Yes,No,No
CUST01110,67.0,Male,11,89.52,380.45,Two Year,Mailed Check,No,No,0,Yes,No,Yes
CUST01111,,M,10,45.85,4928.42,One Year,Electronic Check,No,Yes,0,Yes,Yes,No
CUST01112,22.0,male,1,86.09,812.74,Two Year,Mailed Check,DSL,No,1,Yes,No,No
CUST01113,40.0,M,13,40.46,8962.79,Two Year,Bank Transfer,DSL,No,0,No,No,Yes
CUST01114,27.0,male,1,107.23,8077.72,One Year,Credit Card,No,No,1,Yes,No,No
CUST01115,61.0,Male,11,118.01,209.3,One Year,Credit Card,No,Yes,1,Yes,Yes,No
CUST01116,19.0,M,7,34.35,7730.67,One Year,Electronic Check,DSL,No,1,No,No,No
CUST01117,30.0,Female,7,80.81,8276.48,One Year,Credit Card,DSL,Yes,1,Yes,Yes,Yes
CUST01118,57.0,M,9,29.21,3194.86,One Year,Mailed Check,Fiber Optic,No,1,No,Yes,No
CUST01119,19.0,male,5,97.76,6481.12,Month-to-Month,Bank Transfer,DSL,Yes,0,Yes,Yes,No
CUST01120,37.0,Male,12,54.37,3990.09,Month-to-Month,Credit Card,DSL,Yes,0,Yes,No,Yes
CUST01121,18.0,male,4,88.59,5903.99,Month-to-Month,Mailed Check,No,No,1,No,Yes,No
CUST01122,54.0,M,7,87.27,3076.05,One Year,Bank Transfer,No,No,1,Yes,No,No
CUST01123,26.0,M,3,140.17,2916.58,One Year,Credit Card,No,No,0,Yes,No,No
CUST01124,34.0,Female,10,91.38,,One Year,Credit Card,Fiber Optic,Yes,0,Yes,Yes,No
CUST01125,26.0,Male,3,95.79,1327.2,Two Year,Credit Card,DSL,Yes,1,No,No,Yes
CUST01126,,Male,4,72.21,7483.63,Month-to-Month,Bank Transfer,Fiber Optic,Yes,0,No,Yes,No
CUST01127,32.0,M,0,143.38,3151.31,Month-to-Month,Credit Card,DSL,No,0,No,Yes,No
CUST01128,41.0,Male,0,121.03,3613.34,Two Year,Credit Card,DSL,Yes,1,No,No,No
CUST01129,55.0,Female,1,57.1,8048.61,Two Year,Mailed Check,No,Yes,1,No,No,No
CUST01130,52.0,male,13,129.75,4479.68,Month-to-Month,Mailed Check,DSL,Yes,1,Yes,No,No
CUST01131,47.0,Male,7,76.21,4907.4,One Year,Mailed Check,Fiber Optic,No,1,Yes,No,No
CUST01132,48.0,M,6,127.73,8609.35,Month-to-Month,Mailed Check,No,No,1,No,No,No
CUST01133,66.0,male,14,126.98,7982.8,One Year,Credit Card,Fiber Optic,Yes,0,No,Yes,No
CUST01134,22.0,male,14,44.55,1541.81,Month-to-Month,Bank Transfer,Fiber Optic,No,1,Yes,No,Yes
CUST01135,61.0,Female,9,111.15,4269.47,Month-to-Month,Credit Card,No,No,0,No,No,No
CUST01136,67.0,M,8,57.78,8742.24,Two Year,Electronic Check,DSL,No,1,Yes,No,No
CUST01137,31.0,Male,4,936.7376707881535,,Two Year,Bank Transfer,Fiber Optic,No,1,No,Yes,Yes
CUST01138,28.0,M,1,58.53,3356.73,One Year,Electronic Check,DSL,No,1,No,Yes,No
CUST01139,26.0,male,6,114.32,1771.37,One Year,Credit Card,No,No,1,Yes,Yes,No
CUST01140,51.0,M,14,49.88,1046.62,Month-to-Month,Bank Transfer,DSL,No,1,Yes,No,No
CUST01141,29.0,Male,7,20.12,6667.94,Two Year,Bank Transfer,DSL,No,1,No,Yes,Yes
CUST01142,52.0,Male,11,112.98,6934.87,One Year,Mailed Check,No,No,0,No,Yes,Yes
CUST01143,52.0,Female,6,42.25,8721.74,One Year,Credit Card,DSL,Yes,1,Yes,No,No
CUST01144,18.0,Male,13,33.58,6965.3,One Year,Electronic Check,Fiber Optic,Yes,1,Yes,No,No
CUST01145,57.0,Male,6,50.88,2205.31,Month-to-Month,Bank Transfer,Fiber Optic,No,0,No,No,No
CUST01146,39.0,M,11,69.39,380.25,One Year,Bank Transfer,Fiber Optic,No,0,Yes,Yes,Yes
CUST01147,46.0,M,14,81.87,8869.23,One Year,Mailed Check,DSL,No,1,No,Yes,No
CUST01148,25.0,male,13,25.79,3077.25,Two Year,Bank Transfer,Fiber Optic,No,0,No,Yes,No
CUST01149,28.0,Female,4,146.17,2821.5,Two Year,Mailed Check,DSL,Yes,0,No,No,No
CUST01150,58.0,M,1,113.09,8155.48,Two Year,Bank Transfer,DSL,No,1,No,No,No
CUST01151,54.0,Male,5,62.02,,Month-to-Month,Bank Transfer,DSL,Yes,1,No,Yes,Yes
CUST01152,31.0,male,3,61.43,1949.54,Two Year,Credit Card,DSL,Yes,0,No,Yes,No
CUST01153,47.0,M,9,78.31,8004.08,Two Year,Bank Transfer,No,Yes,1,No,Yes,No
CUST01154,52.0,Female,1,101.41,8940.38,Two Year,Mailed Check,Fiber Optic,Yes,0,Yes,No,No
CUST01155,38.0,Female,11,39.03,798.37,Two Year,Mailed Check,Fiber Optic,Yes,0,Yes,No,No
CUST01156,54.0,male,8,44.56,7763.02,One Year,Mailed Check,DSL,Yes,0,No,Yes,No
CUST01157,22.0,male,6,131.73,3526.83,Month-to-Month,Electronic Check,No,No,0,Yes,No,Yes
CUST01158,36.0,male,5,53.31,4726.17,One Year,Bank Transfer,DSL,No,1,No,No,No
CUST01159,31.0,male,11,69.43,8235.05,One Year,Credit Card,Fiber Optic,Yes,1,No,No,No
CUST01160,43.0,male,4,133.27,8760.95,Month-to-Month,Credit Card,Fiber Optic,No,1,Yes,Yes,No
CUST01161,21.0,Male,2,106.21,2374.23,One Year,Electronic Check,No,Yes,1,Yes,Yes,No
CUST01162,42.0,Male,11,64.42,1931.4,Two Year,Bank Transfer,DSL,No,1,No,No,No
CUST01163,62.0,M,14,108.88,743.04,Month-to-Month,Mailed Check,No,Yes,1,Yes,No,Yes
CUST01164,59.0,Female,14,22.56,5064.94,One Year,Electronic Check,DSL,Yes,1,No,Yes,No
CUST01165,42.0,Male,9,115.63,142.17,One Year,Electronic Check,No,No,1,Yes,Yes,No
CUST01166,35.0,Male,9,83.31,3718.85,Two Year,Mailed Check,Fiber Optic,Yes,1,No,Yes,No
CUST01167,57.0,Male,3,125.71,678.99,One Year,Electronic Check,No,No,1,No,Yes,No
CUST01168,25.0,M,2,144.1,3658.93,One Year,Electronic Check,Fiber Optic,Yes,1,No,No,No
CUST01169,56.0,male,11,140.35,378.59,One Year,Mailed Check,Fiber Optic,No,1,Yes,Yes,No
CUST01170,57.0,M,10,138.2,7520.25,Month-to-Month,Bank Transfer,DSL,No,0,No,Yes,No
CUST01171,31.0,Female,7,86.58,1903.46,Month-to-Month,Credit Card,No,No,1,No,Yes,No
CUST01172,49.0,Female,2,66.82,2968.21,One Year,Credit Card,No,No,1,Yes,Yes,No
CUST01173,68.0,Female,6,80.45,7833.03,One Year,Mailed Check,No,No,1,Yes,Yes,No
CUST01174,55.0,Female,6,109.69,6721.47,Two Year,Mailed Check,No,Yes,1,No,No,No
CUST01175,50.0,Male,6,134.92,1986.96,Month-to-Month,Bank Transfer,DSL,Yes,1,Yes,No,No
CUST01176,40.0,Male,12,46.91,665.66,Month-to-Month,Electronic Check,DSL,No,0,No,No,Yes
CUST01177,32.0,M,6,659.5709303163915,6446.75,Month-to-Month,Bank Transfer,DSL,Yes,0,No,Yes,No
CUST01178,,male,13,125.97,3528.51,One Year,Electronic Check,Fiber Optic,Yes,1,No,Yes,No
CUST01179,42.0,Female,1,147.25,6899.4,Two Year,Electronic Check,Fiber Optic,No,1,Yes,No,No
CUST01180,34.0,M,9,134.43,4018.75,Two Year,Bank Transfer,Fiber Optic,No,1,Yes,Yes,No
CUST01181,50.0,Male,2,56.39,3127.1,One Year,Mailed Check,DSL,Yes,0,Yes,Yes,No
CUST01182,64.0,Male,9,33.77,4071.82,One Year,Mailed Check,Fiber Optic,No,1,No,Yes,Yes
CUST01183,19.0,male,8,34.59,6742.06,Two Year,Bank Transfer,No,No,1,No,Yes,No
CUST01184,31.0,male,2,57.86,8121.94,Two Year,Electronic Check,Fiber Optic,No,0,No,Yes,No
CUST01185,57.0,male,1,99.84,466.91,Month-to-Month,Electronic Check,DSL,Yes,0,Yes,Yes,No
CUST01186,57.0,M,8,124.56,4726.52,One Year,Electronic Check,DSL,No,1,Yes,No,No
CUST01187,68.0,Male,12,136.9,314.86,Month-to-Month,Electronic Check,DSL,Yes,1,No,Yes,Yes
CUST01188,56.0,Male,9,101.09,4226.32,Two Year,Bank Transfer,DSL,No,0,Yes,No,Yes
CUST01189,68.0,male,8,20.73,,Month-to-Month,Credit Card,No,Yes,1,Yes,Yes,Yes
CUST01190,23.0,Female,3,44.22,3267.08,Two Year,Mailed Check,Fiber Optic,No,1,Yes,Yes,No
CUST01191,23.0,male,13,32.96,8393.4,Two Year,Mailed Check,Fiber Optic,No,0,Yes,Yes,No
CUST01192,20.0,M,11,67.23,5682.86,Month-to-Month,Credit Card,DSL,No,1,No,Yes,No
CUST01193,24.0,male,8,85.18,8408.71,One Year,Electronic Check,Fiber Optic,Yes,0,No,No,Yes
CUST01194,68.0,male,2,25.64,6819.36,Month-to-Month,Credit Card,No,Yes,1,No,Yes,No
CUST01195,25.0,M,6,65.3,948.85,Month-to-Month,Credit Card,DSL,Yes,1,Yes,No,No
CUST01196,59.0,male,6,43.29,,One Year,Credit Card,Fiber Optic,Yes,0,Yes,No,No
CUST01197,69.0,Male,14,104.12,3559.65,One Year,Mailed Check,Fiber Optic,No,0,Yes,No,No
CUST01198,32.0,Female,10,80.36,1547.56,Month-to-Month,Mailed Check,Fiber Optic,No,0,No,No,Yes
CUST01199,64.0,male,7,84.39,4464.31,Two Year,Credit Card,Fiber Optic,Yes,0,Yes,Yes,No
CUST01200,46.0,M,9,75.6,4252.89,Month-to-Month,Credit Card,DSL,Yes,0,No,No,No
CUST01201,50.0,Female,14,144.28,8607.21,Two Year,Credit Card,DSL,Yes,0,No,Yes,Yes
CUST01202,69.0,M,3,47.92,3914.88,One Year,Electronic Check,No,Yes,0,No,No,No
CUST01203,47.0,Female,2,87.17,7074.93,One Year,Electronic Check,DSL,Yes,0,Yes,No,No
CUST01204,56.0,Female,2,115.68,8478.36,Two Year,Electronic Check,Fiber Optic,Yes,0,No,No,No
CUST01205,44.0,male,14,92.39,7895.36,Month-to-Month,Mailed Check,Fiber Optic,No,1,No,Yes,No
CUST01206,53.0,Male,11,140.77,1893.84,One Year,Bank Transfer,Fiber Optic,Yes,1,Yes,No,No
CUST01207,46.0,male,4,69.14,4474.35,Two Year,Credit Card,No,Yes,0,No,Yes,No
CUST01208,55.0,M,10,80.28,3142.7,Two Year,Credit Card,DSL,Yes,1,Yes,No,No
CUST01209,50.0,M,14,31.51,3610.73,Month-to-Month,Bank Transfer,DSL,No,0,No,No,No
CUST01210,54.0,Female,13,99.17,3260.05,Two Year,Credit Card,DSL,Yes,0,Yes,No,Yes
CUST01211,44.0,Female,0,57.47,7440.71,Two Year,Electronic Check,Fiber Optic,No,1,No,Yes,No
CUST01212,50.0,Male,9,40.84,4080.21,Month-to-Month,Electronic Check,Fiber Optic,No,0,No,Yes,No
CUST01213,21.0,male,2,90.79,4722.78,One Year,Bank Transfer,Fiber Optic,Yes,0,No,Yes,Yes
CUST01214,39.0,M,13,89.2,8842.38,One Year,Electronic Check,No,No,0,Yes,No,No
CUST01215,19.0,Female,5,29.86,558.61,One Year,Bank Transfer,No,Yes,0,Yes,No,Yes
CUST01216,27.0,Male,2,110.77,4401.86,Two Year,Electronic Check,Fiber Optic,No,1,Yes,No,No
CUST01217,22.0,M,4,101.09,6971.07,Two Year,Credit Card,No,Yes,0,No,No,Yes
CUST01218,27.0,Female,8,44.57,1377.43,Month-to-Month,Mailed Check,No,Yes,1,Yes,Yes,No
CUST01219,50.0,M,1,81.03,5511.55,Two Year,Electronic Check,No,No,1,Yes,No,No
CUST01220,55.0,Male,10,113.64,2170.39,Two Year,Bank Transfer,DSL,Yes,0,Yes,Yes,No
CUST01221,,Male,1,88.83,7809.29,One Year,Mailed Check,No,Yes,1,Yes,Yes,No
CUST01222,48.0,M,11,71.41,2957.35,Two Year,Credit Card,Fiber Optic,No,1,No,Yes,No
CUST01223,64.0,male,5,61.9,2974.98,Two Year,Mailed Check,DSL,No,1,No,No,No
CUST01224,53.0,M,5,99.35,5391.78,Two Year,Bank Transfer,No,Yes,1,No,Yes,No
CUST01225,62.0,Female,10,142.08,1668.39,Month-to-Month,Credit Card,Fiber Optic,No,0,No,Yes,No
CUST01226,41.0,male,10,107.33,2578.3,Two Year,Credit Card,No,Yes,0,No,Yes,No
CUST01227,69.0,Female,7,29.72,3761.35,Month-to-Month,Electronic Check,Fiber Optic,No,0,No,No,Yes
CUST01228,32.0,M,11,79.89,3195.67,One Year,Mailed Check,Fiber Optic,No,1,Yes,Yes,Yes
CUST01229,46.0,male,12,135.81,4733.4,Two Year,Electronic Check,No,No,1,No,Yes,No
CUST01230,25.0,Female,10,32.28,5404.77,Month-to-Month,Credit Card,No,Yes,0,Yes,Yes,No
CUST01231,22.0,M,13,148.55,5108.67,One Year,Electronic Check,DSL,Yes,1,No,Yes,Yes
CUST01232,46.0,M,1,143.38,5894.43,Two Year,Electronic Check,No,Yes,1,Yes,Yes,Yes
CUST01233,64.0,male,8,30.18,2783.59,Month-to-Month,Bank Transfer,Fiber Optic,Yes,0,No,Yes,Yes
CUST01234,21.0,M,14,141.34,1155.31,Month-to-Month,Electronic Check,DSL,Yes,1,No,No,Yes
CUST01235,29.0,Male,1,67.21,6852.05,One Year,Credit Card,Fiber Optic,No,1,No,Yes,Yes
CUST01236,62.0,Female,12,129.81,7660.01,Two Year,Electronic Check,Fiber Optic,Yes,0,No,No,No
CUST01237,19.0,Female,0,74.39,2327.92,Two Year,Credit Card,No,No,0,Yes,No,No
CUST01238,44.0,M,9,77.31,3675.69,Two Year,Credit Card,Fiber Optic,No,0,Yes,No,No
CUST01239,48.0,M,1,102.45,4497.15,Month-to-Month,Bank Transfer,No,No,0,No,No,No
CUST01240,68.0,Male,11,120.68,4809.28,Two Year,Credit Card,Fiber Optic,Yes,0,No,Yes,Yes
CUST01241,68.0,male,6,24.39,5942.22,Month-to-Month,Credit Card,DSL,No,0,Yes,No,Yes
CUST01242,53.0,M,7,97.11,393.6,Month-to-Month,Bank Transfer,No,Yes,0,No,Yes,No
CUST01243,53.0,M,4,44.28,6498.86,One Year,Credit Card,DSL,Yes,1,No,Yes,No
CUST01244,43.0,M,5,64.97,576.5,Month-to-Month,Bank Transfer,No,Yes,0,Yes,Yes,No
CUST01245,60.0,M,11,65.24,4225.23,One Year,Mailed Check,DSL,Yes,1,Yes,No,Yes
CUST01246,44.0,Female,0,80.98,7452.49,One Year,Mailed Check,No,No,0,Yes,Yes,No
CUST01247,22.0,M,14,63.44,4071.91,Two Year,Mailed Check,DSL,Yes,1,Yes,Yes,No
CUST01248,37.0,Female,5,33.96,1358.83,One Year,Credit Card,DSL,No,1,No,No,No
CUST01249,28.0,M,11,38.93,8865.6,Two Year,Electronic Check,No,No,1,No,Yes,No
CUST01250,27.0,male,14,24.35,8005.78,One Year,Bank Transfer,No,Yes,1,No,Yes,No
CUST01251,57.0,Male,7,81.13,6946.4,Month-to-Month,Mailed Check,Fiber Optic,No,1,No,Yes,No
CUST01252,55.0,male,12,144.08,3715.37,Two Year,Bank Transfer,Fiber Optic,No,0,Yes,No,No
CUST01253,23.0,M,2,35.04,1670.93,Month-to-Month,Mailed Check,No,No,0,No,Yes,No
CUST01254,25.0,M,10,143.01,8473.87,Two Year,Mailed Check,No,Yes,0,No,Yes,No
CUST01255,40.0,M,0,115.34,4800.51,Month-to-Month,Credit Card,DSL,No,1,Yes,Yes,No
CUST01256,64.0,male,10,102.87,7674.15,One Year,Bank Transfer,DSL,Yes,1,No,Yes,Yes
CUST01257,43.0,M,3,103.89,3092.01,Two Year,Credit Card,Fiber Optic,Yes,1,Yes,No,Yes
CUST01258,63.0,male,0,127.47,3030.89,Two Year,Bank Transfer,Fiber Optic,Yes,0,Yes,No,No
CUST01259,60.0,Female,13,33.9,8870.15,Two Year,Bank Transfer,Fiber Optic,Yes,1,Yes,No,No
CUST01260,29.0,Male,7,85.62,4706.06,One Year,Electronic Check,DSL,No,1,Yes,Yes,No
CUST01261,43.0,Male,4,110.62,1283.44,Month-to-Month,Mailed Check,DSL,No,0,Yes,Yes,Yes
CUST01262,30.0,male,0,96.29,1992.68,One Year,Credit Card,DSL,No,0,No,Yes,No
CUST01263,57.0,Female,13,128.26,4347.86,One Year,Electronic Check,Fiber Optic,Yes,0,No,No,Yes
CUST01264,35.0,male,7,29.4,401.39,One Year,Bank Transfer,No,No,1,No,No,No
CUST01265,42.0,Female,8,109.79,4173.56,Month-to-Month,Mailed Check,Fiber Optic,Yes,1,Yes,Yes,No
CUST01266,50.0,M,9,89.42,3782.09,One Year,Credit Card,DSL,No,0,Yes,Yes,Yes
CUST01267,64.0,Female,1,69.29,7018.44,Two Year,Electronic Check,Fiber Optic,Yes,1,No,Yes,No
CUST01268,57.0,Female,8,64.24,3207.38,One Year,Bank Transfer,Fiber Optic,Yes,1,Yes,No,No
CUST01269,60.0,Female,7,100.71,8843.29,Month-to-Month,Electronic Check,Fiber Optic,Yes,1,Yes,Yes,No
CUST01270,29.0,Male,6,135.83,,Two Year,Bank Transfer,Fiber Optic,Yes,1,Yes,No,No
CUST01271,61.0,Female,2,84.5,5327.06,Month-to-Month,Bank Transfer,DSL,No,0,No,No,No
CUST01272,53.0,M,1,127.21,825.5,One Year,Mailed Check,Fiber Optic,Yes,1,Yes,Yes,No
CUST01273,65.0,M,6,72.28,6610.1,Month-to-Month,Credit Card,DSL,No,1,Yes,Yes,No
CUST01274,21.0,M,14,33.31,8952.89,Two Year,Mailed Check,Fiber Optic,No,0,Yes,Yes,Yes
CUST01275,22.0,Female,4,28.0,7375.86,Month-to-Month,Credit Card,DSL,No,1,No,No,No
CUST01276,54.0,male,5,26.67,5010.22,Two Year,Credit Card,No,Yes,1,Yes,Yes,No
CUST01277,25.0,male,3,69.42,4372.98,Two Year,Bank Transfer,DSL,Yes,0,No,No,Yes
CUST01278,59.0,M,1,63.84,7518.57,One Year,Electronic Check,DSL,Yes,1,Yes,No,No
CUST01279,66.0,Male,8,113.33,8425.05,One Year,Credit Card,No,No,0,Yes,Yes,No
CUST01280,45.0,male,2,116.57,8903.07,Two Year,Credit Card,No,Yes,1,No,Yes,No
CUST01281,48.0,Female,11,26.61,3580.92,Month-to-Month,Credit Card,No,Yes,1,No,No,No
CUST01282,26.0,male,13,48.75,8918.44,Two Year,Credit Card,No,No,1,No,No,No
CUST01283,68.0,M,6,55.65,1420.22,One Year,Bank Transfer,No,Yes,0,Yes,Yes,No
CUST01284,46.0,Male,13,91.19,2296.88,Month-to-Month,Mailed Check,No,No,1,No,No,Yes
CUST01285,31.0,male,7,38.79,819.36,Two Year,Electronic Check,Fiber Optic,No,1,No,Yes,No
CUST01286,57.0,male,1,37.41,2460.21,One Year,Bank Transfer,Fiber Optic,No,0,No,Yes,Yes
CUST01287,58.0,M,13,142.69,6916.08,Two Year,Bank Transfer,No,Yes,1,Yes,Yes,No
CUST01288,39.0,Male,5,124.55,7679.26,Two Year,Bank Transfer,DSL,Yes,1,No,Yes,No
CUST01289,28.0,Male,10,43.49,7014.46,Two Year,Credit Card,DSL,No,1,Yes,No,No
CUST01290,40.0,M,7,72.85,5686.97,Month-to-Month,Electronic Check,No,No,0,Yes,Yes,No
CUST01291,18.0,Female,6,66.23,4635.42,One Year,Bank Transfer,Fiber Optic,Yes,0,Yes,Yes,No
CUST01292,63.0,male,10,122.83,6384.16,One Year,Bank Transfer,Fiber Optic,Yes,0,No,No,No
CUST01293,54.0,Female,2,86.33,3529.69,Two Year,Bank Transfer,DSL,No,1,No,No,No
CUST01294,38.0,male,0,36.62,7574.95,Two Year,Credit Card,No,No,0,No,Yes,No
CUST01295,43.0,male,13,116.07,6101.17,Two Year,Credit Card,Fiber Optic,No,1,No,Yes,Yes
CUST01296,63.0,Female,5,71.6,6286.29,Month-to-Month,Bank Transfer,No,Yes,0,Yes,No,No
CUST01297,53.0,M,7,54.18,4832.71,One Year,Credit Card,No,No,0,No,No,No
CUST01298,40.0,M,5,68.81,7969.36,Two Year,Electronic Check,DSL,Yes,1,No,Yes,No
CUST01299,18.0,male,4,84.71,2283.09,One Year,Credit Card,No,No,0,Yes,No,No
CUST01300,68.0,M,10,64.61,3442.71,Two Year,Bank Transfer,No,Yes,0,No,No,No
CUST01301,57.0,male,11,51.45,7003.23,One Year,Electronic Check,DSL,No,1,Yes,No,Yes
CUST01302,32.0,M,7,71.81,4444.89,Two Year,Credit Card,Fiber Optic,Yes,1,Yes,No,No
CUST01303,38.0,male,1,22.49,8005.14,Month-to-Month,Bank Transfer,No,Yes,1,No,Yes,No
CUST01304,64.0,M,14,120.42,3130.67,Two Year,Mailed Check,DSL,Yes,1,Yes,Yes,No
CUST01305,,Male,11,42.22,3336.58,Two Year,Mailed Check,Fiber Optic,Yes,1,Yes,Yes,No
CUST01306,26.0,Female,14,25.71,8000.85,Two Year,Electronic Check,No,Yes,1,Yes,Yes,No
CUST01307,27.0,Male,0,104.98,4190.05,Two Year,Electronic Check,Fiber Optic,Yes,1,No,No,Yes
CUST01308,69.0,Female,0,120.61,4654.8,Two Year,Electronic Check,DSL,No,1,No,No,No
CUST01309,43.0,Female,14,125.8,3008.22,One Year,Credit Card,No,No,0,No,No,Yes
CUST01310,58.0,male,13,84.16,2504.5,One Year,Electronic Check,DSL,No,1,Yes,No,Yes
CUST01311,52.0,Female,3,46.7,,Month-to-Month,Credit Card,DSL,Yes,0,No,Yes,Yes
CUST01312,69.0,Male,5,115.84,1096.17,Two Year,Bank Transfer,No,Yes,1,No,Yes,No
CUST01313,42.0,Male,12,110.96,7915.87,One Year,Credit Card,DSL,No,1,Yes,No,No
CUST01314,43.0,M,8,52.02,7017.24,One Year,Credit Card,Fiber Optic,Yes,0,No,Yes,Yes
CUST01315,28.0,Male,0,137.44,1732.92,Two Year,Bank Transfer,DSL,Yes,0,No,Yes,No
CUST01316,55.0,M,11,33.57,6252.3,Two Year,Mailed Check,No,No,0,Yes,No,No
CUST01317,19.0,Female,0,147.75,5431.64,Month-to-Month,Credit Card,No,No,1,No,Yes,No
CUST01318,24.0,Male,12,131.83,1677.12,Month-to-Month,Credit Card,Fiber Optic,No,1,Yes,Yes,No
CUST01319,35.0,Female,12,109.43,2473.37,One Year,Bank Transfer,No,No,1,No,No,No
CUST01320,44.0,Male,4,142.04,3692.7,Month-to-Month,Electronic Check,DSL,No,1,No,No,No
CUST01321,51.0,Male,9,113.9,6299.2,One Year,Bank Transfer,DSL,No,0,No,No,Yes
CUST01322,44.0,M,4,44.76,5755.74,Month-to-Month,Mailed Check,No,No,1,Yes,Yes,Yes
CUST01323,34.0,Female,4,77.48,4799.47,Two Year,Electronic Check,Fiber Optic,Yes,0,No,No,No
CUST01324,60.0,Male,9,29.3,6920.33,Month-to-Month,Mailed Check,Fiber Optic,Yes,1,No,No,No
CUST01325,61.0,male,5,70.66,6826.28,One Year,Credit Card,No,Yes,1,Yes,Yes,No
CUST01326,68.0,Female,7,116.41,5568.38,Month-to-Month,Mailed Check,DSL,Yes,0,No,Yes,No
CUST01327,41.0,Female,2,70.24,7087.17 ,One Year,Mailed Check,No,No,1,Yes,No,No
CUST01328,42.0,Female,8,62.94,3021.69,One Year,Bank Transfer,No,Yes,0,No,Yes,Yes
CUST01329,24.0,M,12,97.4,7933.62,Month-to-Month,Electronic Check,Fiber Optic,Yes,1,No,Yes,Yes
CUST01330,69.0,male,0,133.39,5541.89 ,Month-to-Month,Credit Card,DSL,Yes,1,No,No,Yes
CUST01331,23.0,Female,3,26.19,7404.82,One Year,Credit Card,Fiber Optic,Yes,1,No,No,Yes
CUST01332,41.0,Male,8,70.11,4925.59,Two Year,Credit Card,Fiber Optic,No,1,No,Yes,Yes
CUST01333,50.0,Male,14,40.57,,Month-to-Month,Electronic Check,DSL,Yes,1,No,No,No
CUST01334,66.0,M,13,110.4,4890.84,One Year,Electronic Check,DSL,No,0,Yes,Yes,Yes
CUST01335,46.0,Male,7,33.74,3352.58,Two Year,Mailed Check,DSL,No,1,No,Yes,No
CUST01336,60.0,Female,9,106.43,6283.54,One Year,Mailed Check,No,Yes,1,Yes,Yes,Yes
CUST01337,39.0,Male,8,57.2,4292.63,Month-to-Month,Electronic Check,DSL,No,1,No,Yes,No
CUST01338,43.0,Female,0,45.86,7528.29,One Year,Credit Card,No,Yes,1,Yes,No,No
CUST01339,45.0,Male,8,141.73,6109.09,One Year,Electronic Check,Fiber Optic,No,0,Yes,Yes,Yes
CUST01340,67.0,male,2,22.41,6167.21,One Year,Bank Transfer,DSL,No,1,Yes,No,No
CUST01341,38.0,M,10,76.91,1970.05,Month-to-Month,Electronic Check,No,No,0,No,Yes,No
CUST01342,66.0,M,11,22.81,8858.56,Two Year,Electronic Check,No,Yes,0,No,Yes,No
CUST01343,24.0,male,9,82.87,7578.24,Two Year,Credit Card,No,Yes,0,Yes,No,Yes
CUST01344,34.0,male,8,85.14,7105.26,Two Year,Mailed Check,No,Yes,0,Yes,No,No
CUST01345,37.0,M,0,61.82,2985.33,Two Year,Bank Transfer,Fiber Optic,Yes,0,Yes,Yes,No
CUST01346,58.0,male,0,37.18,4829.97,Month-to-Month,Bank Transfer,DSL,No,1,Yes,Yes,No
CUST01347,66.0,Female,8,68.93,1251.19,One Year,Bank Transfer,DSL,Yes,0,Yes,No,Yes
CUST01348,37.0,Male,10,107.39,4855.51,Two Year,Electronic Check,DSL,No,0,Yes,No,No
CUST01349,39.0,M,13,121.71,1330.09,Two Year,Credit Card,DSL,No,0,No,No,No
CUST01350,45.0,male,5,89.0,4986.28,Month-to-Month,Electronic Check,DSL,No,0,No,Yes,No
CUST01351,57.0,Female,3,96.68,5845.52,One Year,Mailed Check,DSL,No,0,Yes,No,No
CUST01352,66.0,M,6,46.08,3523.96,One Year,Credit Card,No,No,0,No,Yes,No
CUST01353,24.0,male,4,57.35,4496.93,Two Year,Bank Transfer,DSL,No,1,Yes,No,No
CUST01354,18.0,M,9,41.05,7883.37,Two Year,Electronic Check,No,No,1,Yes,No,No
CUST01355,49.0,male,13,52.41,994.9,One Year,Credit Card,Fiber Optic,No,0,No,No,No
CUST01356,30.0,M,6,49.24,7129.76,Month-to-Month,Electronic Check,No,No,0,Yes,Yes,No
CUST01357,47.0,Female,7,87.53,1553.38,One Year,Credit Card,Fiber Optic,No,0,No,No,No
CUST01358,40.0,Female,7,93.15,349.64,One Year,Bank Transfer,DSL,No,0,Yes,No,No
CUST01359,68.0,Male,0,142.84,1686.46,Two Year,Mailed Check,Fiber Optic,Yes,0,Yes,Yes,Yes
CUST01360,36.0,M,7,45.42,6890.09,Month-to-Month,Mailed Check,Fiber Optic,No,1,No,No,No
CUST01361,49.0,Male,5,103.42,3658.03,Month-to-Month,Electronic Check,No,Yes,1,No,Yes,Yes
CUST01362,47.0,M,3,126.24,7855.23,Month-to-Month,Bank Transfer,No,Yes,1,No,Yes,No
CUST01363,46.0,male,12,92.83,4731.87,Two Year,Electronic Check,Fiber Optic,No,1,Yes,Yes,No
CUST01364,66.0,male,13,53.15,219.81,Month-to-Month,Electronic Check,Fiber Optic,No,1,No,No,Yes
CUST01365,62.0,Male,11,54.13,,Month-to-Month,Credit Card,DSL,No,1,Yes,No,No
CUST01366,46.0,M,7,25.1,1009.89,Two Year,Credit Card,No,No,0,Yes,Yes,No
CUST01367,47.0,Male,2,59.71,7108.63,One Year,Credit Card,Fiber Optic,Yes,0,No,Yes,No
CUST01368,33.0,Female,12,116.8,1529.56,Month-to-Month,Bank Transfer,No,Yes,1,Yes,Yes,No
CUST01369,57.0,Male,3,26.18,3122.11,One Year,Bank Transfer,DSL,No,0,No,No,No
CUST01370,36.0,Male,14,48.51,6856.22,Month-to-Month,Electronic Check,DSL,Yes,1,No,Yes,Yes
CUST01371,35.0,male,5,111.81,8589.0,One Year,Credit Card,Fiber Optic,No,1,Yes,Yes,No
CUST01372,18.0,Male,10,121.74,3355.48,One Year,Bank Transfer,DSL,No,1,Yes,No,No
CUST01373,31.0,M,6,79.19,7468.01,Two Year,Electronic Check,Fiber Optic,No,0,No,No,No
CUST01374,68.0,male,3,110.75,1733.31,Two Year,Bank Transfer,No,Yes,0,No,Yes,No
CUST01375,64.0,Male,3,70.43,7268.47,Month-to-Month,Electronic Check,No,Yes,1,Yes,Yes,No
CUST01376,67.0,Female,6,40.79,5924.3,Month-to-Month,Mailed Check,Fiber Optic,Yes,0,No,Yes,Yes
CUST01377,19.0,Male,5,71.76,1750.84,Two Year,Credit Card,Fiber Optic,No,1,Yes,Yes,Yes
CUST01378,45.0,Male,12,95.4,2736.49,Month-to-Month,Mailed Check,Fiber Optic,Yes,0,Yes,No,No
CUST01379,66.0,Male,10,143.25,1203.3,Month-to-Month,Electronic Check,No,No,0,No,Yes,No
CUST01380,67.0,male,7,28.94,3459.04,Two Year,Electronic Check,No,No,1,Yes,No,No
CUST01381,47.0,M,0,85.96,1848.76,One Year,Credit Card,DSL,Yes,1,No,No,Yes
CUST01382,55.0,Female,9,62.76,5803.1,Month-to-Month,Credit Card,DSL,No,1,No,Yes,No
CUST01383,68.0,Male,12,86.08,8950.66,Two Year,Electronic Check,No,No,1,Yes,No,Yes
CUST01384,21.0,M,10,23.12,127.84,Month-to-Month,Bank Transfer,No,No,0,Yes,Yes,No
CUST01385,18.0,M,6,60.69,4877.46,Month-to-Month,Credit Card,Fiber Optic,No,1,Yes,No,No
CUST01386,25.0,male,11,126.58,5171.53,Two Year,Electronic Check,No,Yes,0,No,Yes,No
CUST01387,46.0,Female,6,92.01,8229.59,Two Year,Credit Card,No,No,1,No,No,No
CUST01388,56.0,male,10,78.58,4563.93,Month-to-Month,Credit Card,DSL,No,0,No,No,No
CUST01389,20.0,M,6,57.12,4902.44,Month-to-Month,Mailed Check,DSL,No,1,No,Yes,No
CUST01390,49.0,M,6,58.75,4255.44,One Year,Mailed Check,Fiber Optic,Yes,1,No,No,No
CUST01391,27.0,M,9,69.8,2434.76,One Year,Bank Transfer,DSL,No,1,No,No,Yes
CUST01392,27.0,male,13,128.62,523.14,Two Year,Credit Card,Fiber Optic,No,0,Yes,No,No
CUST01393,36.0,Female,9,145.74,3689.75,Month-to-Month,Electronic Check,No,Yes,0,Yes,No,No
CUST01394,63.0,Male,7,77.03,492.27,Two Year,Electronic Check,No,No,1,Yes,No,Yes
CUST01395,51.0,male,8,71.14,4963.42,Two Year,Credit Card,Fiber Optic,Yes,0,No,No,No
CUST01396,50.0,M,8,130.05,2779.5,Month-to-Month,Credit Card,DSL,No,1,Yes,No,No
CUST01397,40.0,male,1,75.5,4811.75,One Year,Bank Transfer,DSL,Yes,0,No,No,No
CUST01398,45.0,M,12,91.76,1225.99,Two Year,Bank Transfer,No,No,1,Yes,No,No
CUST01399,49.0,Male,12,50.02,8395.02,Two Year,Bank Transfer,DSL,Yes,1,Yes,Yes,No
CUST01400,67.0,Male,6,116.66,8052.8,Month-to-Month,Electronic Check,Fiber Optic,Yes,0,Yes,No,Yes
CUST01401,24.0,Female,6,89.16,1726.17,One Year,Mailed Check,No,No,0,Yes,No,No
CUST01402,46.0,M,3,125.17,3104.13,One Year,Bank Transfer,DSL,No,0,No,Yes,No
CUST01403,25.0,Female,8,121.5,5529.17,Month-to-Month,Electronic Check,No,Yes,1,No,No,No
CUST01404,18.0,Female,7,47.95,879.26,Two Year,Bank Transfer,No,No,0,Yes,No,No
CUST01405,20.0,Male,11,113.03,,Month-to-Month,Electronic Check,DSL,No,0,Yes,Yes,No
CUST01406,41.0,male,0,124.01,2274.99,Month-to-Month,Credit Card,Fiber Optic,Yes,0,No,No,No
CUST01407,40.0,male,1,64.99,8241.34,One Year,Electronic Check,DSL,Yes,0,No,Yes,No
CUST01408,25.0,Female,12,42.44,7675.55,Two Year,Credit Card,DSL,No,0,Yes,Yes,No
CUST01409,64.0,Male,14,20.34,5226.9,Two Year,Electronic Check,DSL,No,1,Yes,No,No
CUST01410,54.0,M,12,78.62,4692.71,One Year,Mailed Check,DSL,No,1,Yes,Yes,No
CUST01411,20.0,male,1,65.82,8377.92,Two Year,Electronic Check,DSL,No,0,Yes,Yes,No
CUST01412,68.0,Female,11,92.14,8393.2,Two Year,Credit Card,DSL,Yes,1,Yes,No,No
CUST01413,50.0,male,11,44.45,8724.58,Month-to-Month,Mailed Check,Fiber Optic,Yes,0,Yes,No,No
CUST01414,45.0,male,10,131.76,1145.9,Month-to-Month,Electronic Check,No,Yes,0,No,Yes,No
CUST01415,64.0,M,14,53.51,1461.81,Month-to-Month,Electronic Check,Fiber Optic,Yes,1,No,No,No
CUST01416,25.0,Male,14,49.44,6097.1,Two Year,Bank Transfer,DSL,No,1,No,Yes,No
CUST01417,51.0,M,7,82.49,4882.08,Two Year,Mailed Check,Fiber Optic,Yes,1,No,Yes,Yes
CUST01418,52.0,Male,14,84.85,185.82,Two Year,Credit Card,No,Yes,1,Yes,No,No
CUST01419,49.0,male,0,47.96,576.54,Two Year,Mailed Check,Fiber Optic,No,1,No,Yes,No
CUST01420,41.0,Female,3,55.34,7994.96,One Year,Credit Card,DSL,No,1,No,No,Yes
CUST01421,31.0,M,9,42.06,7822.46,One Year,Bank Transfer,No,Yes,1,No,No,No
CUST01422,49.0,Male,11,113.4,3228.29,Two Year,Bank Transfer,DSL,No,0,Yes,No,No
CUST01423,63.0,male,4,120.11,8021.63,Month-to-Month,Credit Card,DSL,Yes,0,Yes,No,No
CUST01424,60.0,Male,8,80.1,5351.2,Month-to-Month,Credit Card,No,No,0,Yes,Yes,No
CUST01425,33.0,Male,6,112.83,7257.03,One Year,Credit Card,No,No,1,No,No,No
CUST01426,21.0,Male,7,115.67,,One Year,Bank Transfer,DSL,Yes,0,No,No,Yes
CUST01427,69.0,male,13,742.6067639881861,1038.32,Two Year,Mailed Check,Fiber Optic,No,0,Yes,No,No
CUST01428,54.0,Female,10,145.6,3914.87,Two Year,Bank Transfer,No,Yes,0,Yes,Yes,No
CUST01429,38.0,Female,8,126.73,4126.55,Two Year,Electronic Check,Fiber Optic,Yes,0,No,No,No
CUST01430,31.0,Female,12,46.58,4967.48,Two Year,Bank Transfer,Fiber Optic,Yes,1,Yes,Yes,Yes
CUST01431,48.0,Male,6,44.2,968.13,Two Year,Electronic Check,No,No,0,Yes,Yes,Yes
CUST01432,65.0,male,4,36.34,8922.79,Month-to-Month,Electronic Check,Fiber Optic,Yes,0,No,Yes,Yes
CUST01433,35.0,Male,12,37.99,2212.35,Month-to-Month,Bank Transfer,No,Yes,0,No,Yes,Yes
CUST01434,24.0,Female,14,117.26,1803.0,Two Year,Bank Transfer,No,Yes,0,No,No,No
CUST01435,27.0,Female,4,81.06,4750.69,Month-to-Month,Bank Transfer,No,Yes,0,Yes,No,No
CUST01436,24.0,male,9,121.78,4844.13,Two Year,Mailed Check,No,Yes,1,No,Yes,No
CUST01437,50.0,Male,10,117.01,3969.59,Two Year,Bank Transfer,Fiber Optic,Yes,0,No,Yes,No
CUST01438,40.0,M,5,98.6,6951.59,One Year,Credit Card,Fiber Optic,No,0,Yes,No,Yes
CUST01439,38.0,M,4,109.23,4659.56,Month-to-Month,Bank Transfer,No,Yes,0,Yes,Yes,No
CUST01440,36.0,Female,12,22.39,5495.07,Month-to-Month,Electronic Check,No,No,0,Yes,Yes,Yes
CUST01441,65.0,male,11,60.53,6519.24,One Year,Mailed Check,No,No,0,No,Yes,Yes
CUST01442,36.0,Male,10,102.92,244.73,Month-to-Month,Mailed Check,No,Yes,0,No,No,No
CUST01443,53.0,Male,8,21.21,5144.38,One Year,Electronic Check,DSL,No,1,Yes,Yes,Yes
CUST01444,46.0,Female,2,24.29,7960.07,Month-to-Month,Mailed Check,Fiber Optic,No,0,No,Yes,No
CUST01445,35.0,Female,2,130.75,176.15,Two Year,Mailed Check,Fiber Optic,Yes,0,No,Yes,Yes
CUST01446,19.0,Male,14,108.92,3658.54,One Year,Credit Card,No,No,1,No,No,No
CUST01447,18.0,Male,6,54.5,8337.52,Two Year,Credit Card,DSL,Yes,1,No,Yes,No
CUST01448,64.0,Female,6,109.44,3191.33,Two Year,Mailed Check,DSL,No,0,Yes,No,Yes
CUST01449,22.0,Male,5,123.02,,Month-to-Month,Bank Transfer,DSL,Yes,0,No,No,No
CUST01450,37.0,M,2,59.88,8834.24 ,One Year,Mailed Check,No,No,1,No,No,No
CUST01451,28.0,Female,13,24.68,1809.93,Two Year,Credit Card,DSL,Yes,0,No,No,Yes
CUST01452,59.0,Male,12,141.26,,Two Year,Mailed Check,No,Yes,1,Yes,Yes,No
CUST01453,19.0,Female,6,64.87,7737.61,One Year,Bank Transfer,DSL,No,0,No,Yes,No
CUST01454,20.0,male,4,33.84,7818.82 ,Month-to-Month,Bank Transfer,No,Yes,0,No,No,Yes
CUST01455,40.0,Female,6,83.94,,Two Year,Credit Card,No,Yes,0,No,Yes,No
CUST01456,29.0,Female,1,119.9,4637.58,Month-to-Month,Mailed Check,Fiber Optic,No,1,Yes,Yes,No
CUST01457,37.0,male,5,48.81,7525.54,One Year,Credit Card,No,Yes,1,No,No,No
CUST01458,22.0,M,13,55.03,6652.26,Month-to-Month,Electronic Check,DSL,Yes,1,Yes,No,No
CUST01459,54.0,Male,7,51.55,2401.04,One Year,Credit Card,Fiber Optic,No,1,No,Yes,No
CUST01460,55.0,male,0,148.92,171.7,Month-to-Month,Credit Card,DSL,No,0,Yes,Yes,No
CUST01461,47.0,Female,3,45.66,4327.71,Month-to-Month,Credit Card,No,No,0,Yes,Yes,No
CUST01462,26.0,Male,10,94.82,7733.03,Two Year,Mailed Check,Fiber Optic,No,1,No,Yes,No
CUST01463,51.0,male,0,140.28,8064.6,Month-to-Month,Electronic Check,No,No,1,No,No,No
CUST01464,61.0,Male,13,39.1,8606.91,Two Year,Mailed Check,No,No,1,Yes,No,No
CUST01465,52.0,Male,0,146.21,7918.48,One Year,Bank Transfer,DSL,Yes,1,Yes,No,Yes
CUST01466,69.0,male,9,143.17,5228.79,One Year,Electronic Check,DSL,No,0,No,Yes,No
CUST01467,39.0,Male,11,134.99,4012.56,Two Year,Credit Card,DSL,No,1,No,No,No
CUST01468,61.0,M,13,47.89,6978.15,Month-to-Month,Credit Card,Fiber Optic,No,0,No,Yes,No
CUST01469,41.0,male,13,102.43,6663.6,One Year,Credit Card,DSL,Yes,1,No,No,No
CUST01470,34.0,M,10,118.92,4852.53,One Year,Mailed Check,No,Yes,0,No,Yes,No
CUST01471,,Female,7,148.18,804.2,One Year,Bank Transfer,Fiber Optic,Yes,1,No,Yes,Yes
CUST01472,47.0,Male,6,43.46,8336.21,Two Year,Electronic Check,DSL,No,0,No,No,No
CUST01473,63.0,Female,11,119.58,4111.31,One Year,Electronic Check,DSL,Yes,0,Yes,No,Yes
CUST01474,40.0,Female,9,64.04,3282.74,One Year,Mailed Check,DSL,Yes,0,Yes,Yes,No
CUST01475,49.0,Male,12,42.83,5673.52,One Year,Bank Transfer,No,Yes,0,No,Yes,No
CUST01476,34.0,male,0,74.78,6071.06,One Year,Electronic Check,DSL,Yes,0,No,No,Yes
CUST01477,67.0,Male,10,123.2,1911.98,Two Year,Mailed Check,No,No,0,No,Yes,Yes
CUST01478,68.0,Female,13,80.43,7535.71,Two Year,Bank Transfer,Fiber Optic,No,0,Yes,Yes,Yes
CUST01479,34.0,Female,12,89.88,2623.64,Month-to-Month,Bank Transfer,DSL,No,0,Yes,Yes,No
CUST01480,31.0,male,1,149.37,1696.42,One Year,Electronic Check,No,No,0,No,No,Yes
CUST01481,26.0,Male,3,71.88,3669.47,Two Year,Electronic Check,DSL,No,1,No,Yes,Yes
CUST01482,57.0,Female,0,100.0,6580.43,Month-to-Month,Bank Transfer,DSL,No,1,Yes,Yes,No
CUST01483,19.0,M,2,67.48,8689.81,Month-to-Month,Electronic Check,Fiber Optic,Yes,0,Yes,Yes,No
CUST01484,62.0,Female,7,71.06,7287.35,One Year,Mailed Check,Fiber Optic,No,1,Yes,No,No
CUST01485,42.0,Female,7,110.43,8464.33,Month-to-Month,Bank Transfer,No,No,1,No,No,No
CUST01486,56.0,male,7,141.93,1282.64,Two Year,Electronic Check,No,No,0,No,No,No
CUST01487,26.0,M,5,90.51,659.17,Month-to-Month,Electronic Check,No,No,0,Yes,Yes,Yes
CUST01488,39.0,Female,5,119.89,5028.19,Month-to-Month,Mailed Check,Fiber Optic,No,1,No,Yes,No
CUST01489,60.0,Female,4,31.6,2626.87,Two Year,Electronic Check,No,Yes,0,No,Yes,No
CUST01490,63.0,M,12,47.45,7455.93,Month-to-Month,Electronic Check,Fiber Optic,Yes,0,No,Yes,No
CUST01491,21.0,Male,8,85.28,6054.45,Month-to-Month,Electronic Check,Fiber Optic,Yes,0,Yes,Yes,No
CUST01492,43.0,Male,3,22.6,8737.14,Month-to-Month,Credit Card,DSL,Yes,1,Yes,Yes,No
CUST01493,46.0,Female,9,52.87,2308.04,Month-to-Month,Mailed Check,DSL,Yes,1,Yes,No,Yes
CUST01494,62.0,Female,14,87.26,4382.34,One Year,Mailed Check,No,No,1,No,Yes,No
CUST01495,51.0,Male,11,21.94,4521.14,One Year,Credit Card,Fiber Optic,Yes,0,No,No,No
CUST01496,40.0,male,11,54.39,2167.81,Two Year,Mailed Check,Fiber Optic,Yes,0,Yes,Yes,No
CUST01497,54.0,M,11,86.82,5319.04,Month-to-Month,Electronic Check,Fiber Optic,No,0,No,Yes,No
CUST01498,28.0,M,6,94.51,4000.71,Two Year,Electronic Check,DSL,Yes,0,Yes,No,Yes
CUST01499,23.0,male,0,140.35,4031.56,One Year,Electronic Check,Fiber Optic,Yes,0,No,No,No
CUST01500,35.0,male,14,103.89,3277.38,Month-to-Month,Mailed Check,No,No,1,No,Yes,No
CUST01501,38.0,male,8,73.92,172.03,Month-to-Month,Mailed Check,No,No,0,No,Yes,No
CUST01502,59.0,male,6,140.95,4708.42,One Year,Bank Transfer,DSL,No,1,No,Yes,No
CUST01503,53.0,male,9,122.03,3030.53,Month-to-Month,Credit Card,No,Yes,0,No,No,No
CUST01504,58.0,male,11,46.0,31.85,Month-to-Month,Mailed Check,Fiber Optic,Yes,1,Yes,Yes,No
CUST01505,55.0,M,8,37.01,2785.33,One Year,Bank Transfer,Fiber Optic,Yes,0,Yes,Yes,No
CUST01506,51.0,male,6,107.86,2522.08,Two Year,Credit Card,No,No,0,No,No,No
CUST01507,34.0,Male,1,92.78,3553.16,Two Year,Credit Card,DSL,Yes,0,Yes,No,No
CUST01508,54.0,male,14,122.66,1204.03,Month-to-Month,Electronic Check,Fiber Optic,Yes,0,No,Yes,No
CUST01509,42.0,male,5,116.04,4579.0,One Year,Electronic Check,Fiber Optic,Yes,1,No,Yes,No
CUST01510,55.0,M,9,101.28,6238.11,Two Year,Bank Transfer,DSL,Yes,0,No,No,No
CUST01511,29.0,M,11,148.23,5679.07,Two Year,Bank Transfer,Fiber Optic,No,1,Yes,Yes,No
CUST01512,40.0,male,10,89.37,7237.72,Month-to-Month,Electronic Check,No,No,1,No,No,Yes
CUST01513,59.0,M,3,34.7,4079.03,Two Year,Electronic Check,No,No,1,No,No,Yes
CUST01514,39.0,Female,2,127.68,4681.44,One Year,Credit Card,DSL,No,0,Yes,Yes,No
CUST01515,38.0,M,1,52.74,7297.41,Two Year,Credit Card,DSL,Yes,0,No,No,No
CUST01516,44.0,M,5,121.05,3860.76,One Year,Mailed Check,No,No,1,Yes,No,No
CUST01517,48.0,M,7,144.42,6320.36,One Year,Electronic Check,DSL,Yes,0,Yes,Yes,No
CUST01518,,M,5,110.58,3922.73,Month-to-Month,Credit Card,No,No,1,Yes,No,Yes
CUST01519,44.0,Male,8,97.48,3771.27,Two Year,Bank Transfer,DSL,No,1,Yes,No,Yes
CUST01520,57.0,Male,13,79.85,6846.65,Month-to-Month,Credit Card,No,Yes,0,Yes,Yes,No
CUST01521,51.0,Male,4,67.37,1590.04,Two Year,Electronic Check,Fiber Optic,Yes,0,Yes,Yes,No
CUST01522,29.0,male,1,65.89,3060.5,Month-to-Month,Credit Card,Fiber Optic,No,1,Yes,No,No
CUST01523,62.0,male,7,102.73,2033.07,Month-to-Month,Electronic Check,No,Yes,1,No,Yes,No
CUST01524,24.0,Female,8,117.67,3244.81,Month-to-Month,Credit Card,Fiber Optic,No,0,No,No,Yes
CUST01525,27.0,Male,13,108.21,2088.77,Two Year,Mailed Check,No,Yes,0,No,No,No
CUST01526,62.0,male,9,45.79,5223.06 ,Month-to-Month,Mailed Check,DSL,No,0,No,No,No
CUST01527,34.0,M,3,84.22,7187.57,One Year,Bank Transfer,Fiber Optic,No,1,No,Yes,No
CUST01528,43.0,M,5,122.91,7083.79,Two Year,Bank Transfer,Fiber Optic,No,1,No,No,No
CUST01529,38.0,Male,14,81.84,3293.22,One Year,Electronic Check,Fiber Optic,No,1,No,No,No
CUST01530,45.0,Female,10,89.76,8899.07,Month-to-Month,Electronic Check,No,Yes,0,No,Yes,Yes
CUST01531,63.0,Female,9,120.25,5352.81,Month-to-Month,Electronic Check,Fiber Optic,Yes,1,Yes,Yes,No
CUST01532,19.0,M,7,105.96,3606.61,One Year,Credit Card,DSL,No,1,No,Yes,Yes
CUST01533,60.0,Female,8,73.21,7523.14,Month-to-Month,Credit Card,Fiber Optic,No,1,No,Yes,Yes
CUST01534,18.0,Male,11,136.4,6574.27,Two Year,Credit Card,DSL,No,0,Yes,No,Yes
CUST01535,68.0,M,4,41.13,6748.49,One Year,Bank Transfer,Fiber Optic,Yes,1,Yes,Yes,No
CUST01536,53.0,male,11,149.42,1781.33,Two Year,Electronic Check,Fiber Optic,No,0,Yes,Yes,No
CUST01537,68.0,male,5,35.45,4225.55,Two Year,Credit Card,DSL,Yes,1,No,No,No
CUST01538,43.0,Female,10,21.94,7759.22,Two Year,Bank Transfer,Fiber Optic,Yes,1,Yes,No,No
CUST01539,46.0,M,3,135.7,4546.26,Month-to-Month,Mailed Check,DSL,No,0,Yes,Yes,Yes
CUST01540,38.0,M,4,51.84,6157.41,Month-to-Month,Electronic Check,DSL,Yes,0,Yes,Yes,No
CUST01541,28.0,male,6,114.86,5299.64,One Year,Mailed Check,DSL,No,0,Yes,Yes,No
CUST01542,57.0,M,8,125.43,7584.36,One Year,Bank Transfer,Fiber Optic,No,1,No,Yes,No
CUST01543,28.0,M,9,131.67,2575.36,Two Year,Electronic Check,Fiber Optic,Yes,0,Yes,No,No
CUST01544,53.0,M,10,148.91,5187.77,Month-to-Month,Credit Card,DSL,Yes,1,No,Yes,No
CUST01545,66.0,Female,12,58.23,1126.65,Month-to-Month,Bank Transfer,Fiber Optic,No,1,Yes,No,No
CUST01546,56.0,M,5,112.33,6218.09 ,Month-to-Month,Mailed Check,No,Yes,0,Yes,No,Yes
CUST01547,57.0,Male,13,35.0,6593.07,One Year,Mailed Check,DSL,Yes,0,Yes,Yes,Yes
CUST01548,52.0,Female,5,72.89,404.68,Month-to-Month,Mailed Check,DSL,Yes,0,No,No,No
CUST01549,51.0,M,7,130.24,6088.6,Two Year,Bank Transfer,No,No,0,Yes,Yes,No
CUST01550,64.0,M,10,67.8,3743.92,Two Year,Bank Transfer,No,No,1,No,Yes,Yes
CUST01551,41.0,Male,3,96.84,1134.39,Two Year,Electronic Check,DSL,Yes,1,Yes,Yes,No
CUST01552,39.0,Female,2,85.49,3790.77,Month-to-Month,Electronic Check,No,No,0,No,Yes,No
CUST01553,22.0,male,13,103.97,1764.21,Two Year,Mailed Check,DSL,No,0,No,No,No
CUST01554,50.0,male,6,146.48,3751.72,Two Year,Bank Transfer,Fiber Optic,Yes,1,Yes,Yes,No
CUST01555,53.0,Female,4,27.25,3471.36,One Year,Electronic Check,No,Yes,1,Yes,No,Yes
CUST01556,64.0,M,1,94.61,6650.76,One Year,Bank Transfer,DSL,Yes,0,Yes,Yes,No
CUST01557,37.0,M,1,132.19,6972.46,Month-to-Month,Credit Card,DSL,No,1,No,No,Yes
CUST01558,36.0,male,10,82.58,5471.12,Month-to-Month,Bank Transfer,DSL,No,1,Yes,No,No
CUST01559,52.0,male,5,30.21,223.73,Month-to-Month,Mailed Check,No,Yes,1,No,Yes,Yes
CUST01560,69.0,male,7,92.87,8380.58,Month-to-Month,Bank Transfer,Fiber Optic,No,1,No,Yes,Yes
CUST01561,60.0,Male,0,63.17,6182.37,Month-to-Month,Mailed Check,Fiber Optic,No,1,No,No,No
CUST01562,34.0,male,14,40.14,327.08,One Year,Electronic Check,No,No,1,No,No,Yes
CUST01563,62.0,Male,10,130.37,7373.12,One Year,Electronic Check,DSL,Yes,1,No,No,Yes
CUST01564,60.0,Female,5,87.81,1818.39,One Year,Electronic Check,DSL,No,1,No,Yes,No
CUST01565,51.0,M,11,141.33,5221.41,Two Year,Credit Card,DSL,No,0,No,Yes,Yes
CUST01566,26.0,male,1,124.78,4210.38,Two Year,Mailed Check,No,Yes,1,Yes,Yes,No
CUST01567,43.0,M,1,110.09,3790.15,One Year,Credit Card,No,No,0,Yes,Yes,No
CUST01568,19.0,M,6,20.65,8009.63,One Year,Credit Card,DSL,No,0,No,No,No
CUST01569,26.0,male,9,75.62,3947.5,Month-to-Month,Electronic Check,DSL,Yes,0,Yes,No,Yes
CUST01570,26.0,male,0,45.67,,One Year,Mailed Check,DSL,No,0,Yes,No,Yes
CUST01571,57.0,Female,5,138.4,8520.82,Month-to-Month,Bank Transfer,No,Yes,0,No,No,No
CUST01572,34.0,Male,13,42.7,8286.41,One Year,Bank Transfer,No,No,1,Yes,No,No
CUST01573,18.0,Male,6,57.19,6166.21,Month-to-Month,Mailed Check,Fiber Optic,No,0,No,Yes,No
CUST01574,42.0,M,13,87.19,4221.67,One Year,Bank Transfer,DSL,Yes,1,No,Yes,Yes
CUST01575,60.0,male,7,54.24,853.88,Month-to-Month,Electronic Check,DSL,Yes,0,Yes,No,Yes
CUST01576,57.0,Female,6,47.28,7120.92,Two Year,Electronic Check,Fiber Optic,Yes,1,No,Yes,Yes
CUST01577,59.0,Female,5,97.88,697.79,Two Year,Credit Card,DSL,No,1,No,Yes,Yes
CUST01578,42.0,Female,8,31.56,636.04,Month-to-Month,Electronic Check,Fiber Optic,No,0,Yes,Yes,No
CUST01579,56.0,Female,12,27.56,4845.71,Month-to-Month,Bank Transfer,No,Yes,1,Yes,Yes,No
CUST01580,52.0,Female,2,68.39,1457.95,Two Year,Credit Card,Fiber Optic,Yes,0,No,Yes,No
CUST01581,20.0,Male,10,113.69,89.42,One Year,Mailed Check,Fiber Optic,Yes,1,Yes,No,No
CUST01582,67.0,Male,5,92.12,3819.56,Month-to-Month,Mailed Check,No,No,1,No,No,Yes
CUST01583,54.0,Male,3,74.97,1252.21,One Year,Credit Card,DSL,No,0,Yes,Yes,No
CUST01584,61.0,male,1,93.55,1461.43,Two Year,Electronic Check,Fiber Optic,Yes,1,Yes,No,No
CUST01585,61.0,M,0,67.51,710.66,Two Year,Credit Card,Fiber Optic,No,1,Yes,No,Yes
CUST01586,68.0,Female,11,141.7,1861.74,Month-to-Month,Credit Card,DSL,No,1,No,Yes,No
CUST01587,47.0,male,11,27.14,6445.05,One Year,Electronic Check,Fiber Optic,No,1,Yes,Yes,No
CUST01588,55.0,Female,13,107.54,7284.17,Two Year,Mailed Check,No,Yes,1,No,Yes,Yes
CUST01589,51.0,Male,0,135.87,4083.75,One Year,Credit Card,Fiber Optic,No,1,No,Yes,No
CUST01590,29.0,male,10,124.51,4568.85,Two Year,Mailed Check,DSL,Yes,0,No,No,Yes
CUST01591,36.0,Male,9,43.93,313.24,Month-to-Month,Bank Transfer,DSL,Yes,1,Yes,Yes,No
CUST01592,54.0,Female,2,58.47,642.46,One Year,Electronic Check,Fiber Optic,Yes,0,Yes,Yes,No
CUST01593,61.0,Female,3,113.22,2332.96,One Year,Bank Transfer,DSL,Yes,1,No,No,No
CUST01594,66.0,M,1,30.96,,Month-to-Month,Mailed Check,DSL,Yes,0,No,Yes,Yes
CUST01595,34.0,Female,12,125.54,6661.17,Month-to-Month,Bank Transfer,Fiber Optic,Yes,1,Yes,No,No
CUST01596,27.0,Male,11,113.46,5452.93,Month-to-Month,Bank Transfer,Fiber Optic,No,0,Yes,No,No
CUST01597,66.0,Female,10,114.85,3541.31,Month-to-Month,Bank Transfer,DSL,Yes,1,Yes,Yes,No
CUST01598,64.0,M,10,33.03,1082.55,Two Year,Credit Card,Fiber Optic,No,0,Yes,No,No
CUST01599,29.0,M,13,113.31,7031.34,One Year,Credit Card,No,No,0,No,Yes,No
CUST01600,33.0,Male,10,108.38,3286.8,Two Year,Electronic Check,Fiber Optic,No,0,No,No,No
CUST01601,41.0,male,0,128.02,6629.77,Month-to-Month,Mailed Check,DSL,No,1,Yes,Yes,No
CUST01602,36.0,Female,3,25.41,4626.55,Two Year,Mailed Check,No,Yes,1,No,Yes,Yes
CUST01603,25.0,M,14,23.0,6653.19,Two Year,Electronic Check,DSL,No,1,Yes,No,No
CUST01604,48.0,Female,6,68.49,8167.46,One Year,Mailed Check,DSL,Yes,0,Yes,Yes,No
CUST01605,38.0,Female,9,39.34,8290.85,One Year,Mailed Check,No,Yes,1,Yes,No,No
CUST01606,34.0,male,10,92.59,4825.26,One Year,Bank Transfer,Fiber Optic,No,0,Yes,No,No
CUST01607,40.0,M,5,139.26,4613.35 ,Month-to-Month,Bank Transfer,DSL,Yes,1,No,Yes,Yes
CUST01608,54.0,Female,5,70.89,2405.79,Month-to-Month,Mailed Check,Fiber Optic,No,0,No,No,No
CUST01609,33.0,M,10,129.84,8423.48,One Year,Electronic Check,Fiber Optic,Yes,0,No,Yes,No
CUST01610,23.0,Male,8,20.03,4132.11,Two Year,Electronic Check,No,Yes,0,Yes,No,No
CUST01611,25.0,Male,13,41.91,1165.77,One Year,Mailed Check,DSL,Yes,1,No,Yes,No
CUST01612,42.0,Female,14,23.96,3905.69,Month-to-Month,Electronic Check,No,No,0,Yes,No,No
CUST01613,35.0,M,1,62.66,1160.94,Two Year,Electronic Check,No,No,1,No,No,No
CUST01614,42.0,Female,3,138.06,4532.73,Month-to-Month,Bank Transfer,DSL,Yes,0,Yes,No,No
CUST01615,29.0,M,4,32.6,5060.25,One Year,Electronic Check,DSL,Yes,1,No,No,No
CUST01616,32.0,M,0,98.83,3053.05,One Year,Credit Card,No,No,0,Yes,No,No
CUST01617,43.0,male,7,78.69,663.42,Two Year,Bank Transfer,No,Yes,0,No,Yes,Yes
CUST01618,58.0,male,7,142.0,8492.66,One Year,Credit Card,No,No,0,No,Yes,No
CUST01619,62.0,male,5,35.93,6964.71,Month-to-Month,Mailed Check,DSL,No,1,No,No,Yes
CUST01620,43.0,Female,11,47.56,7553.15,Month-to-Month,Electronic Check,DSL,No,0,No,Yes,No
CUST01621,64.0,male,4,23.84,3314.48,Month-to-Month,Credit Card,No,No,0,No,Yes,No
CUST01622,49.0,male,7,76.41,6852.26,Two Year,Electronic Check,DSL,Yes,1,No,Yes,No
CUST01623,27.0,Male,2,56.12,4378.65,Month-to-Month,Credit Card,DSL,No,1,No,No,Yes
CUST01624,33.0,M,2,133.09,1825.73,One Year,Bank Transfer,DSL,No,0,Yes,Yes,No
CUST01625,24.0,M,1,98.64,1137.32,Two Year,Mailed Check,Fiber Optic,No,1,Yes,Yes,Yes
CUST01626,34.0,male,4,99.83,3118.56,Month-to-Month,Credit Card,Fiber Optic,No,1,Yes,No,No
CUST01627,40.0,M,2,89.15,1255.22,Month-to-Month,Bank Transfer,No,Yes,0,No,No,No
CUST01628,43.0,Male,2,31.94,8984.46,One Year,Mailed Check,Fiber Optic,No,1,No,No,No
CUST01629,38.0,Male,14,842.6711688520384,,One Year,Credit Card,No,Yes,0,Yes,No,No
CUST01630,39.0,male,5,149.94,3981.47,Two Year,Credit Card,No,No,0,No,No,Yes
CUST01631,24.0,Male,7,128.58,4079.8,Month-to-Month,Bank Transfer,DSL,No,0,Yes,Yes,No
CUST01632,31.0,M,1,136.15,2719.67,Month-to-Month,Mailed Check,No,Yes,1,No,Yes,Yes
CUST01633,32.0,Female,3,127.02,5150.74,One Year,Mailed Check,No,No,1,Yes,Yes,No
CUST01634,24.0,M,10,33.4,1366.79,Two Year,Bank Transfer,No,Yes,0,No,No,No
CUST01635,26.0,Female,6,49.57,7059.53,One Year,Electronic Check,No,No,0,No,Yes,No
CUST01636,68.0,male,0,20.41,3005.38,One Year,Bank Transfer,DSL,Yes,1,No,No,No
CUST01637,65.0,Female,0,59.46,5330.26,Two Year,Mailed Check,DSL,Yes,1,No,Yes,No
CUST01638,25.0,Male,11,34.12,6446.44,Month-to-Month,Bank Transfer,No,Yes,0,No,Yes,No
CUST01639,67.0,M,12,81.46,8003.6,Month-to-Month,Electronic Check,Fiber Optic,Yes,0,No,No,No
CUST01640,40.0,Female,9,108.03,7525.37,Month-to-Month,Bank Transfer,Fiber Optic,Yes,0,Yes,Yes,Yes
CUST01641,46.0,M,6,133.69,5482.62,Two Year,Bank Transfer,No,No,1,Yes,Yes,No
CUST01642,35.0,male,13,117.4,3507.77,Two Year,Credit Card,DSL,Yes,0,Yes,No,Yes
CUST01643,48.0,male,6,142.02,4538.78,Two Year,Electronic Check,No,Yes,1,No,Yes,No
CUST01644,47.0,Male,0,27.01,6923.24,Two Year,Mailed Check,No,No,0,Yes,Yes,No
CUST01645,69.0,male,0,21.58,7900.36,Two Year,Electronic Check,DSL,Yes,1,No,Yes,No
CUST01646,,Female,3,105.97,951.96,One Year,Mailed Check,Fiber Optic,No,1,Yes,No,No
CUST01647,52.0,male,4,57.62,3476.01,Month-to-Month,Mailed Check,No,No,0,Yes,No,Yes
CUST01648,35.0,Male,4,52.96,6989.53,Two Year,Credit Card,DSL,Yes,1,Yes,Yes,No
CUST01649,59.0,M,3,63.02,3896.23,Month-to-Month,Electronic Check,DSL,Yes,1,No,Yes,No
CUST01650,56.0,M,7,55.07,3003.41 ,Two Year,Credit Card,No,Yes,0,No,No,No
CUST01651,34.0,male,6,86.49,3713.68,Month-to-Month,Bank Transfer,DSL,Yes,1,Yes,No,Yes
CUST01652,31.0,Female,8,77.22,5433.55,One Year,Electronic Check,No,Yes,1,No,No,No
CUST01653,48.0,Male,6,86.62,8998.25,Month-to-Month,Bank Transfer,Fiber Optic,Yes,0,Yes,Yes,Yes
CUST01654,41.0,Female,14,107.45,4447.07,Month-to-Month,Electronic Check,No,No,1,No,Yes,No
CUST01655,52.0,Male,9,70.33,1892.28 ,Two Year,Mailed Check,Fiber Optic,No,1,Yes,No,No
CUST01656,61.0,male,0,52.67,1482.36,Month-to-Month,Bank Transfer,DSL,No,0,No,No,No
CUST01657,62.0,Male,12,41.61,400.3,One Year,Electronic Check,No,No,0,Yes,Yes,No
CUST01658,51.0,Male,13,65.43,5038.18,One Year,Electronic Check,DSL,Yes,0,No,No,No
CUST01659,20.0,male,6,116.43,4910.26,One Year,Bank Transfer,No,Yes,1,No,Yes,No
CUST01660,54.0,Female,0,118.37,1863.0,Two Year,Credit Card,DSL,No,0,Yes,No,No
CUST01661,60.0,male,6,106.7,6264.06,Two Year,Electronic Check,Fiber Optic,Yes,0,No,No,No
CUST01662,57.0,Male,9,50.42,6675.14,Two Year,Credit Card,No,Yes,0,No,Yes,No
CUST01663,43.0,male,7,96.45,2346.7,Two Year,Credit Card,DSL,No,0,No,No,Yes
CUST01664,40.0,Male,10,94.19,,Two Year,Credit Card,No,No,0,No,No,No
CUST01665,61.0,male,8,82.95,8914.44,One Year,Credit Card,No,No,0,No,Yes,No
CUST01666,56.0,M,11,91.5,3380.89,Month-to-Month,Credit Card,Fiber Optic,No,0,No,Yes,No
CUST01667,32.0,M,2,83.93,6852.0,One Year,Mailed Check,DSL,Yes,1,No,Yes,No
CUST01668,66.0,male,14,93.51,4085.47,Two Year,Credit Card,No,No,1,No,Yes,Yes
CUST01669,21.0,Female,3,113.02,7144.24,One Year,Mailed Check,No,Yes,0,No,Yes,No
CUST01670,46.0,Male,3,34.25,6925.83,Month-to-Month,Electronic Check,No,No,0,Yes,No,No
CUST01671,39.0,M,11,117.45,6016.45,Two Year,Mailed Check,No,No,1,No,No,No
CUST01672,,Female,8,37.67,7695.91,One Year,Mailed Check,No,No,0,No,Yes,No
CUST01673,30.0,Male,12,28.66,8454.18,One Year,Credit Card,DSL,Yes,1,Yes,Yes,No
CUST01674,35.0,M,6,146.89,5228.25,Month-to-Month,Electronic Check,No,Yes,0,No,No,No
CUST01675,50.0,M,2,144.41,2152.47,Two Year,Electronic Check,No,Yes,1,No,Yes,No
CUST01676,33.0,male,9,27.86,3599.69,Two Year,Electronic Check,No,Yes,0,No,Yes,No
CUST01677,62.0,Male,4,77.62,6829.59,Month-to-Month,Bank Transfer,DSL,No,1,No,Yes,Yes
CUST01678,59.0,Female,6,44.21,5864.93,Month-to-Month,Mailed Check,No,No,1,Yes,No,No
CUST01679,61.0,Female,7,83.09,1616.63,Month-to-Month,Credit Card,No,No,0,No,Yes,Yes
CUST01680,19.0,Female,0,127.92,480.13,Month-to-Month,Bank Transfer,Fiber Optic,No,1,No,No,No
CUST01681,52.0,Male,11,143.58,6153.0,Two Year,Credit Card,Fiber Optic,Yes,1,Yes,No,No
CUST01682,59.0,Female,1,102.45,2274.69,Two Year,Bank Transfer,No,No,0,Yes,Yes,No
CUST01683,51.0,Female,6,66.01,4507.04,One Year,Electronic Check,No,No,1,Yes,Yes,No
CUST01684,47.0,Female,10,98.43,6725.79,One Year,Bank Transfer,Fiber Optic,No,1,No,Yes,Yes
CUST01685,30.0,male,14,60.56,5072.75,One Year,Electronic Check,DSL,Yes,1,Yes,No,No
CUST01686,30.0,male,12,138.28,768.06,Two Year,Bank Transfer,DSL,Yes,1,No,Yes,No
CUST01687,35.0,Male,13,133.15,1686.51,Two Year,Credit Card,Fiber Optic,Yes,0,Yes,No,No
CUST01688,49.0,Male,12,92.57,1989.57,Two Year,Credit Card,No,No,1,Yes,No,No
CUST01689,49.0,Female,14,62.22,2335.62,One Year,Bank Transfer,Fiber Optic,Yes,1,No,No,No
CUST01690,52.0,male,1,58.14,5097.32,Month-to-Month,Mailed Check,DSL,Yes,1,Yes,Yes,Yes
CUST01691,56.0,M,6,24.34,4545.61,Month-to-Month,Mailed Check,Fiber Optic,No,1,No,No,Yes
CUST01692,63.0,M,14,126.06,1844.38,Month-to-Month,Bank Transfer,DSL,Yes,0,Yes,No,No
CUST01693,69.0,Female,8,78.55,626.64,Month-to-Month,Mailed Check,No,No,1,Yes,Yes,No
CUST01694,46.0,Female,10,62.27,1559.46,Month-to-Month,Credit Card,No,No,0,No,Yes,No
CUST01695,66.0,male,1,81.24,8859.74,Two Year,Mailed Check,No,Yes,0,No,Yes,No
CUST01696,46.0,male,6,126.44,4227.55,One Year,Bank Transfer,DSL,No,1,Yes,No,No
CUST01697,61.0,male,3,36.2,7808.76,Month-to-Month,Mailed Check,Fiber Optic,No,0,No,No,Yes
CUST01698,33.0,Male,10,131.5,7641.8,Month-to-Month,Bank Transfer,No,No,1,Yes,Yes,Yes
CUST01699,61.0,Male,12,136.68,4613.45,Month-to-Month,Credit Card,DSL,No,1,No,No,No
CUST01700,64.0,Female,1,143.07,6366.06,Two Year,Electronic Check,No,Yes,1,Yes,No,Yes
CUST01701,27.0,Male,12,71.67,1750.91,Month-to-Month,Credit Card,Fiber Optic,No,0,No,Yes,No
CUST01702,47.0,male,6,48.23,6201.8,One Year,Credit Card,No,Yes,0,Yes,No,No
CUST01703,42.0,male,12,68.57,2466.01,Two Year,Bank Transfer,DSL,No,1,Yes,No,Yes
CUST01704,56.0,Male,4,63.28,7491.92,Two Year,Credit Card,DSL,No,0,Yes,Yes,Yes
CUST01705,37.0,M,0,42.9,771.84,Two Year,Credit Card,No,No,0,Yes,Yes,No
CUST01706,22.0,Female,4,98.94,6962.79,Month-to-Month,Mailed Check,No,No,0,No,No,Yes
CUST01707,18.0,M,11,81.96,917.43,Month-to-Month,Bank Transfer,DSL,No,0,No,No,No
CUST01708,47.0,Female,11,132.54,,Month-to-Month,Mailed Check,No,No,1,No,Yes,Yes
CUST01709,66.0,M,2,24.17,2751.76,Month-to-Month,Bank Transfer,No,No,1,Yes,Yes,Yes
CUST01710,20.0,Male,6,103.7,5896.45,One Year,Mailed Check,No,Yes,1,Yes,Yes,No
CUST01711,62.0,Female,5,119.18,4397.77,Two Year,Mailed Check,Fiber Optic,Yes,0,Yes,Yes,No
CUST01712,31.0,Female,7,118.73,3309.4 ,Month-to-Month,Electronic Check,Fiber Optic,Yes,1,No,Yes,No
CUST01713,47.0,Female,12,135.19,5816.07,One Year,Credit Card,Fiber Optic,No,1,No,Yes,No
CUST01714,67.0,male,4,114.77,8528.76,Two Year,Mailed Check,No,Yes,1,No,Yes,No
CUST01715,,male,1,140.62,390.6,Two Year,Electronic Check,DSL,No,0,No,Yes,No
CUST01716,35.0,M,8,63.25,8271.3,Two Year,Mailed Check,No,Yes,0,Yes,No,No
CUST01717,54.0,Male,13,85.42,5489.55,Month-to-Month,Mailed Check,No,Yes,0,Yes,Yes,No
CUST01718,42.0,male,10,21.83,7269.68,Two Year,Electronic Check,Fiber Optic,No,1,Yes,Yes,No
CUST01719,,Female,7,20.9,3467.2,Month-to-Month,Electronic Check,DSL,No,1,Yes,Yes,Yes
CUST01720,18.0,male,5,51.22,4257.15,One Year,Electronic Check,Fiber Optic,No,1,No,No,No
CUST01721,63.0,Male,12,33.1,7822.28,Two Year,Credit Card,DSL,No,0,Yes,No,No
CUST01722,32.0,male,9,53.83,3745.33,One Year,Credit Card,No,No,1,No,Yes,Yes
CUST01723,26.0,Female,6,43.02,4821.24,Month-to-Month,Mailed Check,No,Yes,0,No,Yes,No
CUST01724,32.0,M,8,23.71,201.35,Month-to-Month,Credit Card,No,No,0,Yes,No,No
CUST01725,66.0,Female,6,138.21,1444.21,Month-to-Month,Electronic Check,DSL,No,0,No,Yes,Yes
CUST01726,41.0,Male,2,21.07,5782.34,Two Year,Bank Transfer,Fiber Optic,No,1,No,No,No
CUST01727,21.0,M,5,115.69,6458.45,Two Year,Credit Card,Fiber Optic,Yes,0,Yes,Yes,No
CUST01728,29.0,male,10,39.78,5251.76,One Year,Electronic Check,Fiber Optic,No,1,No,Yes,No
CUST01729,,male,12,138.59,1306.92,Month-to-Month,Electronic Check,DSL,Yes,0,Yes,No,No
CUST01730,54.0,male,10,136.06,4019.74,One Year,Electronic Check,DSL,Yes,1,No,No,No
CUST01731,60.0,M,6,105.01,3208.75,Month-to-Month,Electronic Check,No,Yes,0,No,No,No
CUST01732,23.0,Female,1,107.39,4471.04,Month-to-Month,Mailed Check,Fiber Optic,Yes,1,No,No,No
CUST01733,56.0,M,2,20.69,7835.55,One Year,Electronic Check,DSL,No,1,No,No,Yes
CUST01734,63.0,M,3,148.03,6987.24,Month-to-Month,Electronic Check,Fiber Optic,No,0,No,No,Yes
CUST01735,41.0,Male,9,134.12,774.23,One Year,Mailed Check,Fiber Optic,No,1,Yes,No,No
CUST01736,28.0,M,5,136.36,8014.98,Two Year,Credit Card,DSL,No,1,No,No,No
CUST01737,30.0,male,0,105.7,4256.47,One Year,Bank Transfer,DSL,Yes,0,No,No,No
CUST01738,51.0,Female,8,64.82,6699.88,One Year,Mailed Check,No,Yes,0,No,Yes,No
CUST01739,42.0,Female,4,136.17,1277.55,Month-to-Month,Mailed Check,No,No,1,No,Yes,No
CUST01740,24.0,Female,12,57.9,6043.06,One Year,Credit Card,No,No,0,Yes,Yes,No
CUST01741,69.0,male,11,93.15,2142.21,Two Year,Credit Card,Fiber Optic,No,1,No,Yes,No
CUST01742,21.0,male,13,32.97,3956.66,Two Year,Electronic Check,Fiber Optic,Yes,0,No,Yes,No
CUST01743,25.0,male,6,139.85,171.43,Two Year,Credit Card,No,Yes,0,No,No,No
CUST01744,37.0,male,8,38.3,1381.46,Two Year,Bank Transfer,Fiber Optic,Yes,0,Yes,Yes,No
CUST01745,46.0,male,8,49.24,846.88,One Year,Mailed Check,Fiber Optic,No,1,No,Yes,No
CUST01746,68.0,M,0,92.56,2172.9,Two Year,Bank Transfer,Fiber Optic,Yes,0,No,Yes,No
CUST01747,62.0,male,14,119.33,918.16,One Year,Electronic Check,Fiber Optic,Yes,1,No,No,No
CUST01748,63.0,male,0,100.52,6233.35,One Year,Bank Transfer,DSL,Yes,1,Yes,No,No
CUST01749,27.0,male,2,50.18,280.78,Month-to-Month,Electronic Check,DSL,No,0,No,No,No
CUST01750,60.0,male,5,20.12,5567.31,One Year,Bank Transfer,No,Yes,0,No,Yes,No
CUST01751,51.0,Female,1,118.43,1283.56,One Year,Mailed Check,No,No,0,No,Yes,No
CUST01752,43.0,male,9,148.08,8507.55,Month-to-Month,Bank Transfer,Fiber Optic,No,0,Yes,Yes,No
CUST01753,58.0,M,11,125.29,8399.18,Two Year,Credit Card,Fiber Optic,No,0,No,Yes,No
CUST01754,66.0,M,10,79.83,2045.02,Two Year,Bank Transfer,DSL,Yes,1,No,Yes,No
CUST01755,20.0,M,0,137.49,5537.5,One Year,Mailed Check,Fiber Optic,No,0,No,Yes,Yes
CUST01756,23.0,Male,0,73.28,271.49,Month-to-Month,Electronic Check,Fiber Optic,Yes,1,No,No,No
CUST01757,22.0,Female,12,88.24,8387.46,One Year,Bank Transfer,No,Yes,1,Yes,No,Yes
CUST01758,22.0,male,4,82.03,4716.43,One Year,Bank Transfer,Fiber Optic,No,0,Yes,No,Yes
CUST01759,64.0,Male,3,78.19,408.14,Two Year,Credit Card,DSL,No,0,Yes,No,No
CUST01760,40.0,male,0,120.77,3095.65,Month-to-Month,Electronic Check,Fiber Optic,No,1,No,Yes,No
CUST01761,66.0,Male,3,88.48,710.11,One Year,Electronic Check,Fiber Optic,Yes,1,Yes,Yes,No
CUST01762,26.0,Male,2,61.17,3548.64,Two Year,Electronic Check,Fiber Optic,No,0,No,Yes,No
CUST01763,52.0,M,1,53.56,6035.94,One Year,Mailed Check,Fiber Optic,Yes,1,No,Yes,No
CUST01764,37.0,M,8,24.91,4239.61,Two Year,Mailed Check,Fiber Optic,No,1,No,Yes,Yes
CUST01765,66.0,Male,13,95.82,3465.83,Month-to-Month,Credit Card,DSL,Yes,1,Yes,Yes,No
CUST01766,59.0,M,14,49.89,1090.03,One Year,Bank Transfer,No,No,0,Yes,Yes,No
CUST01767,52.0,Male,10,39.26,2219.55,Month-to-Month,Mailed Check,Fiber Optic,No,1,No,Yes,Yes
CUST01768,67.0,Female,0,105.0,919.29,Two Year,Electronic Check,No,Yes,1,No,No,No
CUST01769,35.0,M,6,108.56,7271.34,Month-to-Month,Bank Transfer,No,No,1,Yes,Yes,No
CUST01770,34.0,M,13,117.78,1234.45,Month-to-Month,Bank Transfer,DSL,No,0,Yes,No,No
CUST01771,41.0,M,12,85.46,5366.45,Month-to-Month,Bank Transfer,No,No,0,No,Yes,No
CUST01772,20.0,Female,3,136.23,3097.81,One Year,Credit Card,Fiber Optic,No,1,Yes,Yes,Yes
CUST01773,49.0,Male,4,141.72,2049.29,Two Year,Mailed Check,Fiber Optic,Yes,1,No,No,Yes
CUST01774,52.0,male,9,124.96,5762.43,Month-to-Month,Mailed Check,Fiber Optic,Yes,1,Yes,Yes,No
CUST01775,55.0,M,4,102.63,4123.88,One Year,Bank Transfer,Fiber Optic,Yes,0,Yes,Yes,No
CUST01776,30.0,Male,0,59.48,3613.31,Two Year,Credit Card,DSL,Yes,0,Yes,No,No
CUST01777,64.0,Female,5,147.78,5343.81,Two Year,Credit Card,No,Yes,1,No,Yes,Yes
CUST01778,42.0,male,12,55.64,4431.58,Two Year,Mailed Check,DSL,No,1,No,No,Yes
CUST01779,26.0,M,8,46.35,2745.29,Month-to-Month,Mailed Check,No,Yes,1,No,Yes,No
CUST01780,21.0,Female,1,77.48,5040.37,Month-to-Month,Credit Card,DSL,No,1,No,Yes,No
CUST01781,31.0,Female,6,27.39,6032.1,Month-to-Month,Electronic Check,DSL,Yes,1,Yes,No,No
CUST01782,54.0,male,5,147.2,259.7,Two Year,Credit Card,DSL,No,1,No,Yes,No
CUST01783,51.0,Male,4,96.5,4203.53,Two Year,Electronic Check,Fiber Optic,Yes,1,Yes,No,No
CUST01784,28.0,M,3,92.4,538.0,Month-to-Month,Mailed Check,Fiber Optic,No,0,No,Yes,No
CUST01785,58.0,M,3,105.25,1693.92,Month-to-Month,Credit Card,DSL,Yes,0,No,Yes,No
CUST01786,20.0,Male,5,84.61,5053.37,Two Year,Credit Card,No,No,0,No,No,No
CUST01787,45.0,Male,3,24.17,7798.38,Two Year,Credit Card,No,No,1,Yes,Yes,No
CUST01788,46.0,Male,4,99.6,,One Year,Credit Card,Fiber Optic,No,0,Yes,No,No
CUST01789,26.0,male,12,113.1,648.1,One Year,Bank Transfer,DSL,No,1,Yes,Yes,No
CUST01790,20.0,male,5,74.18,3783.56,Month-to-Month,Bank Transfer,Fiber Optic,No,0,No,No,No
CUST01791,42.0,M,4,118.45,5255.4,Two Year,Mailed Check,Fiber Optic,Yes,0,No,No,No
CUST01792,51.0,male,6,49.51,1340.69,Two Year,Mailed Check,Fiber Optic,No,0,Yes,No,No
CUST01793,29.0,Female,8,48.77,6893.58,One Year,Credit Card,DSL,No,0,Yes,No,No
CUST01794,59.0,M,9,40.98,6703.23,Two Year,Bank Transfer,DSL,No,0,Yes,Yes,No
CUST01795,26.0,male,6,68.36,8132.0,Month-to-Month,Mailed Check,Fiber Optic,Yes,1,Yes,No,Yes
CUST01796,32.0,Male,6,130.11,96.2,One Year,Electronic Check,DSL,No,1,No,Yes,No
CUST01797,57.0,Female,3,127.63,1965.82,Two Year,Bank Transfer,No,No,0,No,Yes,No
CUST01798,42.0,Male,0,69.77,7448.14,Two Year,Bank Transfer,No,Yes,1,No,Yes,No
CUST01799,22.0,M,13,96.59,6041.81,Month-to-Month,Bank Transfer,Fiber Optic,Yes,0,No,No,Yes
CUST01800,28.0,Male,7,113.71,8051.62,Two Year,Credit Card,No,No,0,No,No,No
CUST01801,51.0,male,3,51.36,533.47,One Year,Electronic Check,Fiber Optic,No,0,Yes,Yes,No
CUST01802,41.0,male,0,41.86,5380.74,One Year,Credit Card,Fiber Optic,Yes,1,Yes,Yes,No
CUST01803,32.0,M,4,146.37,5130.04,Two Year,Mailed Check,Fiber Optic,No,0,No,Yes,No
CUST01804,55.0,Male,13,100.28,340.36,Two Year,Electronic Check,DSL,No,0,Yes,No,No
CUST01805,25.0,M,13,147.58,4631.43,Two Year,Credit Card,DSL,No,1,No,No,No
CUST01806,22.0,Male,7,63.91,5493.49,Two Year,Bank Transfer,DSL,Yes,0,No,No,No
CUST01807,65.0,Female,3,111.39,1737.81,One Year,Electronic Check,DSL,No,1,Yes,Yes,No
CUST01808,43.0,male,12,48.94,2474.5,Month-to-Month,Bank Transfer,Fiber Optic,No,1,Yes,No,No
CUST01809,35.0,M,11,53.96,5770.32,One Year,Mailed Check,DSL,Yes,1,No,No,No
CUST01810,23.0,Female,7,86.55,4225.34,Two Year,Electronic Check,No,Yes,1,No,No,No
CUST01811,54.0,Female,7,61.55,7724.96,Two Year,Mailed Check,No,Yes,1,Yes,No,No
CUST01812,65.0,M,2,41.79,3094.59,One Year,Mailed Check,DSL,No,1,Yes,Yes,No
CUST01813,30.0,M,8,54.17,2414.6,One Year,Mailed Check,No,No,1,No,Yes,No
CUST01814,45.0,Female,2,24.65,8864.1,Two Year,Electronic Check,No,Yes,1,Yes,Yes,No
CUST01815,22.0,Male,0,111.58,8202.0,One Year,Mailed Check,DSL,No,1,No,Yes,No
CUST01816,30.0,Female,1,83.98,280.35,Two Year,Credit Card,Fiber Optic,Yes,1,No,No,No
CUST01817,34.0,M,14,32.25,,One Year,Credit Card,Fiber Optic,No,1,Yes,Yes,No
CUST01818,67.0,Female,5,42.32,1010.81,Two Year,Mailed Check,Fiber Optic,No,1,Yes,Yes,No
CUST01819,57.0,Male,11,33.33,266.82,One Year,Bank Transfer,DSL,No,1,No,Yes,No
CUST01820,62.0,male,9,99.64,2477.79,Two Year,Mailed Check,Fiber Optic,No,1,Yes,Yes,Yes
CUST01821,49.0,male,1,32.25,2438.73,Month-to-Month,Mailed Check,Fiber Optic,No,1,Yes,Yes,Yes
CUST01822,46.0,Female,5,118.06,7377.48,Month-to-Month,Bank Transfer,No,No,1,Yes,No,Yes
CUST01823,68.0,Male,13,22.67,6401.79,One Year,Electronic Check,Fiber Optic,Yes,1,Yes,Yes,No
CUST01824,20.0,male,0,52.42,8834.85,Month-to-Month,Electronic Check,DSL,No,0,Yes,No,No
CUST01825,57.0,Female,10,135.79,6409.39,Two Year,Mailed Check,Fiber Optic,Yes,0,No,No,No
CUST01826,51.0,Female,12,113.41,3775.93,One Year,Credit Card,No,No,1,Yes,No,No
CUST01827,57.0,Male,0,29.49,6296.37,One Year,Credit Card,No,Yes,1,Yes,Yes,No
CUST01828,44.0,M,4,126.75,8995.14,Two Year,Credit Card,No,Yes,0,Yes,Yes,Yes
CUST01829,30.0,Female,9,84.09,6397.07,Two Year,Mailed Check,No,No,0,No,No,Yes
CUST01830,62.0,M,12,130.08,6859.9,Two Year,Credit Card,Fiber Optic,No,1,No,Yes,No
CUST01831,50.0,M,10,98.1,8446.52,One Year,Credit Card,No,No,1,No,No,Yes
CUST01832,23.0,male,8,108.64,1040.59,Two Year,Electronic Check,No,Yes,0,Yes,No,No
CUST01833,41.0,M,13,149.16,6348.96,Month-to-Month,Mailed Check,No,No,1,No,Yes,Yes
CUST01834,36.0,Male,7,50.2,7660.24,One Year,Electronic Check,Fiber Optic,No,0,Yes,Yes,No
CUST01835,33.0,male,2,101.11,8590.32,Two Year,Bank Transfer,DSL,No,1,Yes,No,No
CUST01836,57.0,male,14,79.84,,One Year,Electronic Check,No,No,0,No,Yes,No
CUST01837,45.0,male,2,25.13,4545.28,Month-to-Month,Mailed Check,No,Yes,1,No,No,Yes
CUST01838,50.0,Female,14,21.88,6131.38,Month-to-Month,Credit Card,No,No,1,No,No,Yes
CUST01839,65.0,Female,0,35.5,2242.26,Two Year,Mailed Check,Fiber Optic,Yes,0,No,Yes,No
CUST01840,58.0,M,13,104.38,5412.25,One Year,Electronic Check,Fiber Optic,Yes,1,Yes,No,No
CUST01841,30.0,male,2,93.73,2333.06,Two Year,Mailed Check,No,No,0,No,Yes,No
CUST01842,60.0,male,14,91.95,3014.44,One Year,Mailed Check,DSL,No,0,Yes,Yes,Yes
CUST01843,62.0,Male,13,24.14,3984.84,Two Year,Electronic Check,No,Yes,0,No,No,Yes
CUST01844,42.0,M,11,81.01,4772.13,Two Year,Electronic Check,DSL,No,1,No,Yes,No
CUST01845,59.0,Male,11,140.2,4055.31,One Year,Bank Transfer,DSL,Yes,0,No,No,No
CUST01846,53.0,M,11,71.69,4448.9,One Year,Bank Transfer,Fiber Optic,Yes,1,Yes,Yes,Yes
CUST01847,44.0,M,12,101.24,2701.33,Month-to-Month,Electronic Check,Fiber Optic,No,0,No,No,No
CUST01848,55.0,Female,10,121.38,1447.51,Month-to-Month,Mailed Check,Fiber Optic,No,0,Yes,No,No
CUST01849,24.0,Female,0,121.91,445.2,One Year,Electronic Check,DSL,No,0,Yes,No,No
CUST01850,22.0,Male,7,87.51,1779.89,Month-to-Month,Credit Card,DSL,Yes,0,Yes,Yes,No
CUST01851,60.0,M,0,131.53,5245.85,Month-to-Month,Bank Transfer,DSL,Yes,1,Yes,No,Yes
CUST01852,62.0,male,4,70.88,7079.32,One Year,Credit Card,Fiber Optic,No,1,Yes,No,No
CUST01853,68.0,Female,8,135.53,1539.84,One Year,Mailed Check,Fiber Optic,No,1,Yes,No,No
CUST01854,120.0,male,6,51.23,994.83,One Year,Credit Card,Fiber Optic,Yes,1,Yes,Yes,No
CUST01855,40.0,Male,3,56.43,6748.63,Two Year,Electronic Check,No,Yes,1,Yes,No,No
CUST01856,59.0,Female,10,26.91,2760.32,One Year,Electronic Check,DSL,No,1,Yes,No,Yes
CUST01857,27.0,Female,8,123.43,8564.46,One Year,Electronic Check,DSL,Yes,0,No,No,No
CUST01858,49.0,M,8,74.22,6434.58,One Year,Credit Card,No,No,1,No,Yes,No
CUST01859,60.0,Male,1,49.79,2954.27,Month-to-Month,Credit Card,DSL,Yes,1,No,No,No
CUST01860,47.0,M,9,50.13,2620.09,One Year,Credit Card,DSL,No,1,Yes,Yes,No
CUST01861,56.0,Female,9,137.18,4722.81,Month-to-Month,Electronic Check,No,No,1,Yes,Yes,Yes
CUST01862,48.0,Male,10,128.41,730.72,Two Year,Electronic Check,DSL,Yes,1,No,Yes,Yes
CUST01863,35.0,Female,11,91.96,1076.74,One Year,Electronic Check,Fiber Optic,Yes,1,No,Yes,No
CUST01864,53.0,Male,5,100.09,1599.2,One Year,Credit Card,No,No,0,Yes,Yes,No
CUST01865,19.0,Female,3,81.66,6977.02,Month-to-Month,Credit Card,DSL,No,0,No,No,No
CUST01866,31.0,male,7,70.92,4634.44,Two Year,Mailed Check,Fiber Optic,No,1,Yes,No,No
CUST01867,30.0,male,11,139.01,114.89,One Year,Bank Transfer,DSL,No,0,No,Yes,Yes
CUST01868,46.0,M,10,36.33,6068.18,Two Year,Electronic Check,No,Yes,1,Yes,Yes,No
CUST01869,29.0,male,6,74.4,,Two Year,Credit Card,Fiber Optic,No,0,Yes,No,Yes
CUST01870,56.0,Female,6,64.79,4607.45,One Year,Bank Transfer,DSL,Yes,1,Yes,No,No
CUST01871,19.0,Female,10,84.76,1942.76,Two Year,Credit Card,No,Yes,0,Yes,No,No
CUST01872,49.0,male,9,79.49,4975.0,Two Year,Credit Card,DSL,No,0,No,Yes,Yes
CUST01873,30.0,M,8,87.46,8812.8,One Year,Electronic Check,DSL,Yes,1,Yes,No,No
CUST01874,63.0,male,12,38.19,679.53,Month-to-Month,Bank Transfer,Fiber Optic,Yes,1,Yes,No,No
CUST01875,44.0,Male,4,86.71,2569.58,One Year,Credit Card,DSL,No,0,No,Yes,Yes
CUST01876,66.0,Male,5,51.51,2202.12,Two Year,Bank Transfer,No,No,1,No,Yes,Yes
CUST01877,58.0,Male,0,43.96,2251.97,One Year,Bank Transfer,No,No,1,No,No,No
CUST01878,34.0,male,5,28.43,3420.78,Month-to-Month,Electronic Check,Fiber Optic,No,1,Yes,No,No
CUST01879,57.0,male,1,119.14,,Two Year,Bank Transfer,Fiber Optic,No,1,Yes,Yes,No
CUST01880,48.0,male,5,75.57,8217.47,Two Year,Mailed Check,DSL,Yes,1,No,No,Yes
CUST01881,51.0,Male,8,101.46,1835.89,Month-to-Month,Mailed Check,No,No,1,No,No,No
CUST01882,41.0,M,7,114.59,4895.69,Month-to-Month,Electronic Check,Fiber Optic,No,0,No,No,Yes
CUST01883,62.0,Female,8,108.31,5739.35,Two Year,Electronic Check,DSL,Yes,1,Yes,No,No
CUST01884,52.0,male,12,81.17,4706.01,Month-to-Month,Mailed Check,DSL,No,1,No,No,No
CUST01885,65.0,M,14,70.43,3918.01,One Year,Electronic Check,No,No,0,No,Yes,No
CUST01886,23.0,Female,9,68.87,1743.94,Month-to-Month,Bank Transfer,No,No,0,Yes,No,No
CUST01887,36.0,Female,7,103.21,4404.21,One Year,Credit Card,DSL,Yes,0,Yes,No,No
CUST01888,47.0,Female,2,84.32,3622.91,Two Year,Electronic Check,No,No,1,Yes,Yes,No
CUST01889,24.0,M,7,130.39,7164.16,Two Year,Mailed Check,DSL,No,0,No,No,No
CUST01890,27.0,M,5,133.71,6877.17,Two Year,Credit Card,DSL,No,0,Yes,No,No
CUST01891,58.0,Male,12,42.17,1223.31,Two Year,Bank Transfer,No,No,0,Yes,Yes,No
CUST01892,49.0,M,5,37.71,814.9,Two Year,Credit Card,Fiber Optic,No,0,No,Yes,Yes
CUST01893,51.0,M,5,101.95,8175.22,Month-to-Month,Mailed Check,DSL,Yes,0,Yes,No,No
CUST01894,45.0,M,2,59.16,4828.87,Month-to-Month,Credit Card,No,No,0,No,Yes,No
CUST01895,32.0,Female,9,22.41,7723.05,Two Year,Mailed Check,DSL,No,0,No,No,No
CUST01896,47.0,male,0,135.52,542.2,Month-to-Month,Electronic Check,DSL,No,0,Yes,No,No
CUST01897,54.0,Male,11,49.5,4748.11,Month-to-Month,Electronic Check,DSL,No,1,No,Yes,Yes
CUST01898,46.0,male,13,140.81,4864.05,Two Year,Mailed Check,No,No,1,No,Yes,Yes
CUST01899,39.0,male,3,113.27,7749.1,Month-to-Month,Electronic Check,No,Yes,0,No,No,Yes
CUST01900,21.0,M,9,119.14,896.54,Two Year,Bank Transfer,No,Yes,1,Yes,No,No
CUST01901,37.0,Male,11,46.19,2179.2,Two Year,Credit Card,Fiber Optic,No,1,No,No,No
CUST01902,49.0,male,5,50.45,3670.71,Two Year,Mailed Check,DSL,No,1,No,Yes,No
CUST01903,53.0,male,10,87.76,7795.26,Two Year,Mailed Check,Fiber Optic,Yes,0,Yes,Yes,Yes
CUST01904,67.0,Male,11,42.37,8451.17,Month-to-Month,Mailed Check,DSL,Yes,0,Yes,No,No
CUST01905,21.0,M,9,59.71,8934.67,Month-to-Month,Bank Transfer,No,Yes,1,No,No,No
CUST01906,44.0,male,1,508.81388579508365,8633.56,One Year,Bank Transfer,DSL,No,0,No,No,No
CUST01907,34.0,Female,6,40.75,73.36,One Year,Bank Transfer,DSL,Yes,1,Yes,No,No
CUST01908,29.0,male,6,46.67,448.42,Two Year,Mailed Check,DSL,No,0,No,No,No
CUST01909,39.0,Female,10,122.51,1345.51,One Year,Bank Transfer,Fiber Optic,No,1,Yes,No,No
CUST01910,34.0,M,3,41.74,3152.78,Month-to-Month,Electronic Check,No,Yes,0,Yes,No,Yes
CUST01911,27.0,male,3,23.7,,Month-to-Month,Credit Card,No,No,0,Yes,No,No
CUST01912,18.0,Male,14,101.82,8036.05,One Year,Electronic Check,DSL,No,1,No,No,No
CUST01913,39.0,Male,0,146.88,1697.77,One Year,Electronic Check,No,Yes,1,Yes,Yes,No
CUST01914,43.0,male,12,63.06,5584.58,Month-to-Month,Bank Transfer,Fiber Optic,No,1,Yes,Yes,No
CUST01915,35.0,M,1,35.43,8257.91,One Year,Mailed Check,Fiber Optic,Yes,1,Yes,No,No
CUST01916,67.0,M,8,94.15,4184.31,Month-to-Month,Electronic Check,No,Yes,0,No,No,Yes
CUST01917,31.0,Male,9,137.83,949.82,Month-to-Month,Credit Card,Fiber Optic,Yes,0,No,Yes,No
CUST01918,,male,7,121.93,4131.17,One Year,Bank Transfer,Fiber Optic,No,1,Yes,Yes,No
CUST01919,46.0,M,7,100.93,3394.64,One Year,Electronic Check,No,Yes,1,Yes,Yes,No
CUST01920,29.0,Male,8,60.96,5207.37,Two Year,Bank Transfer,No,Yes,0,No,Yes,No
CUST01921,53.0,Female,14,90.44,3959.15,Two Year,Credit Card,DSL,No,0,No,No,No
CUST01922,52.0,male,6,31.86,175.77,Two Year,Bank Transfer,DSL,Yes,0,No,No,No
CUST01923,69.0,Female,12,108.26,8946.1,Two Year,Mailed Check,Fiber Optic,No,0,Yes,Yes,No
CUST01924,29.0,Female,8,114.26,4900.99,Two Year,Electronic Check,No,No,1,No,No,Yes
CUST01925,,M,9,145.45,4273.2,Month-to-Month,Electronic Check,Fiber Optic,Yes,1,Yes,No,No
CUST01926,46.0,M,11,53.85,8592.46,One Year,Mailed Check,No,Yes,0,Yes,No,No
CUST01927,28.0,M,1,22.4,1419.63,Month-to-Month,Credit Card,Fiber Optic,No,0,No,Yes,No
CUST01928,50.0,male,5,90.93,1719.35,Two Year,Credit Card,Fiber Optic,Yes,1,Yes,Yes,Yes
CUST01929,23.0,Female,14,111.88,7275.97,Two Year,Bank Transfer,Fiber Optic,No,1,Yes,No,No
CUST01930,64.0,male,2,122.75,2362.26,One Year,Electronic Check,DSL,Yes,0,No,Yes,No
CUST01931,32.0,M,10,45.19,7197.06,Month-to-Month,Credit Card,No,No,1,Yes,Yes,Yes
CUST01932,49.0,Female,14,54.03,2458.37,Two Year,Mailed Check,Fiber Optic,Yes,1,Yes,Yes,No
CUST01933,68.0,male,5,86.64,318.02,Two Year,Mailed Check,DSL,Yes,0,No,No,No
CUST01934,28.0,male,2,62.98,4662.79,Two Year,Mailed Check,Fiber Optic,No,1,Yes,No,No
CUST01935,40.0,Male,7,131.87,1786.24,Two Year,Credit Card,Fiber Optic,Yes,0,No,No,No
CUST01936,43.0,male,14,81.59,6825.46,Month-to-Month,Mailed Check,No,Yes,0,No,Yes,Yes
CUST01937,51.0,M,10,123.95,5777.97,Month-to-Month,Electronic Check,Fiber Optic,No,0,Yes,Yes,Yes
CUST01938,63.0,male,14,95.48,8313.95,Two Year,Credit Card,No,No,1,Yes,No,No
CUST01939,51.0,Female,12,120.5,7051.24,Month-to-Month,Credit Card,DSL,No,1,No,Yes,No
CUST01940,46.0,male,3,63.25,1643.37,Two Year,Electronic Check,DSL,Yes,1,No,Yes,No
CUST01941,21.0,Male,11,128.08,7205.42,One Year,Mailed Check,Fiber Optic,Yes,0,Yes,Yes,No
CUST01942,34.0,Female,9,55.69,5782.8,One Year,Credit Card,DSL,No,1,Yes,Yes,No
CUST01943,52.0,Female,5,90.99,6027.19,One Year,Electronic Check,No,No,1,Yes,No,No
CUST01944,30.0,Male,14,47.82,7493.72,Month-to-Month,Electronic Check,No,Yes,0,No,No,No
CUST01945,58.0,M,8,81.82,5172.94,Two Year,Bank Transfer,DSL,No,1,Yes,Yes,No
CUST01946,56.0,Female,1,61.36,4204.71,One Year,Mailed Check,No,No,1,Yes,No,No
CUST01947,32.0,M,1,54.67,5737.04,One Year,Mailed Check,No,No,0,Yes,No,Yes
CUST01948,46.0,Female,6,145.71,2695.66,Month-to-Month,Electronic Check,Fiber Optic,Yes,1,Yes,No,Yes
CUST01949,46.0,Female,14,40.81,1659.72,Month-to-Month,Credit Card,Fiber Optic,Yes,1,No,Yes,No
CUST01950,28.0,M,1,122.35,5556.96,One Year,Bank Transfer,No,No,1,No,No,Yes
CUST01951,69.0,Female,1,147.94,2119.96,Two Year,Bank Transfer,DSL,Yes,1,Yes,Yes,Yes
CUST01952,49.0,M,3,22.59,,Two Year,Credit Card,No,Yes,1,Yes,No,No
CUST01953,19.0,Male,8,110.87,24.98,Two Year,Bank Transfer,Fiber Optic,No,1,No,No,Yes
CUST01954,64.0,M,7,52.88,5482.71,One Year,Credit Card,DSL,Yes,0,Yes,No,No
CUST01955,31.0,Male,1,25.26,3272.1,Month-to-Month,Bank Transfer,No,No,0,No,No,No
CUST01956,37.0,Female,7,72.38,6775.75,Two Year,Credit Card,DSL,Yes,0,No,Yes,No
CUST01957,39.0,M,3,141.58,3389.08,One Year,Electronic Check,DSL,No,1,No,No,No
CUST01958,28.0,Female,1,21.53,4384.31,One Year,Electronic Check,DSL,No,0,No,No,No
CUST01959,44.0,M,10,96.43,3675.62,Month-to-Month,Bank Transfer,No,No,0,Yes,No,No
CUST01960,20.0,Male,9,85.18,5862.16,Two Year,Bank Transfer,Fiber Optic,Yes,0,No,No,Yes
CUST01961,34.0,Male,6,133.54,3218.13,One Year,Electronic Check,DSL,No,1,Yes,No,No
CUST01962,61.0,M,5,30.92,8674.63,Two Year,Mailed Check,DSL,Yes,0,Yes,Yes,No
CUST01963,45.0,Male,13,108.6,8426.6,Two Year,Credit Card,No,No,1,No,Yes,No
CUST01964,46.0,Female,9,108.41,7635.29,Two Year,Mailed Check,Fiber Optic,Yes,0,No,Yes,No
CUST01965,38.0,Female,4,106.98,8284.3,One Year,Bank Transfer,Fiber Optic,No,0,No,Yes,No
CUST01966,64.0,male,10,142.5,4053.27,Two Year,Electronic Check,No,No,0,Yes,No,No
CUST01967,33.0,Male,0,127.0,4837.14,Month-to-Month,Bank Transfer,DSL,Yes,0,No,Yes,No
CUST01968,54.0,Female,1,25.46,6683.99,One Year,Mailed Check,No,No,1,No,Yes,No
CUST01969,37.0,M,7,81.24,6271.39,One Year,Electronic Check,Fiber Optic,No,0,No,No,No
CUST01970,23.0,Male,0,71.73,8018.29,Two Year,Electronic Check,DSL,Yes,0,Yes,Yes,No
CUST01971,36.0,Female,2,60.32,6452.65,Two Year,Electronic Check,DSL,Yes,0,No,Yes,No
CUST01972,22.0,Male,1,78.67,8981.0,Two Year,Credit Card,Fiber Optic,No,1,No,No,Yes
CUST01973,20.0,M,4,69.95,3149.58,One Year,Bank Transfer,DSL,No,0,No,Yes,Yes
CUST01974,18.0,Female,3,76.2,7500.32,Month-to-Month,Mailed Check,No,Yes,0,Yes,Yes,Yes
CUST01975,55.0,male,12,147.3,6284.76,Month-to-Month,Credit Card,Fiber Optic,No,1,No,Yes,Yes
CUST01976,32.0,male,6,31.52,6228.65,One Year,Mailed Check,Fiber Optic,No,1,Yes,Yes,No
CUST01977,51.0,Male,4,139.89,2946.0,Month-to-Month,Credit Card,DSL,Yes,0,Yes,No,No
CUST01978,52.0,M,7,82.43,7074.7,Two Year,Electronic Check,Fiber Optic,No,0,Yes,Yes,No
CUST01979,,Female,3,101.09,8105.38,One Year,Credit Card,No,No,0,Yes,No,No
CUST01980,42.0,M,14,127.92,1982.57,Month-to-Month,Bank Transfer,Fiber Optic,Yes,0,Yes,No,No
CUST01981,41.0,Female,11,66.86,5636.96,One Year,Bank Transfer,DSL,No,1,No,No,No
CUST01982,29.0,Male,5,75.95,3541.37,Month-to-Month,Mailed Check,Fiber Optic,No,0,No,No,No
CUST01983,35.0,Female,3,73.24,8906.14,One Year,Electronic Check,DSL,No,0,Yes,Yes,No
CUST01984,32.0,M,1,68.72,4319.92,Month-to-Month,Electronic Check,DSL,No,0,Yes,Yes,No
CUST01985,61.0,M,0,140.32,2070.32,One Year,Mailed Check,No,No,1,Yes,Yes,No
CUST01986,33.0,Male,13,127.76,3449.08,One Year,Bank Transfer,Fiber Optic,Yes,1,Yes,No,Yes
CUST01987,44.0,M,13,34.17,5891.47,One Year,Bank Transfer,No,No,0,No,No,No
CUST01988,25.0,Female,0,34.06,703.28,One Year,Mailed Check,No,No,1,No,No,No
CUST01989,63.0,Male,7,75.62,5440.35,One Year,Electronic Check,Fiber Optic,Yes,0,Yes,Yes,Yes
CUST01990,42.0,Female,13,32.83,8382.4,Two Year,Mailed Check,No,No,0,Yes,Yes,No
CUST01991,34.0,M,3,100.48,7656.26,One Year,Mailed Check,No,No,1,Yes,Yes,Yes
CUST01992,46.0,Male,4,798.5166171912417,627.71,One Year,Credit Card,DSL,No,1,No,Yes,No
CUST01993,25.0,Female,10,87.91,8940.64,One Year,Mailed Check,No,Yes,1,Yes,Yes,Yes
CUST01994,32.0,M,7,20.94,,Month-to-Month,Bank Transfer,Fiber Optic,No,0,No,Yes,Yes
CUST01995,44.0,M,11,61.16,1477.28,One Year,Mailed Check,DSL,Yes,1,No,No,No
CUST01996,63.0,male,14,108.03,131.5,Two Year,Electronic Check,No,Yes,0,Yes,No,No
CUST01997,67.0,M,6,82.93,1558.12,One Year,Electronic Check,No,No,1,No,Yes,Yes
CUST01998,69.0,Female,12,147.18,7546.82,Month-to-Month,Bank Transfer,Fiber Optic,Yes,0,Yes,No,Yes
CUST01999,24.0,Male,7,133.63,214.32,Month-to-Month,Electronic Check,No,Yes,0,No,Yes,No
CUST02000,20.0,male,12,66.68,2113.66,One Year,Mailed Check,Fiber Optic,Yes,0,Yes,No,No
CUST02001,46.0,M,7,25.91,6820.6,One Year,Bank Transfer,No,Yes,1,Yes,Yes,Yes
CUST02002,61.0,M,5,129.93,5283.27,One Year,Electronic Check,No,No,1,Yes,Yes,No
CUST02003,41.0,M,9,138.46,7048.97,One Year,Mailed Check,Fiber Optic,No,1,Yes,Yes,Yes
CUST02004,20.0,Female,1,126.68,,Month-to-Month,Electronic Check,DSL,No,0,Yes,No,No
CUST02005,37.0,male,5,36.63,474.4,One Year,Credit Card,Fiber Optic,No,1,Yes,Yes,No
CUST02006,63.0,Female,13,149.73,8034.75,Month-to-Month,Electronic Check,DSL,Yes,1,No,No,Yes
CUST02007,32.0,male,0,53.62,2058.75,Month-to-Month,Bank Transfer,DSL,No,1,No,Yes,No
CUST02008,42.0,Male,0,114.15,4989.46,Two Year,Mailed Check,Fiber Optic,No,1,Yes,No,Yes
CUST02009,47.0,Female,10,138.04,5805.71,Month-to-Month,Mailed Check,Fiber Optic,Yes,0,No,No,No
CUST02010,31.0,Female,2,50.64,1534.28,One Year,Bank Transfer,No,No,1,Yes,Yes,No
CUST02011,24.0,Male,2,138.07,8786.56,One Year,Credit Card,No,Yes,0,No,Yes,No
CUST02012,34.0,male,10,60.23,4403.64,One Year,Mailed Check,DSL,No,0,No,Yes,Yes
CUST02013,61.0,M,12,146.93,537.63,One Year,Bank Transfer,No,No,0,Yes,No,No
CUST02014,37.0,Male,4,56.56,8436.61,Two Year,Electronic Check,Fiber Optic,No,0,Yes,Yes,No
CUST02015,53.0,M,0,143.95,5284.69,Two Year,Credit Card,DSL,Yes,0,No,Yes,No
CUST02016,26.0,M,9,26.96,6298.75,Two Year,Bank Transfer,No,No,1,No,No,Yes
CUST02017,55.0,Male,5,112.21,,Two Year,Electronic Check,No,No,1,No,No,No
CUST02018,65.0,male,6,89.17,7515.95,Month-to-Month,Mailed Check,Fiber Optic,Yes,0,No,No,No
CUST02019,39.0,M,9,82.12,317.54,Two Year,Mailed Check,Fiber Optic,No,1,No,Yes,Yes
CUST02020,19.0,Male,11,49.05,2430.04,Month-to-Month,Credit Card,No,No,0,No,Yes,No
CUST02021,41.0,Female,12,111.73,,One Year,Electronic Check,DSL,Yes,0,Yes,Yes,No
CUST02022,25.0,Female,10,44.81,707.9,Month-to-Month,Bank Transfer,DSL,Yes,0,No,Yes,No
CUST02023,28.0,Female,2,91.87,6359.04,Month-to-Month,Mailed Check,Fiber Optic,No,0,Yes,No,No
CUST02024,,Male,3,52.92,3555.1,Two Year,Bank Transfer,Fiber Optic,Yes,1,No,No,No
CUST02025,34.0,Female,9,144.23,2468.56,One Year,Bank Transfer,Fiber Optic,Yes,0,Yes,No,Yes
CUST02026,25.0,M,10,23.72,50.34,One Year,Bank Transfer,No,Yes,1,Yes,Yes,No
CUST02027,38.0,Female,9,45.96,6484.08,Two Year,Credit Card,No,No,1,Yes,No,No
CUST02028,35.0,Female,13,51.5,7507.61,Month-to-Month,Bank Transfer,Fiber Optic,No,1,Yes,Yes,Yes
CUST02029,47.0,M,11,73.83,3567.46,Two Year,Credit Card,DSL,Yes,1,No,No,No
CUST02030,35.0,Female,14,50.25,5086.68,Month-to-Month,Credit Card,Fiber Optic,Yes,0,Yes,No,No
CUST02031,63.0,M,9,83.88,2064.63,Two Year,Electronic Check,Fiber Optic,No,1,Yes,Yes,No
CUST02032,64.0,Female,13,133.42,5607.33,Two Year,Mailed Check,DSL,Yes,0,No,No,No
CUST02033,48.0,M,9,112.57,128.99,One Year,Bank Transfer,DSL,Yes,1,No,No,No
CUST02034,55.0,Female,9,95.4,4408.02,One Year,Electronic Check,DSL,No,0,No,Yes,No
CUST02035,49.0,M,2,31.57,5804.97,One Year,Electronic Check,DSL,No,0,Yes,No,No
CUST02036,28.0,Male,0,110.22,8265.36,Two Year,Electronic Check,No,No,1,No,Yes,No
CUST02037,,M,7,41.63,3444.4,One Year,Electronic Check,No,Yes,1,Yes,No,No
CUST02038,42.0,Female,12,122.23,6891.41,One Year,Electronic Check,Fiber Optic,Yes,1,Yes,No,No
CUST02039,50.0,Female,9,52.51,5387.23,Two Year,Bank Transfer,No,Yes,0,Yes,Yes,Yes
CUST02040,55.0,male,9,74.22,8344.57,One Year,Electronic Check,Fiber Optic,No,1,No,Yes,No
CUST02041,58.0,M,1,65.56,3597.43,Month-to-Month,Mailed Check,Fiber Optic,Yes,1,Yes,Yes,Yes
CUST02042,25.0,Male,0,131.65,2885.48,One Year,Credit Card,DSL,No,1,Yes,No,No
CUST02043,28.0,M,13,36.45,7986.54,Month-to-Month,Credit Card,DSL,No,0,Yes,No,Yes
CUST02044,39.0,M,7,93.53,462.21,One Year,Mailed Check,No,Yes,1,No,Yes,No
CUST02045,68.0,Male,6,38.47,1244.74,Two Year,Bank Transfer,No,No,1,No,Yes,No
CUST02046,41.0,M,6,111.62,759.99,Two Year,Credit Card,No,Yes,0,Yes,Yes,No
CUST02047,58.0,Male,3,137.66,7591.13,One Year,Mailed Check,No,Yes,1,Yes,Yes,Yes
CUST02048,34.0,Male,10,76.5,115.25,Month-to-Month,Mailed Check,DSL,No,0,Yes,No,Yes
CUST02049,29.0,M,8,83.45,7757.68,One Year,Electronic Check,DSL,Yes,0,Yes,No,No
CUST02050,63.0,M,5,140.56,4072.38,Two Year,Credit Card,No,No,0,No,Yes,No
CUST02051,49.0,Female,1,87.73,56.15,One Year,Electronic Check,Fiber Optic,No,0,Yes,Yes,Yes
CUST02052,32.0,Female,13,83.39,3626.77,Two Year,Bank Transfer,DSL,No,0,No,No,No
CUST02053,33.0,male,0,95.18,1697.47,Month-to-Month,Credit Card,DSL,Yes,0,Yes,No,Yes
CUST02054,39.0,male,0,109.6,5627.12,Month-to-Month,Credit Card,DSL,Yes,0,Yes,No,No
CUST02055,45.0,M,8,33.89,6120.64,Two Year,Mailed Check,DSL,Yes,0,No,No,No
CUST02056,37.0,Male,3,126.74,4398.0,Month-to-Month,Credit Card,No,No,0,Yes,No,Yes
CUST02057,50.0,male,4,76.62,383.87,Two Year,Bank Transfer,No,No,0,Yes,No,No
CUST02058,27.0,M,2,29.41,5912.04,Two Year,Bank Transfer,Fiber Optic,Yes,0,No,Yes,No
CUST02059,57.0,male,3,122.2,7581.51,Two Year,Credit Card,DSL,No,0,Yes,Yes,No
CUST02060,49.0,Male,11,69.0,6488.51,One Year,Mailed Check,No,Yes,0,No,No,No
CUST02061,67.0,M,7,33.05,7473.02,Month-to-Month,Bank Transfer,No,Yes,0,No,Yes,No
CUST02062,50.0,Male,12,102.39,1820.58,One Year,Electronic Check,DSL,Yes,1,Yes,Yes,Yes
CUST02063,19.0,M,3,134.42,8002.21,One Year,Bank Transfer,No,Yes,0,No,No,No
CUST02064,50.0,male,8,135.41,2913.3,Month-to-Month,Credit Card,No,No,1,No,No,Yes
CUST02065,50.0,Female,8,144.5,140.38,One Year,Electronic Check,No,Yes,1,Yes,Yes,Yes
CUST02066,58.0,male,5,132.8,7593.66,Two Year,Credit Card,Fiber Optic,No,1,Yes,No,No
CUST02067,30.0,male,1,20.28,8477.55,One Year,Credit Card,No,No,1,Yes,No,No
CUST02068,47.0,Female,11,69.43,5906.91,Two Year,Credit Card,DSL,Yes,1,No,Yes,No
CUST02069,50.0,Female,9,126.41,2098.3,Month-to-Month,Mailed Check,DSL,Yes,1,Yes,Yes,Yes
CUST02070,30.0,M,10,67.61,2280.67,One Year,Mailed Check,DSL,No,0,No,Yes,No
CUST02071,69.0,M,6,98.2,4210.0,Month-to-Month,Bank Transfer,No,Yes,1,Yes,No,No
CUST02072,43.0,Male,8,98.82,8082.52,Two Year,Credit Card,Fiber Optic,No,0,Yes,Yes,No
CUST02073,39.0,Male,5,67.45,1363.39,One Year,Electronic Check,No,No,0,Yes,No,No
CUST02074,56.0,male,2,137.58,7437.24,Two Year,Electronic Check,DSL,No,1,No,No,Yes
CUST02075,19.0,Female,13,85.42,2635.9,Two Year,Electronic Check,Fiber Optic,No,0,No,Yes,No
CUST02076,55.0,Male,14,80.42,7281.1,Two Year,Mailed Check,Fiber Optic,Yes,0,No,Yes,No
CUST02077,,male,6,149.68,8284.04,Month-to-Month,Mailed Check,No,Yes,1,Yes,No,Yes
CUST02078,43.0,Female,4,84.16,3858.89,Month-to-Month,Credit Card,DSL,Yes,0,Yes,No,No
CUST02079,63.0,M,0,43.19,3298.15,Month-to-Month,Electronic Check,No,No,1,Yes,No,Yes
CUST02080,,male,2,86.7,7223.95,One Year,Electronic Check,DSL,Yes,1,Yes,No,No
CUST02081,32.0,M,4,125.82,4774.76,Two Year,Mailed Check,Fiber Optic,No,1,Yes,Yes,No
CUST02082,51.0,Male,6,120.99,6166.35,Month-to-Month,Mailed Check,No,No,1,Yes,Yes,Yes
CUST02083,59.0,Male,2,122.52,5613.01,Two Year,Electronic Check,Fiber Optic,No,1,Yes,Yes,No
CUST02084,61.0,Female,5,112.04,1392.94,Month-to-Month,Electronic Check,DSL,Yes,0,No,Yes,No
CUST02085,66.0,male,4,53.05,7606.22,Two Year,Bank Transfer,Fiber Optic,Yes,1,Yes,No,No
CUST02086,57.0,M,12,132.07,1778.06,Month-to-Month,Mailed Check,Fiber Optic,No,1,Yes,No,No
CUST02087,28.0,Female,0,136.15,8391.89,Month-to-Month,Credit Card,Fiber Optic,Yes,0,No,Yes,Yes
CUST02088,20.0,Male,9,45.24,2270.13,Month-to-Month,Credit Card,No,No,1,Yes,Yes,No
CUST02089,23.0,Male,5,36.96,6610.25,Month-to-Month,Electronic Check,DSL,Yes,1,Yes,No,Yes
CUST02090,26.0,male,13,146.83,2576.21,Two Year,Mailed Check,Fiber Optic,Yes,1,No,No,No
CUST02091,23.0,M,7,132.88,2873.71,Month-to-Month,Credit Card,Fiber Optic,Yes,1,Yes,No,No
CUST02092,26.0,male,12,136.12,2803.82,Month-to-Month,Mailed Check,Fiber Optic,No,1,No,Yes,No
CUST02093,56.0,M,12,135.23,6736.07,Month-to-Month,Electronic Check,Fiber Optic,Yes,1,Yes,Yes,No
CUST02094,48.0,M,0,90.42,5020.2,Two Year,Electronic Check,DSL,Yes,1,No,No,No
CUST02095,49.0,male,1,104.03,7948.91,Month-to-Month,Electronic Check,DSL,No,0,Yes,Yes,No
CUST02096,58.0,Female,13,90.9,2780.21,Two Year,Mailed Check,No,Yes,1,No,No,No
CUST02097,67.0,male,14,26.66,,One Year,Credit Card,DSL,No,0,Yes,Yes,No
CUST02098,29.0,male,3,116.92,6781.48,Two Year,Bank Transfer,DSL,Yes,1,No,No,No
CUST02099,25.0,Male,11,85.69,1380.31,One Year,Credit Card,Fiber Optic,No,1,Yes,Yes,No
CUST02100,25.0,Male,1,104.2,3617.29,Month-to-Month,Mailed Check,No,No,1,Yes,No,Yes
CUST02101,67.0,male,10,85.34,4355.7,Month-to-Month,Credit Card,No,Yes,0,Yes,Yes,No
CUST02102,45.0,male,8,83.94,3214.07,Two Year,Bank Transfer,Fiber Optic,No,0,No,No,No
CUST02103,37.0,Male,9,42.33,2912.57,Month-to-Month,Credit Card,No,No,0,No,No,No
CUST02104,64.0,M,7,56.23,6184.05,Month-to-Month,Bank Transfer,DSL,Yes,1,Yes,No,No
CUST02105,24.0,male,7,40.65,1958.48,Two Year,Mailed Check,No,Yes,1,Yes,No,No
CUST02106,28.0,Female,3,45.44,6390.33,Month-to-Month,Electronic Check,Fiber Optic,Yes,0,No,Yes,Yes
CUST02107,37.0,Female,4,146.49,8416.7,One Year,Bank Transfer,No,Yes,0,No,No,No
CUST02108,33.0,Female,3,39.9,5095.47,One Year,Mailed Check,No,No,1,No,No,No
CUST02109,21.0,male,12,55.01,5510.68,Month-to-Month,Electronic Check,No,No,1,No,No,No
CUST02110,23.0,M,8,96.78,639.02 ,Month-to-Month,Bank Transfer,Fiber Optic,Yes,1,No,Yes,Yes
CUST02111,39.0,M,12,99.32,7783.0,One Year,Electronic Check,DSL,Yes,0,No,No,Yes
CUST02112,43.0,Male,1,40.02,2583.32,Month-to-Month,Credit Card,No,Yes,0,Yes,Yes,No
CUST02113,20.0,male,12,123.18,5543.16,One Year,Mailed Check,DSL,Yes,1,Yes,No,Yes
CUST02114,58.0,M,10,122.08,8812.43,Two Year,Mailed Check,DSL,No,1,Yes,No,No
CUST02115,59.0,male,7,50.85,5367.61,One Year,Mailed Check,DSL,No,1,No,No,No
CUST02116,31.0,Male,1,57.53,6527.89,Month-to-Month,Mailed Check,No,No,0,No,No,No
CUST02117,28.0,Male,0,141.94,4018.97,Month-to-Month,Bank Transfer,DSL,No,1,Yes,Yes,Yes
CUST02118,35.0,Male,9,127.34,562.09,One Year,Credit Card,No,No,0,Yes,Yes,No
CUST02119,29.0,Female,2,110.71,,One Year,Electronic Check,No,Yes,0,No,No,No
CUST02120,40.0,male,8,30.69,334.29,Month-to-Month,Mailed Check,No,Yes,0,Yes,No,No
CUST02121,29.0,Male,11,74.37,6311.91,Month-to-Month,Mailed Check,DSL,No,1,Yes,No,Yes
CUST02122,30.0,male,2,92.71,225.84,Month-to-Month,Bank Transfer,No,No,1,No,Yes,No
CUST02123,42.0,Female,8,44.36,,Two Year,Bank Transfer,Fiber Optic,Yes,0,Yes,No,No
CUST02124,62.0,Female,6,78.27,1435.57,Two Year,Bank Transfer,Fiber Optic,No,0,Yes,Yes,No
CUST02125,68.0,Male,12,98.13,4638.16,One Year,Credit Card,Fiber Optic,No,1,No,Yes,No
CUST02126,36.0,Male,9,62.56,5382.41,One Year,Electronic Check,No,No,0,No,No,No
CUST02127,63.0,M,0,121.52,4128.76,Two Year,Credit Card,Fiber Optic,No,1,No,Yes,No
CUST02128,53.0,male,9,129.26,3080.06,Two Year,Mailed Check,No,Yes,1,No,No,No
CUST02129,62.0,Male,4,62.07,4220.97,One Year,Bank Transfer,No,No,1,Yes,Yes,No
CUST02130,25.0,M,8,129.03,2816.51,Two Year,Mailed Check,No,No,1,Yes,No,Yes
CUST02131,46.0,male,11,33.46,3954.34,One Year,Electronic Check,DSL,No,0,No,No,No
CUST02132,49.0,Male,14,128.9,3243.04,Month-to-Month,Electronic Check,Fiber Optic,No,1,No,No,Yes
CUST02133,68.0,M,14,39.86,5104.52,One Year,Credit Card,No,No,0,No,No,No
CUST02134,61.0,M,2,30.78,2156.56,Two Year,Credit Card,Fiber Optic,Yes,0,Yes,No,Yes
CUST02135,35.0,male,8,103.43,8898.14,Two Year,Bank Transfer,Fiber Optic,Yes,0,Yes,No,Yes
CUST02136,23.0,M,4,81.35,4517.81,Two Year,Bank Transfer,DSL,Yes,1,Yes,Yes,No
CUST02137,35.0,male,8,138.03,1763.58,One Year,Mailed Check,Fiber Optic,No,1,No,Yes,No
CUST02138,36.0,male,9,67.21,4304.06,Two Year,Bank Transfer,No,No,0,No,Yes,Yes
CUST02139,39.0,male,5,57.33,7800.41,One Year,Bank Transfer,No,Yes,1,Yes,No,No
CUST02140,54.0,Female,8,85.1,215.83,Month-to-Month,Mailed Check,Fiber Optic,Yes,1,Yes,No,No
CUST02141,49.0,M,6,79.27,6122.4,Month-to-Month,Electronic Check,Fiber Optic,No,1,No,No,No
CUST02142,58.0,male,6,64.78,4940.75,Two Year,Bank Transfer,DSL,No,1,No,No,No
CUST02143,20.0,Male,7,110.19,1542.63,One Year,Bank Transfer,No,Yes,1,No,No,Yes
CUST02144,45.0,Female,6,118.74,7360.94,One Year,Mailed Check,Fiber Optic,No,0,No,No,Yes
CUST02145,27.0,Female,11,130.89,3332.58,Two Year,Mailed Check,Fiber Optic,No,1,No,Yes,No
CUST02146,68.0,M,8,146.47,2658.34,One Year,Mailed Check,No,Yes,1,No,No,No
CUST02147,52.0,male,10,54.67,7456.56,Two Year,Mailed Check,Fiber Optic,No,0,No,No,No
CUST02148,46.0,M,8,113.09,5753.95,Two Year,Mailed Check,DSL,No,1,No,No,No
CUST02149,32.0,Female,5,71.25,8086.37,Month-to-Month,Bank Transfer,Fiber Optic,No,0,Yes,No,No
CUST02150,50.0,male,6,759.9243106566121,5676.36,Two Year,Credit Card,Fiber Optic,Yes,0,Yes,No,No
CUST02151,24.0,Male,1,81.88,6672.54,One Year,Credit Card,DSL,No,1,Yes,Yes,Yes
CUST02152,29.0,male,14,149.19,7531.28,Two Year,Credit Card,DSL,No,0,No,No,No
CUST02153,66.0,Female,8,114.76,511.56,Month-to-Month,Bank Transfer,DSL,Yes,0,Yes,No,Yes
CUST02154,47.0,Male,11,143.82,6988.92,Month-to-Month,Electronic Check,No,No,1,Yes,Yes,No
CUST02155,38.0,male,12,128.55,5531.08,One Year,Bank Transfer,Fiber Optic,No,0,Yes,Yes,Yes
CUST02156,48.0,Male,0,137.38,644.18,Two Year,Credit Card,Fiber Optic,No,1,No,No,No
CUST02157,41.0,Male,0,125.87,4587.03,One Year,Credit Card,DSL,Yes,0,No,Yes,No
CUST02158,37.0,Female,2,79.69,760.47,One Year,Mailed Check,No,Yes,1,No,Yes,No
CUST02159,54.0,Male,11,52.73,6628.81,Two Year,Mailed Check,DSL,No,0,Yes,No,No
CUST02160,21.0,M,5,68.14,4927.59,Month-to-Month,Mailed Check,Fiber Optic,Yes,1,Yes,Yes,No
CUST02161,45.0,Female,4,22.63,8583.09,One Year,Bank Transfer,No,Yes,1,No,No,No
CUST02162,61.0,M,14,88.12,1664.56,One Year,Electronic Check,No,Yes,0,Yes,Yes,Yes
CUST02163,37.0,Male,1,85.66,5462.18,Month-to-Month,Electronic Check,Fiber Optic,Yes,0,Yes,No,No
CUST02164,41.0,M,8,88.28,1920.01,Two Year,Mailed Check,No,Yes,1,No,No,No
CUST02165,67.0,male,13,146.62,5534.3,Two Year,Electronic Check,No,Yes,0,No,Yes,No
CUST02166,66.0,Male,12,138.49,6509.39,Two Year,Credit Card,DSL,Yes,0,No,Yes,No
CUST02167,68.0,male,9,41.02,6506.29,Month-to-Month,Credit Card,No,Yes,0,No,No,Yes
CUST02168,49.0,M,13,67.95,7339.36,One Year,Mailed Check,DSL,Yes,1,No,No,No
CUST02169,58.0,male,3,75.11,7684.88,Month-to-Month,Mailed Check,No,No,1,No,Yes,No
CUST02170,53.0,Male,3,66.87,713.9,One Year,Mailed Check,DSL,Yes,1,No,No,No
CUST02171,51.0,male,4,123.8,3102.54,One Year,Electronic Check,DSL,Yes,0,No,Yes,No
CUST02172,53.0,M,14,88.12,6190.36,Two Year,Bank Transfer,No,No,0,No,Yes,No
CUST02173,19.0,M,7,94.37,4497.3,Two Year,Mailed Check,DSL,No,0,No,Yes,No
CUST02174,32.0,M,9,130.89,1732.27,Two Year,Electronic Check,Fiber Optic,No,1,No,No,No
CUST02175,51.0,Male,3,124.77,4983.33,Month-to-Month,Mailed Check,Fiber Optic,No,1,No,No,No
CUST02176,53.0,M,4,37.19,3678.77,Two Year,Bank Transfer,No,Yes,1,Yes,Yes,No
CUST02177,23.0,Male,11,112.81,3522.54,Month-to-Month,Mailed Check,No,Yes,1,No,Yes,Yes
CUST02178,56.0,male,3,76.61,7291.59,Two Year,Credit Card,No,Yes,0,Yes,No,No
CUST02179,59.0,M,13,58.3,3680.23,Two Year,Mailed Check,Fiber Optic,No,0,Yes,No,Yes
CUST02180,68.0,male,5,26.5,257.56,Two Year,Credit Card,No,Yes,0,Yes,No,No
CUST02181,68.0,Female,11,83.34,541.41,Month-to-Month,Credit Card,No,Yes,1,No,Yes,No
CUST02182,29.0,male,2,66.21,7709.07,One Year,Electronic Check,DSL,No,0,No,Yes,No
CUST02183,20.0,Female,7,52.7,8646.2,Month-to-Month,Electronic Check,No,No,0,No,No,No
CUST02184,62.0,male,5,110.31,6201.92,Month-to-Month,Credit Card,Fiber Optic,No,1,No,Yes,No
CUST02185,35.0,Male,9,120.03,3292.03,Month-to-Month,Credit Card,Fiber Optic,No,1,Yes,Yes,No
CUST02186,57.0,male,4,51.82,8448.63,One Year,Mailed Check,No,No,0,Yes,No,No
CUST02187,38.0,Male,12,26.43,5971.97,Month-to-Month,Mailed Check,Fiber Optic,Yes,1,No,Yes,No
CUST02188,,Male,14,130.34,7602.12,Two Year,Credit Card,DSL,No,0,No,No,Yes
CUST02189,50.0,M,1,21.29,6897.35,One Year,Electronic Check,DSL,No,0,No,No,No
CUST02190,52.0,Male,9,141.82,3424.67,Month-to-Month,Mailed Check,No,Yes,1,No,No,No
CUST02191,43.0,Female,9,101.59,4318.75,Month-to-Month,Mailed Check,No,Yes,1,Yes,No,No
CUST02192,25.0,M,6,61.84,1691.47,One Year,Mailed Check,DSL,Yes,0,No,Yes,No
CUST02193,53.0,M,1,52.04,2642.29,Month-to-Month,Electronic Check,DSL,No,1,Yes,No,Yes
CUST02194,65.0,male,0,21.17,7007.57,One Year,Credit Card,No,No,1,No,No,No
CUST02195,47.0,Male,6,50.61,8047.93,Two Year,Mailed Check,Fiber Optic,Yes,0,No,No,No
CUST02196,40.0,Male,4,37.9,6525.65,Month-to-Month,Electronic Check,No,Yes,0,No,Yes,No
CUST02197,59.0,Female,0,99.58,4197.26,Month-to-Month,Electronic Check,No,No,0,No,Yes,No
CUST02198,61.0,male,14,41.65,796.85,Two Year,Electronic Check,No,Yes,1,No,Yes,Yes
CUST02199,31.0,male,3,88.72,531.39,Month-to-Month,Electronic Check,No,Yes,1,No,Yes,No
CUST02200,31.0,M,11,96.72,3381.44,Month-to-Month,Mailed Check,No,Yes,1,Yes,No,No
CUST02201,19.0,M,12,58.75,4185.12,One Year,Credit Card,No,Yes,0,Yes,Yes,No
CUST02202,54.0,M,3,24.56,5489.9,Month-to-Month,Credit Card,No,No,1,No,Yes,No
CUST02203,22.0,Female,9,24.84,78.28,Two Year,Electronic Check,Fiber Optic,No,0,Yes,Yes,Yes
CUST02204,55.0,Female,6,23.43,8907.71,Month-to-Month,Credit Card,No,No,1,No,No,No
CUST02205,62.0,M,8,116.09,3288.17,One Year,Mailed Check,DSL,Yes,0,Yes,No,Yes
CUST02206,58.0,male,1,61.34,7635.89,Two Year,Credit Card,No,No,1,No,No,No
CUST02207,64.0,Female,11,123.52,4824.0,Two Year,Credit Card,Fiber Optic,No,0,Yes,No,Yes
CUST02208,31.0,male,13,76.13,1191.35,Two Year,Bank Transfer,DSL,Yes,0,No,Yes,Yes
CUST02209,56.0,male,0,78.89,,Two Year,Credit Card,No,Yes,0,Yes,Yes,Yes
CUST02210,42.0,Male,1,86.67,6394.25,One Year,Credit Card,No,No,0,Yes,Yes,No
CUST02211,37.0,M,6,112.69,4756.38,One Year,Electronic Check,DSL,Yes,1,No,Yes,No
CUST02212,19.0,Male,12,55.56,4640.69,One Year,Electronic Check,No,Yes,1,No,Yes,No
CUST02213,56.0,M,9,35.81,805.57,One Year,Bank Transfer,Fiber Optic,No,1,No,No,Yes
CUST02214,23.0,M,5,92.29,5909.52,Month-to-Month,Mailed Check,No,No,1,No,Yes,No
CUST02215,34.0,male,3,62.51,8202.98,One Year,Bank Transfer,Fiber Optic,No,1,No,No,No
CUST02216,42.0,M,0,77.52,857.34,Month-to-Month,Credit Card,No,Yes,0,Yes,No,No
CUST02217,45.0,male,12,104.1,2386.33,Two Year,Credit Card,DSL,Yes,1,No,No,No
CUST02218,19.0,male,0,84.24,8122.73,Month-to-Month,Mailed Check,Fiber Optic,Yes,1,No,Yes,No
CUST02219,52.0,M,4,100.64,2573.41,Month-to-Month,Mailed Check,No,Yes,0,Yes,Yes,No
CUST02220,54.0,male,14,90.75,5892.41,Month-to-Month,Electronic Check,No,Yes,1,Yes,No,Yes
CUST02221,22.0,male,0,116.17,4822.67,One Year,Credit Card,DSL,Yes,1,Yes,Yes,No
CUST02222,18.0,male,11,111.77,5375.02,One Year,Credit Card,DSL,No,1,No,Yes,No
CUST02223,,Female,14,89.44,3753.78,Two Year,Credit Card,Fiber Optic,No,0,No,Yes,No
CUST02224,29.0,male,6,108.26,2713.92,One Year,Credit Card,Fiber Optic,Yes,0,Yes,Yes,No
CUST02225,53.0,Female,12,133.56,455.83,Month-to-Month,Credit Card,Fiber Optic,No,1,Yes,No,No
CUST02226,62.0,Female,10,76.2,6703.64,One Year,Credit Card,No,No,0,No,Yes,No
CUST02227,40.0,male,0,73.66,6719.92,One Year,Credit Card,No,No,1,Yes,Yes,No
CUST02228,64.0,male,0,119.35,6043.12,Month-to-Month,Credit Card,Fiber Optic,Yes,0,No,Yes,No
CUST02229,48.0,Female,1,95.73,5799.83,Two Year,Electronic Check,No,No,0,Yes,No,No
CUST02230,28.0,Female,12,29.23,2208.58,One Year,Bank Transfer,DSL,No,1,Yes,No,No
CUST02231,27.0,male,13,135.97,220.66,Two Year,Credit Card,No,Yes,0,No,Yes,No
CUST02232,20.0,male,10,24.0,7282.26,Month-to-Month,Electronic Check,Fiber Optic,Yes,1,Yes,Yes,No
CUST02233,31.0,M,11,117.29,4430.42,One Year,Credit Card,No,Yes,0,Yes,Yes,No
CUST02234,33.0,Female,9,118.64,2775.41,Two Year,Mailed Check,DSL,No,1,No,Yes,No
CUST02235,27.0,Female,2,143.9,935.35,Two Year,Credit Card,Fiber Optic,No,0,No,No,No
CUST02236,46.0,M,12,27.04,583.24,Month-to-Month,Bank Transfer,Fiber Optic,No,1,Yes,No,No
CUST02237,27.0,Female,10,97.59,3152.82,One Year,Electronic Check,Fiber Optic,Yes,1,No,No,No
CUST02238,29.0,Male,14,75.62,7246.54,Two Year,Mailed Check,Fiber Optic,Yes,1,No,No,Yes
CUST02239,47.0,Female,0,62.98,8270.14,Two Year,Mailed Check,No,Yes,1,No,No,No
CUST02240,58.0,M,14,31.74,8072.83,Two Year,Credit Card,DSL,No,0,Yes,No,No
CUST02241,18.0,Male,8,93.15,8281.61,Two Year,Bank Transfer,No,No,1,Yes,Yes,No
CUST02242,22.0,male,9,82.28,8171.37,Two Year,Bank Transfer,No,No,0,Yes,No,Yes
CUST02243,37.0,M,7,33.59,4754.48,Two Year,Credit Card,Fiber Optic,Yes,0,Yes,No,No
CUST02244,25.0,M,4,99.62,1990.35,Two Year,Credit Card,DSL,Yes,1,Yes,No,No
CUST02245,60.0,male,12,115.93,7186.46,Two Year,Electronic Check,No,No,1,Yes,Yes,No
CUST02246,29.0,M,10,119.75,1939.14,Two Year,Electronic Check,DSL,No,1,Yes,No,No
CUST02247,18.0,Female,1,137.7,2419.52,Two Year,Credit Card,DSL,No,1,No,No,No
CUST02248,37.0,male,4,73.23,2114.62,One Year,Credit Card,DSL,Yes,0,No,No,Yes
CUST02249,45.0,M,5,143.9,4644.54,Month-to-Month,Mailed Check,DSL,No,1,Yes,No,No
CUST02250,60.0,male,13,132.51,2910.01,Month-to-Month,Bank Transfer,No,Yes,1,Yes,Yes,Yes
CUST02251,54.0,male,14,58.55,1404.32,Month-to-Month,Electronic Check,DSL,No,1,No,Yes,No
CUST02252,64.0,male,0,40.71,4089.5,Two Year,Credit Card,No,No,1,Yes,Yes,No
CUST02253,54.0,Male,10,76.6,7867.69,Month-to-Month,Credit Card,DSL,No,0,Yes,No,No
CUST02254,29.0,M,3,72.25,5143.56,Two Year,Electronic Check,DSL,No,0,Yes,Yes,Yes
CUST02255,54.0,Male,8,94.84,7907.45,One Year,Mailed Check,No,No,0,No,Yes,Yes
CUST02256,66.0,M,1,95.84,1778.93,Month-to-Month,Mailed Check,Fiber Optic,No,1,No,Yes,No
CUST02257,66.0,Female,4,117.5,1519.43,One Year,Credit Card,No,No,0,No,Yes,No
CUST02258,61.0,Female,0,86.29,5188.68,One Year,Bank Transfer,DSL,No,1,Yes,Yes,No
CUST02259,45.0,Female,3,33.63,4180.69,Two Year,Bank Transfer,No,No,0,No,No,No
CUST02260,64.0,M,3,131.58,5948.35,Month-to-Month,Credit Card,DSL,No,1,No,No,No
CUST02261,32.0,male,5,60.27,7155.75,One Year,Electronic Check,No,Yes,0,Yes,No,No
CUST02262,23.0,male,9,146.27,6766.74,Month-to-Month,Bank Transfer,No,Yes,1,Yes,No,No
CUST02263,61.0,Male,8,35.32,8481.51,One Year,Electronic Check,No,No,1,Yes,No,Yes
CUST02264,37.0,Male,2,144.57,3596.34,One Year,Electronic Check,Fiber Optic,No,0,Yes,No,Yes
CUST02265,67.0,Female,8,31.83,1873.35,Two Year,Electronic Check,No,Yes,1,No,Yes,Yes
CUST02266,31.0,Male,5,50.03,,Month-to-Month,Mailed Check,No,Yes,0,No,Yes,No
CUST02267,19.0,M,6,26.06,1014.47,Two Year,Bank Transfer,Fiber Optic,Yes,0,Yes,No,No
CUST02268,26.0,M,11,111.66,2613.88,Two Year,Mailed Check,Fiber Optic,No,0,Yes,No,No
CUST02269,54.0,Male,9,130.54,1886.83,Two Year,Bank Transfer,DSL,No,1,Yes,No,No
CUST02270,37.0,Male,1,76.43,3581.14,Two Year,Credit Card,DSL,No,0,Yes,No,No
CUST02271,43.0,Male,10,140.71,1018.72,Two Year,Electronic Check,No,No,1,Yes,Yes,No
CUST02272,46.0,Male,9,96.74,305.94,One Year,Bank Transfer,DSL,Yes,1,No,Yes,No
CUST02273,18.0,Female,13,101.9,5918.01,Month-to-Month,Bank Transfer,No,Yes,0,Yes,No,No
CUST02274,52.0,Female,5,129.9,5500.04,Month-to-Month,Credit Card,Fiber Optic,Yes,0,No,No,No
CUST02275,23.0,Male,5,58.58,6381.06,Two Year,Mailed Check,Fiber Optic,Yes,1,Yes,No,No
CUST02276,54.0,M,1,66.05,5950.27,Month-to-Month,Bank Transfer,No,No,1,No,No,No
CUST02277,22.0,Female,1,137.77,1046.37,One Year,Bank Transfer,DSL,Yes,0,Yes,No,No
CUST02278,50.0,M,13,137.13,2633.89,Two Year,Mailed Check,DSL,Yes,1,Yes,No,No
CUST02279,66.0,male,1,146.94,1183.15,One Year,Mailed Check,DSL,No,1,No,Yes,No
CUST02280,68.0,M,9,137.24,7589.89,One Year,Bank Transfer,No,No,1,No,Yes,No
CUST02281,31.0,Male,11,36.56,6727.19,Two Year,Mailed Check,DSL,No,0,No,Yes,No
CUST02282,29.0,male,0,127.08,1829.71,One Year,Credit Card,Fiber Optic,Yes,0,No,Yes,Yes
CUST02283,59.0,Female,4,73.28,3084.96,Two Year,Credit Card,Fiber Optic,Yes,0,No,No,No
CUST02284,37.0,Female,7,148.8,8700.2,One Year,Electronic Check,Fiber Optic,No,1,No,Yes,No
CUST02285,67.0,male,1,81.4,5355.55,Month-to-Month,Bank Transfer,Fiber Optic,No,0,No,Yes,Yes
CUST02286,41.0,M,12,92.0,7214.38,Month-to-Month,Credit Card,Fiber Optic,No,0,No,No,No
CUST02287,60.0,Female,14,88.87,,Month-to-Month,Credit Card,Fiber Optic,No,1,Yes,Yes,No
CUST02288,51.0,Male,4,61.83,1906.28,Two Year,Credit Card,Fiber Optic,Yes,0,Yes,Yes,No
CUST02289,42.0,male,11,29.75,7059.57,One Year,Electronic Check,Fiber Optic,No,0,Yes,Yes,Yes
CUST02290,67.0,Male,7,136.43,6179.13,One Year,Mailed Check,Fiber Optic,Yes,0,No,No,Yes
CUST02291,46.0,male,9,124.35,6135.18,Month-to-Month,Electronic Check,No,No,1,No,No,No
CUST02292,56.0,Female,13,38.14,4982.66,Month-to-Month,Electronic Check,No,No,1,Yes,No,No
CUST02293,48.0,M,4,120.98,5080.93,Two Year,Electronic Check,Fiber Optic,Yes,0,No,No,No
CUST02294,64.0,male,1,101.36,6626.56,Two Year,Electronic Check,Fiber Optic,No,1,Yes,Yes,No
CUST02295,60.0,male,2,73.19,2444.62 ,One Year,Bank Transfer,Fiber Optic,No,0,No,No,Yes
CUST02296,67.0,Male,14,53.02,3187.86,Two Year,Bank Transfer,DSL,No,0,No,No,Yes
CUST02297,40.0,Female,5,131.76,7847.3,Two Year,Credit Card,No,Yes,0,No,No,Yes
CUST02298,61.0,Male,10,111.02,2793.61,Two Year,Electronic Check,Fiber Optic,Yes,0,No,Yes,Yes
CUST02299,55.0,Female,10,91.21,4925.86,Month-to-Month,Electronic Check,No,No,1,Yes,Yes,Yes
CUST02300,37.0,Male,4,99.24,6329.7,Month-to-Month,Credit Card,Fiber Optic,No,0,Yes,Yes,No
CUST02301,40.0,male,10,31.84,8999.32,One Year,Mailed Check,DSL,Yes,1,Yes,Yes,No
CUST02302,62.0,Male,3,81.61,3928.92,Two Year,Bank Transfer,Fiber Optic,Yes,1,No,No,No
CUST02303,69.0,M,3,45.18,3864.27,Month-to-Month,Electronic Check,No,Yes,0,Yes,Yes,No
CUST02304,33.0,Female,4,47.09,7586.44,Two Year,Mailed Check,No,No,0,Yes,No,No
CUST02305,67.0,Female,1,105.97,7253.42,One Year,Mailed Check,No,No,0,Yes,Yes,Yes
CUST02306,59.0,male,8,138.46,6585.06,Two Year,Electronic Check,No,No,0,Yes,No,No
CUST02307,25.0,Female,1,72.49,4179.8,One Year,Electronic Check,Fiber Optic,No,1,Yes,Yes,Yes
CUST02308,67.0,M,9,47.01,2928.97,One Year,Mailed Check,DSL,Yes,1,Yes,Yes,No
CUST02309,38.0,Male,1,104.34,5486.4,Month-to-Month,Bank Transfer,DSL,Yes,1,No,Yes,Yes
CUST02310,18.0,male,9,133.25,7888.49,Two Year,Bank Transfer,Fiber Optic,Yes,1,No,Yes,Yes
CUST02311,25.0,M,13,117.28,7956.32,Month-to-Month,Electronic Check,Fiber Optic,No,0,No,No,Yes
CUST02312,46.0,Female,8,132.94,994.32,Two Year,Electronic Check,No,Yes,0,No,Yes,No
CUST02313,49.0,Female,13,89.75,3866.59,Two Year,Credit Card,Fiber Optic,No,1,Yes,No,No
CUST02314,55.0,M,2,117.74,4193.2,One Year,Credit Card,DSL,Yes,1,Yes,No,No
CUST02315,22.0,Male,14,38.21,8798.99,One Year,Bank Transfer,Fiber Optic,No,1,No,Yes,No
CUST02316,64.0,Male,9,65.28,6108.42,Two Year,Credit Card,Fiber Optic,No,0,Yes,Yes,Yes
CUST02317,39.0,male,6,70.64,3677.07,Month-to-Month,Mailed Check,DSL,Yes,0,Yes,Yes,Yes
CUST02318,64.0,Female,3,86.47,254.0,One Year,Mailed Check,DSL,Yes,1,Yes,Yes,No
CUST02319,51.0,M,12,140.78,5097.16,One Year,Mailed Check,Fiber Optic,Yes,0,No,No,No
CUST02320,18.0,Male,12,133.66,882.76,Two Year,Mailed Check,No,Yes,1,Yes,No,No
CUST02321,43.0,male,5,37.49,7513.36,Two Year,Electronic Check,No,Yes,1,No,Yes,No
CUST02322,60.0,Female,13,42.46,6777.62,One Year,Mailed Check,No,Yes,0,No,No,No
CUST02323,27.0,Female,3,66.49,4155.37,Month-to-Month,Bank Transfer,DSL,No,0,Yes,Yes,No
CUST02324,47.0,male,9,57.8,3874.31,One Year,Credit Card,DSL,Yes,1,No,No,No
CUST02325,67.0,male,14,99.92,8078.1,Two Year,Bank Transfer,No,No,0,No,Yes,No
CUST02326,35.0,Male,6,137.36,2610.36,One Year,Electronic Check,Fiber Optic,No,0,No,No,No
CUST02327,34.0,M,0,145.1,2256.2,Two Year,Credit Card,Fiber Optic,No,0,No,Yes,No
CUST02328,43.0,Female,2,104.97,8453.99,One Year,Credit Card,Fiber Optic,Yes,0,No,Yes,No
CUST02329,25.0,M,12,128.96,7287.03,Two Year,Credit Card,DSL,Yes,0,Yes,Yes,No
CUST02330,64.0,Female,2,88.28,7389.22,Two Year,Mailed Check,DSL,Yes,0,Yes,Yes,No
CUST02331,57.0,Female,0,47.08,1772.84,Month-to-Month,Electronic Check,No,Yes,1,No,No,No
CUST02332,66.0,M,5,88.21,,Two Year,Bank Transfer,Fiber Optic,Yes,1,No,Yes,Yes
CUST02333,29.0,male,14,92.16,253.75,One Year,Mailed Check,DSL,Yes,1,No,Yes,No
CUST02334,44.0,Male,12,116.52,2148.63,Two Year,Credit Card,DSL,No,1,No,No,Yes
CUST02335,25.0,Female,10,48.58,6972.23,One Year,Bank Transfer,No,No,0,No,No,No
CUST02336,42.0,male,13,67.88,2175.55,Month-to-Month,Bank Transfer,Fiber Optic,No,1,No,Yes,No
CUST02337,63.0,Female,8,67.32,6567.35,One Year,Bank Transfer,DSL,No,0,No,No,No
CUST02338,21.0,Male,7,144.73,2282.14,Month-to-Month,Electronic Check,DSL,No,1,Yes,No,No
CUST02339,50.0,Female,10,77.71,3569.73,Month-to-Month,Mailed Check,DSL,Yes,1,No,Yes,Yes
CUST02340,18.0,Male,6,118.16,8848.8,Two Year,Electronic Check,DSL,Yes,0,Yes,Yes,Yes
CUST02341,36.0,Male,9,117.61,2218.41,Month-to-Month,Credit Card,Fiber Optic,No,0,Yes,Yes,No
CUST02342,48.0,Female,7,54.52,3399.81,One Year,Credit Card,No,No,1,No,Yes,No
CUST02343,33.0,Female,5,94.34,2723.76,Month-to-Month,Bank Transfer,Fiber Optic,No,0,Yes,Yes,No
CUST02344,31.0,Male,8,136.26,1004.43,Month-to-Month,Bank Transfer,No,Yes,0,No,No,Yes
CUST02345,65.0,male,2,81.78,4419.25,Two Year,Bank Transfer,DSL,Yes,0,Yes,No,No
CUST02346,22.0,M,14,142.87,3420.64,One Year,Electronic Check,Fiber Optic,Yes,0,Yes,Yes,No
CUST02347,58.0,Male,9,47.88,6260.09,Month-to-Month,Mailed Check,No,Yes,1,No,Yes,Yes
CUST02348,43.0,Female,9,29.64,7362.0,Two Year,Electronic Check,No,Yes,0,Yes,Yes,No
CUST02349,45.0,Female,8,135.89,4907.36,Two Year,Credit Card,DSL,Yes,1,Yes,Yes,No
CUST02350,19.0,male,3,130.2,309.12,One Year,Bank Transfer,No,Yes,1,Yes,No,No
CUST02351,67.0,M,6,149.04,5577.92,Two Year,Bank Transfer,No,No,1,Yes,No,No
CUST02352,23.0,Male,14,790.2071091082987,517.41,Month-to-Month,Electronic Check,No,No,1,No,Yes,Yes
CUST02353,26.0,Male,12,141.77,5554.88,Two Year,Credit Card,DSL,Yes,1,Yes,No,No
CUST02354,50.0,M,8,127.5,6171.57,One Year,Mailed Check,Fiber Optic,No,1,No,No,Yes
CUST02355,58.0,Male,1,129.78,1795.95,One Year,Bank Transfer,DSL,Yes,1,No,Yes,No
CUST02356,42.0,M,1,93.99,7377.73,Two Year,Bank Transfer,No,No,0,No,Yes,No
CUST02357,65.0,Female,8,69.71,8201.54,Month-to-Month,Credit Card,No,Yes,1,No,No,No
CUST02358,30.0,M,11,141.49,7321.52,Two Year,Bank Transfer,Fiber Optic,Yes,0,Yes,No,No
CUST02359,26.0,Male,12,76.18,2759.88,One Year,Mailed Check,No,No,0,Yes,No,No
CUST02360,30.0,M,2,90.05,5288.05,Two Year,Electronic Check,Fiber Optic,Yes,1,Yes,No,No
CUST02361,48.0,male,8,77.99,8235.04,Two Year,Credit Card,No,No,1,Yes,Yes,Yes
CUST02362,58.0,Female,12,93.43,,Month-to-Month,Bank Transfer,No,Yes,1,No,No,Yes
CUST02363,28.0,Female,14,81.17,7383.85,Two Year,Bank Transfer,DSL,No,0,No,Yes,Yes
CUST02364,21.0,M,4,26.24,105.09,Month-to-Month,Mailed Check,DSL,Yes,0,Yes,No,No
CUST02365,150.0,Male,5,134.67,52.75,Two Year,Electronic Check,Fiber Optic,No,0,No,No,No
CUST02366,55.0,male,1,77.77,6842.21,Two Year,Mailed Check,DSL,Yes,1,No,Yes,Yes
CUST02367,63.0,Female,7,96.56,6857.8,Month-to-Month,Electronic Check,Fiber Optic,No,0,No,Yes,No
CUST02368,21.0,Female,10,38.09,7105.02,Month-to-Month,Mailed Check,DSL,No,1,No,No,Yes
CUST02369,55.0,Male,8,20.44,8371.64,One Year,Electronic Check,Fiber Optic,No,0,No,No,Yes
CUST02370,36.0,Male,1,51.89,1078.8,Month-to-Month,Bank Transfer,No,No,1,No,Yes,No
CUST02371,23.0,male,5,111.6,2103.23,Two Year,Bank Transfer,Fiber Optic,Yes,1,No,No,No
CUST02372,51.0,M,5,32.9,8135.45,One Year,Bank Transfer,DSL,No,1,No,Yes,No
CUST02373,35.0,Male,7,138.16,1611.58,Month-to-Month,Credit Card,Fiber Optic,Yes,0,No,Yes,No
CUST02374,30.0,M,9,47.95,6146.42,Month-to-Month,Electronic Check,DSL,Yes,0,Yes,No,Yes
CUST02375,58.0,male,11,46.6,4783.56,One Year,Credit Card,No,Yes,0,Yes,No,No
CUST02376,40.0,M,4,43.6,767.08,Two Year,Electronic Check,DSL,Yes,0,No,Yes,No
CUST02377,36.0,Female,8,21.82,2581.67,Two Year,Bank Transfer,No,Yes,0,Yes,Yes,No
CUST02378,62.0,M,0,120.33,4692.94,One Year,Credit Card,No,Yes,1,No,Yes,No
CUST02379,28.0,male,8,133.75,7674.1,Two Year,Credit Card,DSL,Yes,1,No,Yes,Yes
CUST02380,,male,9,99.84,6373.7,Month-to-Month,Mailed Check,No,Yes,1,Yes,Yes,No
CUST02381,41.0,male,6,44.47,5604.51,Two Year,Electronic Check,DSL,No,1,Yes,Yes,No
CUST02382,24.0,M,3,57.09,4474.38,Month-to-Month,Mailed Check,Fiber Optic,No,0,No,No,No
CUST02383,42.0,Female,2,81.87,2702.18,Two Year,Credit Card,No,Yes,0,No,No,No
CUST02384,38.0,Male,13,144.06,1090.82,Month-to-Month,Credit Card,Fiber Optic,No,1,Yes,Yes,No
CUST02385,32.0,Female,9,52.16,3693.5,One Year,Bank Transfer,Fiber Optic,No,1,No,No,No
CUST02386,18.0,M,14,115.11,276.1,Month-to-Month,Mailed Check,DSL,Yes,0,Yes,Yes,No
CUST02387,29.0,M,10,77.13,1915.28,Two Year,Mailed Check,DSL,No,0,No,Yes,No
CUST02388,24.0,Male,13,58.72,3903.7,Month-to-Month,Mailed Check,No,No,1,No,Yes,No
CUST02389,32.0,M,5,79.27,3779.07,Two Year,Electronic Check,DSL,No,1,Yes,No,No
CUST02390,38.0,male,11,29.26,417.77,Two Year,Credit Card,Fiber Optic,Yes,0,No,No,No
CUST02391,36.0,male,12,123.83,5309.76,Month-to-Month,Mailed Check,Fiber Optic,Yes,0,Yes,Yes,No
CUST02392,46.0,male,0,51.63,4956.16,Two Year,Bank Transfer,Fiber Optic,No,0,No,Yes,No
CUST02393,42.0,male,2,114.3,721.38,One Year,Credit Card,No,Yes,1,Yes,No,No
CUST02394,50.0,male,1,28.89,8489.6,Two Year,Bank Transfer,DSL,Yes,1,No,No,Yes
CUST02395,66.0,M,10,144.16,912.46,One Year,Credit Card,Fiber Optic,No,0,Yes,Yes,No
CUST02396,49.0,Male,12,45.09,7696.41,One Year,Bank Transfer,No,No,1,Yes,Yes,No
CUST02397,66.0,Male,8,134.76,22.78,Two Year,Mailed Check,DSL,No,1,Yes,No,Yes
CUST02398,52.0,male,2,125.23,7942.88,One Year,Mailed Check,DSL,No,0,Yes,No,No
CUST02399,61.0,M,12,145.82,197.08,One Year,Bank Transfer,Fiber Optic,Yes,1,Yes,Yes,No
CUST02400,55.0,Female,1,82.13,6825.15,Month-to-Month,Electronic Check,No,Yes,1,Yes,Yes,No
CUST02401,43.0,Female,3,114.56,3267.98,One Year,Bank Transfer,Fiber Optic,Yes,1,No,Yes,No
CUST02402,28.0,M,14,68.19,6649.19,One Year,Credit Card,Fiber Optic,Yes,0,Yes,Yes,No
CUST02403,52.0,male,13,43.97,3627.67,One Year,Bank Transfer,No,Yes,0,No,Yes,No
CUST02404,25.0,Male,1,77.6,656.75,One Year,Bank Transfer,Fiber Optic,Yes,1,No,Yes,Yes
CUST02405,63.0,M,0,41.55,6912.21,One Year,Credit Card,No,Yes,1,Yes,No,No
CUST02406,31.0,Female,5,147.67,659.85,Two Year,Mailed Check,No,Yes,1,No,No,No
CUST02407,27.0,Female,14,32.51,8300.64,One Year,Credit Card,Fiber Optic,Yes,1,No,No,Yes
CUST02408,19.0,Female,9,96.6,477.75,Two Year,Bank Transfer,Fiber Optic,No,0,Yes,Yes,No
CUST02409,63.0,male,7,101.44,4324.34,Two Year,Credit Card,DSL,Yes,1,Yes,Yes,Yes
CUST02410,26.0,Female,9,89.95,6512.85,Two Year,Bank Transfer,DSL,Yes,1,Yes,No,No
CUST02411,20.0,M,9,106.08,3551.35,Month-to-Month,Mailed Check,No,Yes,1,Yes,No,Yes
CUST02412,38.0,M,1,35.1,1970.76,Month-to-Month,Bank Transfer,No,No,1,No,Yes,No
CUST02413,43.0,Female,13,92.15,6836.64,Two Year,Bank Transfer,No,No,0,Yes,No,No
CUST02414,25.0,M,8,57.34,7062.97,Month-to-Month,Mailed Check,DSL,Yes,1,Yes,No,No
CUST02415,65.0,Female,14,142.22,8305.8,One Year,Credit Card,Fiber Optic,Yes,0,Yes,Yes,No
CUST02416,19.0,Female,12,119.07,3397.96,Two Year,Electronic Check,Fiber Optic,No,0,No,No,No
CUST02417,23.0,Male,2,146.43,4566.14,Two Year,Electronic Check,DSL,Yes,1,No,No,No
CUST02418,45.0,male,7,24.88,3280.89,Two Year,Bank Transfer,Fiber Optic,No,0,Yes,No,No
CUST02419,46.0,male,11,57.07,2328.59,Month-to-Month,Bank Transfer,Fiber Optic,Yes,0,Yes,Yes,Yes
CUST02420,43.0,Male,7,45.4,6764.28,Month-to-Month,Mailed Check,Fiber Optic,No,0,Yes,Yes,No
CUST02421,42.0,Male,14,21.45,3070.07,Month-to-Month,Credit Card,DSL,No,1,No,No,Yes
CUST02422,29.0,male,2,51.5,3864.78,One Year,Electronic Check,No,Yes,0,No,No,No
CUST02423,22.0,Female,2,108.24,3644.99,Month-to-Month,Electronic Check,Fiber Optic,No,0,No,Yes,No
CUST02424,51.0,Female,11,50.04,6419.7,Two Year,Mailed Check,Fiber Optic,No,1,No,Yes,Yes
CUST02425,65.0,male,14,86.17,8261.8,Month-to-Month,Mailed Check,No,No,0,Yes,Yes,No
CUST02426,54.0,Female,5,135.42,6007.47,Month-to-Month,Electronic Check,Fiber Optic,Yes,1,No,Yes,Yes
CUST02427,32.0,Male,0,110.19,4254.81,Month-to-Month,Credit Card,Fiber Optic,Yes,1,Yes,Yes,Yes
CUST02428,61.0,Female,3,71.3,7017.26,Month-to-Month,Credit Card,No,No,1,Yes,No,No
CUST02429,53.0,Female,0,68.42,5775.92,Two Year,Credit Card,DSL,No,1,Yes,Yes,No
CUST02430,32.0,M,13,79.25,564.28,Month-to-Month,Bank Transfer,DSL,Yes,1,Yes,No,Yes
CUST02431,60.0,M,2,43.02,879.06,Two Year,Credit Card,Fiber Optic,Yes,0,No,No,No
CUST02432,65.0,M,8,102.42,360.49,Month-to-Month,Bank Transfer,Fiber Optic,Yes,1,Yes,Yes,No
CUST02433,40.0,Female,13,67.34,4122.21,One Year,Bank Transfer,No,No,0,No,Yes,Yes
CUST02434,23.0,male,13,130.81,7436.16,One Year,Mailed Check,No,Yes,0,No,Yes,No
CUST02435,63.0,Male,4,118.35,2831.49,Two Year,Bank Transfer,Fiber Optic,Yes,1,No,No,No
CUST02436,67.0,Female,11,99.37,3469.76,Two Year,Bank Transfer,Fiber Optic,Yes,0,Yes,Yes,No
CUST02437,61.0,male,4,67.35,8187.1,One Year,Mailed Check,DSL,Yes,0,Yes,No,Yes
CUST02438,60.0,Female,10,47.29,7535.39,One Year,Credit Card,DSL,No,1,Yes,Yes,No
CUST02439,62.0,Male,3,120.9,5992.13,Month-to-Month,Credit Card,DSL,No,1,Yes,No,No
CUST02440,38.0,Female,2,83.23,2415.9,One Year,Electronic Check,DSL,Yes,1,Yes,No,No
CUST02441,40.0,Male,4,49.22,1071.03,Two Year,Electronic Check,No,No,0,No,Yes,No
CUST02442,60.0,Female,14,45.37,164.21,Two Year,Bank Transfer,DSL,Yes,0,Yes,Yes,No
CUST02443,33.0,Male,13,41.5,980.96,One Year,Electronic Check,DSL,No,0,No,No,Yes
CUST02444,64.0,Female,10,121.03,2647.52,Two Year,Mailed Check,Fiber Optic,Yes,0,No,No,No
CUST02445,32.0,Male,3,49.77,4975.07,Month-to-Month,Electronic Check,DSL,Yes,1,No,Yes,Yes
CUST02446,42.0,M,7,88.46,594.72,Month-to-Month,Electronic Check,Fiber Optic,No,0,No,No,No
CUST02447,53.0,Female,3,78.7,1243.33,One Year,Bank Transfer,Fiber Optic,Yes,0,Yes,No,Yes
CUST02448,28.0,Female,10,95.35,1646.1,Two Year,Mailed Check,DSL,Yes,1,Yes,Yes,No
CUST02449,68.0,male,11,134.03,5695.2,One Year,Electronic Check,DSL,No,0,Yes,Yes,Yes
CUST02450,32.0,male,7,132.81,5549.79,Two Year,Credit Card,Fiber Optic,Yes,1,No,No,No
CUST02451,21.0,Male,5,78.64,4965.88,Two Year,Mailed Check,No,No,0,No,No,No
CUST02452,38.0,Female,14,22.0,2269.5,Two Year,Mailed Check,Fiber Optic,Yes,1,No,Yes,No
CUST02453,30.0,Male,13,75.44,3352.65,Month-to-Month,Bank Transfer,No,Yes,0,No,Yes,No
CUST02454,39.0,M,11,98.81,888.27,Two Year,Mailed Check,No,No,1,No,Yes,No
CUST02455,36.0,male,10,92.51,2053.62,Month-to-Month,Mailed Check,DSL,No,0,No,No,Yes
CUST02456,150.0,Male,4,104.67,8081.39,Two Year,Mailed Check,DSL,Yes,0,Yes,Yes,Yes
CUST02457,31.0,Male,3,40.03,8817.63,One Year,Mailed Check,DSL,Yes,1,No,No,No
CUST02458,21.0,male,3,104.05,5835.98,Month-to-Month,Mailed Check,DSL,No,1,Yes,Yes,Yes
CUST02459,65.0,Female,11,43.74,8253.07,Month-to-Month,Mailed Check,Fiber Optic,No,1,Yes,Yes,Yes
CUST02460,69.0,Male,3,117.57,5791.82,Month-to-Month,Mailed Check,No,Yes,0,Yes,No,Yes
CUST02461,63.0,male,10,64.08,318.1,One Year,Credit Card,Fiber Optic,Yes,1,No,Yes,No
CUST02462,44.0,Female,12,112.29,8970.93,Month-to-Month,Mailed Check,No,Yes,1,Yes,No,No
CUST02463,46.0,M,12,26.22,908.59,One Year,Bank Transfer,Fiber Optic,No,0,Yes,Yes,Yes
CUST02464,64.0,male,8,73.02,6150.12,Two Year,Credit Card,No,Yes,1,No,Yes,Yes
CUST02465,45.0,Male,3,111.65,2290.47,Two Year,Mailed Check,DSL,No,1,Yes,Yes,No
CUST02466,52.0,M,11,49.49,3539.99,One Year,Electronic Check,No,Yes,1,Yes,Yes,No
CUST02467,25.0,Female,8,123.39,5820.49,Month-to-Month,Bank Transfer,DSL,No,0,No,Yes,No
CUST02468,33.0,Female,12,102.0,3939.66,Month-to-Month,Credit Card,No,Yes,0,No,No,No
CUST02469,59.0,male,9,96.38,2269.9,One Year,Bank Transfer,Fiber Optic,No,0,No,No,No
CUST02470,53.0,male,5,65.96,3023.33,Two Year,Credit Card,No,No,1,Yes,No,No
CUST02471,47.0,male,9,82.72,3087.1,One Year,Electronic Check,Fiber Optic,Yes,0,Yes,Yes,No
CUST02472,35.0,Female,12,97.66,8634.73,Month-to-Month,Bank Transfer,Fiber Optic,No,0,No,Yes,No
CUST02473,19.0,M,6,81.42,,Month-to-Month,Bank Transfer,DSL,No,0,Yes,Yes,Yes
CUST02474,66.0,Female,11,110.78,4137.77,Month-to-Month,Credit Card,No,No,1,No,Yes,No
CUST02475,30.0,Male,9,76.38,1814.39,Month-to-Month,Credit Card,Fiber Optic,Yes,0,No,No,No
CUST02476,21.0,Female,2,46.3,7302.92,Two Year,Electronic Check,No,Yes,0,No,No,No
CUST02477,43.0,Male,7,47.81,1431.5,Two Year,Mailed Check,DSL,Yes,0,Yes,Yes,Yes
CUST02478,42.0,M,2,20.75,1909.95,Two Year,Credit Card,DSL,Yes,0,Yes,No,No
CUST02479,47.0,male,0,59.12,3306.8,Month-to-Month,Credit Card,No,No,1,Yes,Yes,No
CUST02480,28.0,male,12,117.36,7925.53 ,Month-to-Month,Credit Card,Fiber Optic,No,0,No,Yes,No
CUST02481,24.0,Female,12,123.24,1203.44,Month-to-Month,Electronic Check,Fiber Optic,Yes,0,No,Yes,Yes
CUST02482,48.0,male,9,46.32,1117.66,One Year,Mailed Check,Fiber Optic,No,0,Yes,No,No
CUST02483,61.0,M,11,144.68,4455.9,Month-to-Month,Mailed Check,No,No,1,Yes,Yes,No
CUST02484,27.0,male,4,85.31,2502.17,Two Year,Electronic Check,Fiber Optic,Yes,1,Yes,No,No
CUST02485,56.0,Female,1,139.21,5127.18,Two Year,Mailed Check,Fiber Optic,Yes,0,No,No,Yes
CUST02486,30.0,M,9,111.88,4075.7,Two Year,Bank Transfer,Fiber Optic,No,1,No,Yes,No
CUST02487,48.0,Male,13,113.92,3925.93,One Year,Electronic Check,DSL,Yes,0,Yes,No,No
CUST02488,24.0,Female,5,31.06,1025.52,Two Year,Credit Card,Fiber Optic,No,1,Yes,Yes,No
CUST02489,66.0,Male,12,48.6,1286.63,One Year,Mailed Check,No,No,1,Yes,No,Yes
CUST02490,59.0,M,9,21.15,7393.29,One Year,Bank Transfer,No,Yes,0,Yes,Yes,No
CUST02491,59.0,Female,8,113.1,7975.23,One Year,Electronic Check,Fiber Optic,Yes,1,No,Yes,No
CUST02492,53.0,Female,0,64.78,2127.46,Month-to-Month,Electronic Check,No,No,1,Yes,Yes,No
CUST02493,37.0,M,13,122.26,1038.88,Month-to-Month,Credit Card,No,Yes,0,Yes,Yes,No
CUST02494,21.0,male,12,64.06,499.68,Two Year,Credit Card,Fiber Optic,No,0,No,Yes,No
CUST02495,24.0,Female,3,126.51,5482.51,Two Year,Electronic Check,DSL,No,1,No,No,Yes
CUST02496,18.0,Female,14,36.99,6443.87,One Year,Bank Transfer,Fiber Optic,Yes,1,Yes,Yes,No
CUST02497,61.0,Male,0,42.54,3367.83,Month-to-Month,Credit Card,No,Yes,1,No,Yes,No
CUST02498,62.0,male,0,64.31,6123.49,Two Year,Electronic Check,No,Yes,1,Yes,No,No
CUST02499,59.0,Male,7,73.1,6422.37,Two Year,Electronic Check,Fiber Optic,Yes,0,Yes,Yes,Yes
CUST02500,64.0,Male,13,65.33,8419.37,Month-to-Month,Credit Card,No,No,1,Yes,Yes,No
CUST02501,30.0,male,13,119.27,602.57,One Year,Mailed Check,DSL,Yes,0,No,No,Yes
CUST02502,39.0,male,12,32.6,1746.78,Two Year,Bank Transfer,Fiber Optic,Yes,0,Yes,Yes,No
CUST02503,38.0,M,13,65.66,635.36,Two Year,Mailed Check,No,Yes,0,Yes,No,No
CUST02504,39.0,male,10,128.84,7814.59,Month-to-Month,Mailed Check,DSL,No,1,No,No,Yes
CUST02505,45.0,Female,14,28.68,7137.43,Month-to-Month,Bank Transfer,No,Yes,1,No,No,No
CUST02506,26.0,male,1,142.5,5180.29,One Year,Bank Transfer,DSL,Yes,0,No,Yes,No
CUST02507,,M,0,148.22,771.3,One Year,Credit Card,No,Yes,0,Yes,No,No
CUST02508,26.0,M,10,31.51,2474.34,Two Year,Credit Card,Fiber Optic,Yes,0,Yes,Yes,No
CUST02509,32.0,M,7,57.87,2693.52,One Year,Credit Card,No,Yes,0,Yes,No,No
CUST02510,27.0,male,3,68.41,5055.47,Two Year,Bank Transfer,Fiber Optic,No,0,Yes,No,Yes
CUST02511,41.0,male,2,120.93,2337.23,Two Year,Mailed Check,DSL,No,1,Yes,No,Yes
CUST02512,59.0,Male,12,97.47,675.18,Month-to-Month,Bank Transfer,DSL,No,1,No,Yes,No
CUST02513,25.0,Male,11,103.77,6582.25,Two Year,Credit Card,No,Yes,1,No,No,No
CUST02514,41.0,Female,3,118.48,2705.74 ,Month-to-Month,Mailed Check,Fiber Optic,Yes,1,Yes,Yes,No
CUST02515,33.0,Male,13,35.34,4082.32,Two Year,Credit Card,Fiber Optic,No,0,Yes,No,No
CUST02516,66.0,Female,10,128.32,1166.45,Two Year,Mailed Check,DSL,Yes,0,Yes,No,No
CUST02517,43.0,M,4,111.73,7226.88,Two Year,Credit Card,DSL,No,1,Yes,Yes,Yes
CUST02518,44.0,Male,0,95.05,5098.48 ,One Year,Bank Transfer,No,Yes,0,Yes,No,No
CUST02519,54.0,male,14,135.67,8116.24,One Year,Electronic Check,DSL,No,0,Yes,No,No
CUST02520,21.0,Male,13,111.04,,Month-to-Month,Electronic Check,DSL,No,0,Yes,Yes,No
CUST02521,67.0,Female,10,46.22,8474.0,Two Year,Mailed Check,Fiber Optic,Yes,1,Yes,Yes,No
CUST02522,41.0,Male,0,75.87,8028.98,Month-to-Month,Bank Transfer,Fiber Optic,Yes,1,No,No,No
CUST02523,36.0,M,2,84.23,5196.61,Month-to-Month,Credit Card,Fiber Optic,Yes,1,No,No,Yes
CUST02524,53.0,male,5,27.18,8406.36,Two Year,Mailed Check,DSL,Yes,1,Yes,No,Yes
CUST02525,56.0,Female,0,144.1,2921.34,One Year,Mailed Check,No,Yes,1,Yes,Yes,No
CUST02526,27.0,male,13,36.72,3303.47,One Year,Credit Card,No,No,1,Yes,Yes,No
CUST02527,42.0,male,10,110.67,428.39,Month-to-Month,Credit Card,DSL,Yes,0,No,No,Yes
CUST02528,35.0,Female,11,85.81,5311.02,One Year,Credit Card,No,No,1,No,Yes,Yes
CUST02529,36.0,male,14,23.33,6502.88,Two Year,Bank Transfer,DSL,Yes,0,Yes,Yes,Yes
CUST02530,53.0,male,1,140.22,6966.2,Two Year,Electronic Check,No,No,1,Yes,No,Yes
CUST02531,27.0,Male,14,130.74,1365.35 ,One Year,Mailed Check,DSL,No,1,Yes,Yes,No
CUST02532,50.0,male,11,88.15,4008.55,One Year,Mailed Check,Fiber Optic,No,0,Yes,Yes,Yes
CUST02533,67.0,male,13,49.76,1608.23,Month-to-Month,Electronic Check,No,Yes,1,Yes,Yes,Yes
CUST02534,22.0,male,6,35.81,5965.9,One Year,Mailed Check,Fiber Optic,No,0,No,Yes,No
CUST02535,64.0,male,13,67.24,1438.36,Month-to-Month,Bank Transfer,Fiber Optic,Yes,1,Yes,Yes,No
CUST02536,66.0,Female,13,53.21,8139.39,Two Year,Credit Card,No,No,0,Yes,No,No
CUST02537,52.0,M,0,85.87,2091.1,Two Year,Electronic Check,DSL,Yes,1,No,Yes,No
CUST02538,61.0,Male,12,145.63,2636.79,Two Year,Bank Transfer,Fiber Optic,No,0,Yes,Yes,No
CUST02539,51.0,male,13,94.74,7661.14,One Year,Credit Card,Fiber Optic,Yes,1,No,Yes,No
CUST02540,50.0,male,14,135.69,4137.04,One Year,Electronic Check,DSL,Yes,0,No,Yes,No
CUST02541,38.0,Female,6,104.61,235.48,One Year,Bank Transfer,DSL,No,1,No,No,Yes
CUST02542,34.0,M,14,81.78,,Month-to-Month,Electronic Check,No,No,1,Yes,No,No
CUST02543,39.0,male,3,131.1,779.2,Month-to-Month,Electronic Check,No,Yes,1,No,Yes,No
CUST02544,65.0,Female,9,81.28,8868.4,Month-to-Month,Bank Transfer,DSL,No,1,No,No,Yes
CUST02545,54.0,Male,13,132.92,5301.24,Two Year,Mailed Check,Fiber Optic,Yes,1,No,Yes,Yes
CUST02546,32.0,Male,5,57.9,2323.66,Month-to-Month,Bank Transfer,DSL,Yes,1,Yes,No,No
CUST02547,52.0,male,13,36.75,5082.18,One Year,Electronic Check,No,No,0,No,Yes,Yes
CUST02548,45.0,male,7,131.19,710.27,One Year,Electronic Check,Fiber Optic,Yes,0,No,Yes,No
CUST02549,24.0,M,8,96.36,7203.02,Two Year,Bank Transfer,Fiber Optic,No,0,Yes,No,No
CUST02550,49.0,M,5,135.58,8329.45,One Year,Credit Card,No,Yes,0,Yes,Yes,No
CUST02551,28.0,male,11,141.92,7872.51,One Year,Credit Card,Fiber Optic,Yes,0,No,No,No
CUST02552,27.0,Female,10,26.97,3088.98,One Year,Credit Card,DSL,Yes,0,No,Yes,No
CUST02553,26.0,M,12,85.13,2945.4,Month-to-Month,Credit Card,No,Yes,1,No,No,Yes
CUST02554,31.0,male,14,68.75,335.09,Month-to-Month,Bank Transfer,Fiber Optic,No,1,Yes,No,No
CUST02555,30.0,M,13,101.36,5869.58,One Year,Mailed Check,No,Yes,1,Yes,No,No
CUST02556,42.0,male,8,123.17,4823.44,One Year,Credit Card,Fiber Optic,No,0,Yes,No,No
CUST02557,,Male,3,56.48,4144.93,One Year,Electronic Check,DSL,Yes,1,Yes,Yes,No
CUST02558,52.0,male,5,92.38,8170.53,One Year,Credit Card,No,Yes,0,Yes,Yes,No
CUST02559,24.0,Male,7,112.13,1527.55,Month-to-Month,Mailed Check,Fiber Optic,No,0,No,No,No
CUST02560,38.0,M,8,37.48,106.8,Two Year,Bank Transfer,DSL,Yes,0,No,Yes,Yes
CUST02561,35.0,male,2,125.83,678.38,One Year,Mailed Check,DSL,Yes,1,Yes,Yes,Yes
CUST02562,20.0,M,1,98.79,2025.88,Month-to-Month,Mailed Check,DSL,No,1,No,Yes,No
CUST02563,59.0,Male,5,143.44,318.9,One Year,Mailed Check,Fiber Optic,Yes,0,Yes,No,No
CUST02564,56.0,male,3,64.14,4535.54,Two Year,Credit Card,Fiber Optic,Yes,1,No,No,Yes
CUST02565,58.0,M,0,34.06,2840.53,Month-to-Month,Credit Card,DSL,Yes,1,No,Yes,No
CUST02566,66.0,Male,7,85.85,1640.74,Month-to-Month,Mailed Check,DSL,No,0,Yes,Yes,No
CUST02567,28.0,M,8,31.16,6755.75,Two Year,Bank Transfer,DSL,No,1,Yes,No,No
CUST02568,56.0,Female,13,146.04,1855.97,Two Year,Credit Card,DSL,No,1,No,Yes,Yes
CUST02569,41.0,Male,8,25.03,6194.69,Month-to-Month,Bank Transfer,DSL,No,0,No,Yes,No
CUST02570,63.0,Male,1,117.96,3156.4,Two Year,Credit Card,Fiber Optic,No,0,No,Yes,Yes
CUST02571,36.0,Male,8,88.26,4616.21,One Year,Bank Transfer,No,No,1,No,No,No
CUST02572,21.0,male,6,67.92,8406.13,Two Year,Credit Card,No,No,1,Yes,No,No
CUST02573,43.0,male,4,28.56,355.42,Two Year,Mailed Check,No,No,1,No,No,No
CUST02574,55.0,male,6,100.88,4512.38,Month-to-Month,Electronic Check,Fiber Optic,Yes,0,Yes,Yes,No
CUST02575,59.0,Female,12,96.08,7692.72,Two Year,Electronic Check,No,No,0,No,Yes,Yes
CUST02576,49.0,Female,8,56.51,5300.01,Month-to-Month,Bank Transfer,No,Yes,0,Yes,Yes,No
CUST02577,56.0,Male,7,138.33,2506.3,One Year,Bank Transfer,No,Yes,1,Yes,No,Yes
CUST02578,62.0,Female,5,59.53,3591.18,Two Year,Mailed Check,No,Yes,1,Yes,No,No
CUST02579,63.0,M,12,78.46,6128.79,Two Year,Mailed Check,DSL,Yes,0,No,No,Yes
CUST02580,53.0,Male,3,90.69,8019.49,Month-to-Month,Bank Transfer,Fiber Optic,Yes,0,No,Yes,Yes
CUST02581,57.0,Male,12,33.03,388.78,Month-to-Month,Electronic Check,No,No,0,Yes,No,No
CUST02582,54.0,M,14,141.18,,Two Year,Mailed Check,DSL,No,1,No,Yes,No
CUST02583,50.0,Male,0,68.69,2938.96,Month-to-Month,Bank Transfer,No,Yes,1,Yes,Yes,Yes
CUST02584,53.0,Female,5,30.5,2110.36,Two Year,Mailed Check,No,No,1,Yes,No,No
CUST02585,20.0,male,2,70.35,2399.08,One Year,Mailed Check,No,No,1,Yes,Yes,No
CUST02586,26.0,M,5,98.03,2007.0,Two Year,Credit Card,No,No,0,Yes,Yes,No
CUST02587,,Female,5,86.77,1778.51,One Year,Mailed Check,No,No,1,Yes,No,No
CUST02588,50.0,M,13,110.29,1193.0,One Year,Bank Transfer,DSL,No,1,No,Yes,No
CUST02589,23.0,M,3,27.21,8406.91,Month-to-Month,Mailed Check,No,Yes,0,Yes,No,No
CUST02590,58.0,Male,1,56.99,1314.82,Month-to-Month,Bank Transfer,DSL,Yes,0,No,No,No
CUST02591,56.0,Male,14,126.5,1855.55,Month-to-Month,Credit Card,No,Yes,0,No,No,No
CUST02592,21.0,Female,8,30.39,2231.47,Month-to-Month,Credit Card,Fiber Optic,Yes,1,No,Yes,Yes
CUST02593,30.0,M,1,131.21,,Two Year,Electronic Check,DSL,Yes,0,Yes,No,No
CUST02594,66.0,Male,2,31.95,6806.31,One Year,Credit Card,No,No,1,No,No,No
CUST02595,19.0,Male,9,128.48,7111.5,Two Year,Credit Card,DSL,No,0,No,No,No
CUST02596,22.0,M,0,66.9,,One Year,Bank Transfer,No,Yes,1,No,Yes,No
CUST02597,61.0,Female,6,99.59,7530.06,One Year,Electronic Check,No,Yes,1,No,Yes,No
CUST02598,44.0,Female,14,39.88,,One Year,Credit Card,DSL,No,0,Yes,Yes,No
CUST02599,49.0,M,0,28.6,2380.15 ,Two Year,Mailed Check,No,No,0,No,No,No
CUST02600,38.0,Female,10,48.07,5190.24,Month-to-Month,Electronic Check,No,Yes,1,No,No,No
CUST02601,25.0,Male,8,36.62,7403.2,Two Year,Credit Card,No,Yes,0,Yes,No,No
CUST02602,55.0,M,10,60.61,7012.3,One Year,Electronic Check,No,No,1,No,Yes,Yes
CUST02603,25.0,Male,10,86.87,8012.18,Two Year,Credit Card,No,No,0,No,No,Yes
CUST02604,67.0,male,0,96.54,8354.63,One Year,Bank Transfer,No,Yes,1,No,No,No
CUST02605,20.0,male,4,122.68,2158.34,Month-to-Month,Electronic Check,DSL,No,1,No,Yes,No
CUST02606,61.0,Female,6,105.31,3826.24,Month-to-Month,Electronic Check,Fiber Optic,No,0,No,Yes,No
CUST02607,20.0,male,2,99.14,,Two Year,Credit Card,No,Yes,1,Yes,No,No
CUST02608,39.0,Male,8,73.53,7916.31,Month-to-Month,Electronic Check,DSL,No,1,No,No,No
CUST02609,23.0,male,7,81.6,1408.06,One Year,Credit Card,Fiber Optic,Yes,1,No,No,No
CUST02610,19.0,Male,12,73.89,7756.04,One Year,Mailed Check,DSL,No,1,Yes,Yes,Yes
CUST02611,40.0,Female,14,129.48,2977.9,Month-to-Month,Electronic Check,Fiber Optic,Yes,0,No,Yes,No
CUST02612,61.0,Female,2,49.9,3325.84,Month-to-Month,Electronic Check,Fiber Optic,No,1,No,No,Yes
CUST02613,19.0,Male,14,20.74,371.41,Month-to-Month,Bank Transfer,Fiber Optic,No,1,No,Yes,No
CUST02614,55.0,male,4,104.67,2955.37,Two Year,Bank Transfer,DSL,Yes,0,Yes,Yes,No
CUST02615,34.0,Female,6,46.32,7997.51,Two Year,Electronic Check,Fiber Optic,Yes,0,No,No,Yes
CUST02616,52.0,M,11,135.71,249.42,One Year,Bank Transfer,No,No,1,No,No,No
CUST02617,51.0,Female,13,131.68,3668.82,Two Year,Electronic Check,No,Yes,1,No,Yes,No
CUST02618,40.0,male,3,29.97,301.97,Two Year,Credit Card,Fiber Optic,Yes,1,No,Yes,No
CUST02619,47.0,M,4,33.83,3350.89,One Year,Electronic Check,Fiber Optic,No,0,No,Yes,No
CUST02620,69.0,male,2,84.37,1570.31,One Year,Electronic Check,No,No,1,Yes,Yes,No
CUST02621,25.0,Male,8,99.2,2284.92,Month-to-Month,Mailed Check,DSL,No,1,No,No,No
CUST02622,39.0,M,9,55.74,7900.83,Month-to-Month,Bank Transfer,DSL,Yes,0,Yes,Yes,No
CUST02623,61.0,male,8,113.18,3935.72,Two Year,Bank Transfer,No,No,1,No,No,No
CUST02624,53.0,M,6,97.34,2478.71,One Year,Mailed Check,DSL,No,0,No,Yes,No
CUST02625,22.0,male,9,62.23,5312.26,Two Year,Credit Card,DSL,Yes,1,No,No,No
CUST02626,30.0,M,1,23.3,1296.12,Two Year,Credit Card,Fiber Optic,Yes,0,Yes,Yes,Yes
CUST02627,46.0,male,6,117.52,2349.34,One Year,Credit Card,DSL,Yes,1,Yes,No,Yes
CUST02628,48.0,Male,6,47.92,4925.31,One Year,Mailed Check,No,No,1,No,No,Yes
CUST02629,64.0,M,10,128.48,2152.96,One Year,Electronic Check,DSL,Yes,0,No,No,No
CUST02630,33.0,M,4,74.64,6118.57,One Year,Credit Card,Fiber Optic,No,0,Yes,Yes,No
CUST02631,59.0,M,8,95.02,4433.59,Two Year,Credit Card,No,No,1,Yes,Yes,No
CUST02632,47.0,M,12,133.48,6952.46,Two Year,Mailed Check,No,No,0,Yes,Yes,No
CUST02633,33.0,Male,11,132.27,8535.24,Two Year,Bank Transfer,No,No,0,No,Yes,No
CUST02634,29.0,M,10,68.3,1059.93,One Year,Mailed Check,Fiber Optic,Yes,0,Yes,No,No
CUST02635,34.0,Female,2,47.16,3025.29,Month-to-Month,Bank Transfer,No,Yes,1,Yes,Yes,No
CUST02636,33.0,Male,3,120.77,2889.55,Two Year,Credit Card,Fiber Optic,Yes,1,Yes,No,No
CUST02637,29.0,Female,0,76.3,1377.62,Month-to-Month,Credit Card,Fiber Optic,Yes,0,Yes,No,No
CUST02638,25.0,M,5,44.97,7296.52,Month-to-Month,Electronic Check,DSL,No,0,No,Yes,Yes
CUST02639,37.0,male,3,137.58,6843.71,Month-to-Month,Electronic Check,No,Yes,0,Yes,No,No
CUST02640,20.0,Female,0,45.75,4370.14,One Year,Bank Transfer,DSL,No,1,Yes,No,No
CUST02641,33.0,M,1,23.35,4849.18,One Year,Credit Card,DSL,Yes,0,No,Yes,Yes
CUST02642,47.0,Female,14,22.64,554.71,Two Year,Credit Card,Fiber Optic,Yes,0,Yes,Yes,Yes
CUST02643,62.0,M,2,100.9,5008.46,Two Year,Mailed Check,DSL,No,1,No,No,No
CUST02644,40.0,M,8,106.02,7126.25,One Year,Credit Card,DSL,No,0,Yes,Yes,Yes
CUST02645,45.0,M,12,60.44,5172.97,One Year,Credit Card,DSL,No,1,No,No,No
CUST02646,68.0,male,7,61.6,2402.45,Month-to-Month,Mailed Check,No,Yes,1,Yes,Yes,No
CUST02647,57.0,Female,6,64.13,6014.58,One Year,Mailed Check,DSL,No,0,No,Yes,No
CUST02648,22.0,Male,12,108.42,3266.17,One Year,Credit Card,Fiber Optic,Yes,1,No,No,No
CUST02649,37.0,Male,14,27.56,4912.96,One Year,Electronic Check,No,No,1,No,Yes,No
CUST02650,57.0,Male,10,140.79,4398.34,One Year,Electronic Check,Fiber Optic,Yes,1,No,Yes,No
CUST02651,61.0,Male,11,48.93,3442.95,Month-to-Month,Credit Card,No,No,1,No,Yes,No
CUST02652,18.0,M,13,149.96,6475.52,Two Year,Electronic Check,No,No,0,No,No,No
CUST02653,47.0,Female,3,42.3,7957.21,Month-to-Month,Mailed Check,No,No,1,Yes,No,No
CUST02654,38.0,Female,0,120.3,66.81,One Year,Electronic Check,Fiber Optic,No,0,No,Yes,No
CUST02655,37.0,male,7,49.04,8403.88,One Year,Credit Card,DSL,Yes,1,No,No,No
CUST02656,23.0,Female,3,30.51,4613.41 ,Two Year,Electronic Check,No,Yes,1,No,No,Yes
CUST02657,39.0,Female,2,133.74,6312.57,Two Year,Credit Card,Fiber Optic,Yes,0,No,No,No
CUST02658,35.0,Female,8,131.64,7703.51,Two Year,Electronic Check,No,Yes,1,Yes,Yes,No
CUST02659,25.0,male,9,72.46,4214.59,Month-to-Month,Credit Card,DSL,No,0,No,Yes,No
CUST02660,56.0,Male,3,111.31,7518.07,Two Year,Credit Card,No,No,1,Yes,Yes,No
CUST02661,49.0,Female,3,92.42,1615.03,One Year,Electronic Check,Fiber Optic,Yes,1,No,No,Yes
CUST02662,50.0,male,13,130.88,1449.32,One Year,Electronic Check,No,Yes,0,Yes,No,No
CUST02663,33.0,male,8,60.96,5924.09,One Year,Mailed Check,Fiber Optic,Yes,1,Yes,Yes,Yes
CUST02664,29.0,M,12,88.08,7833.88,Month-to-Month,Bank Transfer,DSL,Yes,1,Yes,Yes,Yes
CUST02665,55.0,male,11,83.1,8033.99,Two Year,Credit Card,DSL,Yes,0,No,Yes,Yes
CUST02666,69.0,Male,10,66.01,5800.79,Two Year,Credit Card,No,No,1,Yes,Yes,No
CUST02667,51.0,Female,11,135.89,4738.89,Two Year,Credit Card,DSL,No,1,No,No,No
CUST02668,31.0,male,13,41.56,2995.91,Two Year,Credit Card,Fiber Optic,Yes,1,No,Yes,No
CUST02669,53.0,Male,1,39.44,8820.4,One Year,Electronic Check,No,Yes,1,No,No,Yes
CUST02670,50.0,male,13,95.0,2890.87,Month-to-Month,Electronic Check,Fiber Optic,No,1,Yes,Yes,No
CUST02671,40.0,male,11,105.47,6702.79,Two Year,Bank Transfer,No,Yes,0,Yes,Yes,No
CUST02672,67.0,male,4,45.3,4797.2,One Year,Credit Card,Fiber Optic,Yes,0,No,No,No
CUST02673,62.0,male,14,70.79,5484.44,One Year,Bank Transfer,No,No,1,Yes,Yes,Yes
CUST02674,19.0,male,3,143.05,3553.46,Month-to-Month,Mailed Check,Fiber Optic,No,1,No,Yes,No
CUST02675,58.0,Male,8,52.06,8684.11,Two Year,Bank Transfer,Fiber Optic,No,1,Yes,No,No
CUST02676,38.0,Female,11,106.89,5153.71,Month-to-Month,Bank Transfer,No,Yes,0,No,No,No
CUST02677,19.0,Female,4,116.22,8441.33,Two Year,Mailed Check,Fiber Optic,Yes,1,No,Yes,Yes
CUST02678,44.0,Female,8,78.26,88.17,Month-to-Month,Mailed Check,DSL,No,1,Yes,No,No
CUST02679,26.0,Female,10,141.88,5162.58,Two Year,Bank Transfer,Fiber Optic,Yes,1,Yes,No,Yes
CUST02680,18.0,Male,8,115.77,6460.34,Two Year,Mailed Check,No,Yes,1,No,Yes,No
CUST02681,28.0,M,13,79.53,6710.82,Month-to-Month,Bank Transfer,DSL,Yes,0,Yes,Yes,No
CUST02682,,M,1,94.01,8146.69,Two Year,Electronic Check,DSL,Yes,1,Yes,Yes,No
CUST02683,69.0,Male,13,110.04,59.53,Month-to-Month,Electronic Check,Fiber Optic,Yes,1,Yes,No,No
CUST02684,40.0,Male,14,96.98,22.96,Month-to-Month,Bank Transfer,Fiber Optic,No,1,Yes,No,No
CUST02685,43.0,male,8,134.23,4260.93,Two Year,Mailed Check,Fiber Optic,Yes,1,Yes,Yes,Yes
CUST02686,21.0,male,2,66.4,283.06,Two Year,Mailed Check,DSL,No,1,No,Yes,Yes
CUST02687,35.0,male,3,58.99,8771.3,Month-to-Month,Electronic Check,DSL,No,1,Yes,Yes,No
CUST02688,23.0,Female,0,47.8,2014.15,One Year,Electronic Check,DSL,Yes,1,Yes,Yes,Yes
CUST02689,,male,13,24.91,4264.53,Month-to-Month,Mailed Check,No,No,0,Yes,No,No
CUST02690,39.0,M,0,25.59,569.02,One Year,Mailed Check,No,No,1,Yes,Yes,Yes
CUST02691,60.0,Female,0,133.11,4707.99,One Year,Mailed Check,Fiber Optic,Yes,0,No,No,No
CUST02692,32.0,male,8,108.19,3432.01,Month-to-Month,Mailed Check,No,No,0,Yes,No,No
CUST02693,39.0,Female,10,105.87,421.05,Month-to-Month,Bank Transfer,No,Yes,1,No,Yes,No
CUST02694,54.0,M,7,99.9,3029.42,Month-to-Month,Mailed Check,Fiber Optic,Yes,1,Yes,No,No
CUST02695,69.0,male,4,130.4,,One Year,Electronic Check,Fiber Optic,No,1,No,No,No
CUST02696,59.0,M,4,82.43,8909.49 ,Month-to-Month,Electronic Check,DSL,Yes,0,Yes,No,No
CUST02697,29.0,M,8,133.15,1886.82,Month-to-Month,Credit Card,DSL,No,0,Yes,Yes,No
CUST02698,64.0,M,2,66.73,4912.12,Two Year,Mailed Check,Fiber Optic,No,0,Yes,Yes,Yes
CUST02699,66.0,male,2,140.47,8886.09,Two Year,Bank Transfer,Fiber Optic,Yes,1,Yes,Yes,Yes
CUST02700,59.0,Male,6,110.83,7132.33,Two Year,Credit Card,No,Yes,1,No,Yes,Yes
CUST02701,55.0,male,8,53.43,8940.44,Month-to-Month,Credit Card,No,Yes,0,Yes,Yes,No
CUST02702,35.0,M,5,93.33,8715.32,Month-to-Month,Bank Transfer,No,Yes,0,No,Yes,No
CUST02703,62.0,male,13,89.29,4416.07,Month-to-Month,Credit Card,Fiber Optic,Yes,1,No,No,Yes
CUST02704,52.0,M,1,37.93,6273.46,One Year,Credit Card,Fiber Optic,Yes,0,Yes,No,No
CUST02705,47.0,Male,0,96.86,1011.78,One Year,Electronic Check,DSL,Yes,0,No,No,Yes
CUST02706,41.0,Female,1,60.92,3981.52,Two Year,Credit Card,No,Yes,0,No,No,No
CUST02707,59.0,Male,13,26.81,7284.99,One Year,Bank Transfer,DSL,Yes,0,Yes,No,No
CUST02708,47.0,Male,13,143.33,4557.91,One Year,Mailed Check,Fiber Optic,Yes,0,Yes,No,No
CUST02709,31.0,Female,0,103.39,6330.24,One Year,Mailed Check,No,No,0,Yes,No,No
CUST02710,23.0,male,9,134.0,6716.85,Two Year,Mailed Check,DSL,No,0,Yes,No,No
CUST02711,20.0,Female,9,107.89,2296.15,Two Year,Electronic Check,Fiber Optic,Yes,1,Yes,Yes,No
CUST02712,33.0,male,8,66.41,7883.78,One Year,Electronic Check,DSL,Yes,0,Yes,Yes,Yes
CUST02713,24.0,male,14,86.65,,Month-to-Month,Electronic Check,No,Yes,1,Yes,No,No
CUST02714,69.0,M,9,107.85,1907.46,Two Year,Bank Transfer,DSL,Yes,1,No,No,No
CUST02715,31.0,M,14,144.83,7791.43,One Year,Mailed Check,DSL,Yes,0,No,Yes,No
CUST02716,26.0,Female,11,52.98,3772.01,Month-to-Month,Bank Transfer,Fiber Optic,No,1,Yes,Yes,No
CUST02717,32.0,Male,13,133.75,6757.81,Month-to-Month,Bank Transfer,No,Yes,0,No,Yes,No
CUST02718,38.0,Female,12,140.13,4941.34,Two Year,Credit Card,DSL,Yes,1,No,No,No
CUST02719,,male,7,107.15,3449.21,Month-to-Month,Mailed Check,Fiber Optic,No,1,No,No,No
CUST02720,19.0,M,14,141.06,7292.69,Two Year,Credit Card,No,Yes,0,Yes,Yes,Yes
CUST02721,44.0,Female,6,71.72,5268.54,One Year,Electronic Check,Fiber Optic,Yes,1,No,No,Yes
CUST02722,19.0,Female,14,143.89,3527.25,Two Year,Electronic Check,No,No,0,Yes,No,No
CUST02723,52.0,M,2,111.36,1004.19,Month-to-Month,Bank Transfer,Fiber Optic,Yes,1,No,Yes,Yes
CUST02724,35.0,M,7,25.46,8061.1,Two Year,Bank Transfer,Fiber Optic,Yes,0,Yes,Yes,Yes
CUST02725,31.0,M,1,137.89,338.52,Two Year,Credit Card,Fiber Optic,No,0,No,Yes,No
CUST02726,37.0,male,1,82.98,7771.42,One Year,Credit Card,DSL,Yes,1,No,No,No
CUST02727,35.0,M,10,79.84,3252.45,Month-to-Month,Bank Transfer,DSL,No,0,Yes,Yes,No
CUST02728,27.0,Male,9,93.64,5761.26,Two Year,Mailed Check,Fiber Optic,Yes,0,No,Yes,No
CUST02729,42.0,Female,2,39.42,8301.35,One Year,Bank Transfer,No,No,1,Yes,Yes,No
CUST02730,19.0,M,6,80.99,1382.33 ,One Year,Mailed Check,Fiber Optic,No,0,Yes,No,No
CUST02731,42.0,M,0,128.05,5111.22,One Year,Credit Card,DSL,Yes,1,Yes,No,No
CUST02732,50.0,male,7,22.01,6884.61,One Year,Electronic Check,No,No,1,No,No,Yes
CUST02733,53.0,male,11,55.48,6823.1,One Year,Electronic Check,DSL,No,1,No,Yes,No
CUST02734,48.0,Female,6,20.32,,Two Year,Credit Card,Fiber Optic,Yes,0,Yes,No,No
CUST02735,31.0,Male,3,74.04,5630.16,Two Year,Credit Card,DSL,No,1,Yes,No,No
CUST02736,18.0,Female,13,114.68,6822.59,Month-to-Month,Electronic Check,DSL,No,0,Yes,Yes,No
CUST02737,63.0,M,14,123.84,7572.43,Two Year,Mailed Check,DSL,Yes,1,No,No,No
CUST02738,33.0,Male,4,142.87,6861.08,Month-to-Month,Credit Card,Fiber Optic,No,1,No,No,No
CUST02739,63.0,Male,9,99.11,3198.96,Month-to-Month,Mailed Check,DSL,Yes,1,Yes,No,Yes
CUST02740,69.0,Male,12,53.1,8970.6,Month-to-Month,Mailed Check,Fiber Optic,No,0,No,No,Yes
CUST02741,20.0,Male,0,140.14,3921.83,Two Year,Electronic Check,Fiber Optic,No,1,No,No,Yes
CUST02742,52.0,Female,3,120.79,239.69,One Year,Mailed Check,DSL,No,0,Yes,No,No
CUST02743,58.0,male,14,94.68,3276.3,Month-to-Month,Electronic Check,No,No,0,Yes,No,No
CUST02744,23.0,male,0,110.43,1167.49,One Year,Credit Card,DSL,Yes,0,No,No,Yes
CUST02745,42.0,M,0,140.16,1110.55,Month-to-Month,Bank Transfer,DSL,No,0,Yes,Yes,No
CUST02746,30.0,male,9,112.61,,Two Year,Bank Transfer,DSL,Yes,0,Yes,Yes,Yes
CUST02747,51.0,male,0,67.89,499.31,Month-to-Month,Bank Transfer,No,Yes,1,No,Yes,No
CUST02748,25.0,male,6,112.69,6202.84,Two Year,Bank Transfer,No,No,0,Yes,Yes,No
CUST02749,38.0,male,6,25.24,684.42,One Year,Bank Transfer,Fiber Optic,Yes,1,Yes,Yes,No
CUST02750,51.0,M,3,70.23,1845.54,Two Year,Bank Transfer,No,No,1,No,Yes,No
CUST02751,21.0,Female,14,72.82,854.24,One Year,Mailed Check,No,Yes,0,Yes,Yes,No
CUST02752,42.0,Male,12,41.69,587.25,Two Year,Mailed Check,DSL,No,1,No,No,No
CUST02753,32.0,male,11,23.0,2424.41,Month-to-Month,Bank Transfer,Fiber Optic,Yes,1,Yes,No,No
CUST02754,21.0,Female,1,37.34,5155.65,Month-to-Month,Credit Card,Fiber Optic,Yes,0,No,No,No
CUST02755,62.0,male,11,105.1,8682.88,Two Year,Credit Card,No,No,0,No,No,No
CUST02756,29.0,male,2,124.3,7882.5,One Year,Mailed Check,No,No,1,Yes,No,Yes
CUST02757,49.0,Male,7,148.47,7885.89,One Year,Mailed Check,DSL,Yes,0,Yes,Yes,No
CUST02758,49.0,Male,12,65.03,1601.08,One Year,Bank Transfer,No,Yes,0,Yes,Yes,Yes
CUST02759,45.0,Male,7,97.92,2398.87,Two Year,Credit Card,No,Yes,1,No,No,No
CUST02760,30.0,male,10,141.83,706.01,Two Year,Electronic Check,Fiber Optic,Yes,0,No,No,No
CUST02761,48.0,male,10,41.72,7010.65,Two Year,Bank Transfer,No,Yes,0,Yes,No,No
CUST02762,31.0,male,5,113.29,646.95,Two Year,Mailed Check,DSL,Yes,0,Yes,Yes,Yes
CUST02763,37.0,Male,14,118.15,5019.13,One Year,Mailed Check,Fiber Optic,No,0,No,Yes,No
CUST02764,35.0,M,9,31.57,2245.92,One Year,Mailed Check,Fiber Optic,No,0,Yes,No,No
CUST02765,46.0,Female,8,131.96,2206.14,Two Year,Electronic Check,No,No,0,No,Yes,No
CUST02766,23.0,M,10,125.7,8916.71,Two Year,Credit Card,DSL,Yes,1,Yes,No,No
CUST02767,49.0,male,11,24.34,6815.88,One Year,Mailed Check,Fiber Optic,Yes,0,Yes,No,No
CUST02768,46.0,male,8,31.84,7535.72,One Year,Bank Transfer,DSL,No,1,Yes,Yes,No
CUST02769,60.0,M,3,26.39,5156.4,Month-to-Month,Electronic Check,DSL,No,1,No,No,Yes
CUST02770,19.0,male,11,63.52,7841.71,Two Year,Credit Card,No,No,1,Yes,Yes,No
CUST02771,40.0,Female,0,86.21,5816.51,Month-to-Month,Bank Transfer,DSL,No,1,No,No,No
CUST02772,36.0,male,0,89.21,8516.64,One Year,Bank Transfer,Fiber Optic,No,0,No,No,No
CUST02773,48.0,Female,14,54.8,2546.42,One Year,Electronic Check,No,No,1,Yes,Yes,No
CUST02774,68.0,M,11,138.51,5365.97,Two Year,Electronic Check,Fiber Optic,No,0,Yes,Yes,No
CUST02775,22.0,M,9,67.87,6217.38,Month-to-Month,Electronic Check,DSL,No,1,No,Yes,Yes
CUST02776,36.0,male,14,25.92,3548.58,One Year,Mailed Check,DSL,Yes,1,Yes,No,No
CUST02777,51.0,Female,4,59.03,7919.78,Month-to-Month,Credit Card,No,No,0,Yes,No,Yes
CUST02778,27.0,male,13,89.04,8818.63,Month-to-Month,Mailed Check,No,No,0,No,No,No
CUST02779,42.0,Male,12,73.07,4454.05,Month-to-Month,Electronic Check,Fiber Optic,No,1,Yes,No,No
CUST02780,19.0,Male,1,55.6,3527.95,Month-to-Month,Electronic Check,Fiber Optic,Yes,0,No,No,Yes
CUST02781,28.0,Male,14,37.07,4258.0,Month-to-Month,Electronic Check,DSL,No,1,No,Yes,No
CUST02782,,Male,5,126.49,7677.58,Two Year,Mailed Check,No,Yes,0,No,Yes,No
CUST02783,48.0,male,6,149.5,5816.31,Two Year,Bank Transfer,DSL,Yes,0,No,No,No
CUST02784,32.0,Male,0,62.84,422.06,Month-to-Month,Electronic Check,DSL,Yes,1,No,Yes,No
CUST02785,26.0,Female,5,69.61,,Two Year,Mailed Check,Fiber Optic,Yes,0,Yes,Yes,No
CUST02786,40.0,M,7,100.34,175.36,One Year,Electronic Check,Fiber Optic,Yes,1,No,No,Yes
CUST02787,36.0,M,11,113.4,7011.25,Month-to-Month,Mailed Check,Fiber Optic,No,0,No,Yes,Yes
CUST02788,26.0,Male,4,70.96,2968.24,Two Year,Credit Card,No,No,1,Yes,No,No
CUST02789,52.0,Male,13,137.64,4258.63,Two Year,Credit Card,Fiber Optic,Yes,1,No,No,No
CUST02790,38.0,Male,11,92.8,7192.13,One Year,Mailed Check,No,Yes,1,No,Yes,No
CUST02791,26.0,male,6,78.55,437.11,One Year,Electronic Check,DSL,Yes,0,Yes,Yes,No
CUST02792,,M,9,104.07,1443.7,One Year,Mailed Check,No,Yes,1,Yes,No,No
CUST02793,63.0,Male,5,143.86,3593.68,One Year,Credit Card,Fiber Optic,Yes,1,Yes,No,No
CUST02794,68.0,Female,3,123.29,2084.73,Month-to-Month,Mailed Check,No,No,0,No,No,No
CUST02795,24.0,Male,14,25.2,3054.35,Two Year,Credit Card,No,Yes,1,No,Yes,No
CUST02796,33.0,M,14,63.2,8983.61,Two Year,Credit Card,Fiber Optic,Yes,1,No,No,Yes
CUST02797,33.0,Male,6,81.17,7432.22,One Year,Bank Transfer,Fiber Optic,Yes,1,Yes,No,No
CUST02798,50.0,M,9,60.89,7957.44,Two Year,Electronic Check,DSL,No,0,No,No,No
CUST02799,21.0,Male,8,111.02,8434.75,Two Year,Mailed Check,No,No,0,No,No,No
CUST02800,21.0,Female,9,127.41,3081.6 ,Two Year,Electronic Check,DSL,No,1,No,Yes,No
CUST02801,56.0,Male,9,115.07,2687.75,One Year,Electronic Check,DSL,Yes,0,Yes,No,No
CUST02802,,Female,12,148.61,2121.88,Two Year,Credit Card,No,Yes,1,Yes,Yes,No
CUST02803,34.0,Female,6,55.43,7474.45,Two Year,Credit Card,DSL,No,0,Yes,No,No
CUST02804,54.0,Male,11,133.75,6122.38,Two Year,Mailed Check,No,No,1,Yes,No,Yes
CUST02805,56.0,Female,13,119.66,2140.82,Month-to-Month,Mailed Check,DSL,No,1,No,No,No
CUST02806,69.0,male,4,67.08,3405.4,Month-to-Month,Mailed Check,DSL,Yes,1,No,No,No
CUST02807,46.0,Male,6,115.44,4570.27,Two Year,Credit Card,No,Yes,0,No,Yes,No
CUST02808,69.0,Male,2,33.53,4762.7,Two Year,Bank Transfer,Fiber Optic,No,1,Yes,Yes,Yes
CUST02809,53.0,Female,1,122.61,8000.78,Two Year,Mailed Check,No,No,1,No,Yes,No
CUST02810,55.0,Female,10,89.2,3437.48,Two Year,Credit Card,Fiber Optic,Yes,0,No,No,Yes
CUST02811,56.0,Male,14,58.0,8178.55,Two Year,Bank Transfer,No,No,0,No,No,No
CUST02812,67.0,male,4,105.25,3983.48,Two Year,Electronic Check,No,Yes,1,No,Yes,No
CUST02813,54.0,Female,3,103.41,6722.43,Month-to-Month,Credit Card,Fiber Optic,No,0,Yes,Yes,No
CUST02814,69.0,Female,4,47.23,8373.68,One Year,Mailed Check,Fiber Optic,Yes,1,No,Yes,No
CUST02815,52.0,M,7,23.95,8170.03,Two Year,Mailed Check,No,Yes,0,Yes,No,No
CUST02816,24.0,male,11,76.37,531.44,Two Year,Bank Transfer,No,No,0,No,No,No
CUST02817,44.0,male,3,94.04,1867.22,Two Year,Bank Transfer,No,Yes,1,Yes,Yes,Yes
CUST02818,45.0,Male,14,133.96,4302.61,One Year,Credit Card,Fiber Optic,Yes,1,Yes,Yes,No
CUST02819,39.0,male,8,140.67,3895.36,Two Year,Bank Transfer,No,No,1,Yes,Yes,No
CUST02820,31.0,Male,6,88.74,5775.21,Two Year,Credit Card,Fiber Optic,Yes,0,No,No,No
CUST02821,24.0,M,9,117.99,8503.49,One Year,Bank Transfer,DSL,No,1,Yes,No,No
CUST02822,54.0,male,12,77.11,1029.39,Two Year,Electronic Check,Fiber Optic,Yes,0,Yes,No,No
CUST02823,39.0,Female,11,116.99,4077.69,One Year,Mailed Check,DSL,No,1,No,No,No
CUST02824,22.0,M,6,46.62,,One Year,Mailed Check,No,Yes,1,No,No,No
CUST02825,19.0,Male,14,68.24,8049.09,Two Year,Electronic Check,No,Yes,1,No,Yes,No
CUST02826,44.0,M,12,102.45,8681.93,Month-to-Month,Mailed Check,Fiber Optic,No,0,No,Yes,No
CUST02827,38.0,Male,12,22.36,4318.74,Month-to-Month,Mailed Check,DSL,No,1,Yes,No,Yes
CUST02828,55.0,M,7,113.92,954.01,Two Year,Mailed Check,No,Yes,0,Yes,Yes,No
CUST02829,32.0,Male,11,128.62,7071.95,One Year,Mailed Check,No,No,1,No,No,No
CUST02830,38.0,male,5,71.89,6280.33,One Year,Electronic Check,DSL,No,1,Yes,Yes,No
CUST02831,27.0,Female,7,78.23,3204.94,One Year,Credit Card,No,Yes,0,Yes,Yes,No
CUST02832,40.0,Male,2,130.67,7988.92,Two Year,Mailed Check,No,No,0,Yes,Yes,No
CUST02833,56.0,M,9,120.84,8782.97,Month-to-Month,Electronic Check,Fiber Optic,Yes,0,Yes,No,No
CUST02834,22.0,Male,9,57.46,5029.53,One Year,Mailed Check,No,No,1,Yes,Yes,Yes
CUST02835,18.0,Male,13,62.12,5100.24,One Year,Electronic Check,DSL,Yes,1,No,No,No
CUST02836,30.0,Male,0,108.25,2691.67,Two Year,Electronic Check,No,No,0,No,Yes,No
CUST02837,38.0,M,5,93.22,,Month-to-Month,Credit Card,Fiber Optic,Yes,1,No,Yes,Yes
CUST02838,43.0,Female,0,41.09,3967.99,Month-to-Month,Bank Transfer,No,Yes,0,No,Yes,No
CUST02839,67.0,male,8,60.29,2733.68,Two Year,Credit Card,DSL,No,0,No,Yes,Yes
CUST02840,62.0,Female,13,137.0,623.32,Month-to-Month,Credit Card,No,No,1,No,Yes,No
CUST02841,38.0,Male,1,109.46,2289.32,Two Year,Mailed Check,DSL,Yes,0,No,Yes,Yes
CUST02842,35.0,M,10,148.18,1796.73,One Year,Electronic Check,Fiber Optic,No,1,Yes,No,No
CUST02843,54.0,Female,1,119.71,4887.54,Two Year,Bank Transfer,No,Yes,0,No,No,No
CUST02844,62.0,Male,6,142.46,5423.0,One Year,Electronic Check,No,Yes,1,Yes,No,No
CUST02845,49.0,male,1,48.1,5484.97,Two Year,Mailed Check,Fiber Optic,No,0,Yes,No,No
CUST02846,53.0,male,9,120.29,3505.87,One Year,Electronic Check,DSL,No,1,Yes,No,Yes
CUST02847,34.0,male,7,22.63,3802.64,One Year,Mailed Check,DSL,No,0,Yes,No,No
CUST02848,52.0,Male,5,107.2,7511.46,Two Year,Credit Card,No,Yes,1,Yes,Yes,No
CUST02849,66.0,M,13,81.01,4296.57,One Year,Credit Card,DSL,No,1,No,Yes,No
CUST02850,28.0,Female,6,65.08,8890.2,Month-to-Month,Mailed Check,DSL,No,1,Yes,Yes,No
CUST02851,38.0,male,6,132.11,3967.76,Two Year,Credit Card,No,No,0,No,No,Yes
CUST02852,-5.0,Male,5,131.05,5853.24,Month-to-Month,Electronic Check,DSL,Yes,1,No,No,No
CUST02853,43.0,Male,9,22.9,472.26,One Year,Bank Transfer,DSL,No,0,No,Yes,No
CUST02854,21.0,Female,10,99.24,5886.99,One Year,Bank Transfer,No,No,0,Yes,Yes,No
CUST02855,51.0,male,8,67.82,7665.81,One Year,Electronic Check,No,Yes,0,Yes,Yes,No
CUST02856,69.0,Male,12,74.04,8483.27,Two Year,Bank Transfer,DSL,No,1,No,Yes,No
CUST02857,65.0,Female,8,128.17,8975.94,One Year,Electronic Check,No,Yes,0,No,No,No
CUST02858,35.0,M,14,60.28,2553.96,Month-to-Month,Mailed Check,DSL,No,0,No,Yes,No
CUST02859,57.0,M,6,142.6,5186.82,Month-to-Month,Bank Transfer,DSL,Yes,1,No,No,No
CUST02860,52.0,M,8,43.35,4067.45,Two Year,Mailed Check,DSL,Yes,1,No,No,No
CUST02861,58.0,male,12,106.15,5083.08,Month-to-Month,Mailed Check,DSL,Yes,1,Yes,Yes,Yes
CUST02862,46.0,Female,9,107.37,1433.93,Two Year,Electronic Check,No,No,1,No,No,Yes
CUST02863,69.0,Female,2,52.79,7708.22,Two Year,Bank Transfer,No,No,0,No,No,No
CUST02864,46.0,Male,2,62.22,8187.93,One Year,Credit Card,Fiber Optic,Yes,0,No,Yes,No
CUST02865,55.0,Male,0,128.52,4057.96,Month-to-Month,Credit Card,No,No,0,No,No,Yes
CUST02866,59.0,Male,4,119.03,2538.26 ,Month-to-Month,Credit Card,Fiber Optic,No,0,Yes,No,Yes
CUST02867,38.0,Female,14,62.78,1284.68,Month-to-Month,Credit Card,DSL,No,0,No,Yes,No
CUST02868,59.0,Male,3,89.41,6160.21,One Year,Electronic Check,No,Yes,1,No,Yes,No
CUST02869,30.0,Female,1,28.02,2823.84,Two Year,Mailed Check,DSL,No,0,Yes,Yes,No
CUST02870,66.0,Female,8,47.14,8187.66,Month-to-Month,Bank Transfer,Fiber Optic,Yes,1,No,Yes,Yes
CUST02871,58.0,M,2,83.16,6045.69,Month-to-Month,Electronic Check,No,Yes,1,Yes,Yes,No
CUST02872,34.0,Male,14,31.18,5818.25,Month-to-Month,Credit Card,No,No,0,Yes,No,No
CUST02873,26.0,M,7,129.63,5043.43,Month-to-Month,Bank Transfer,No,No,0,No,Yes,No
CUST02874,58.0,male,5,113.34,431.07,One Year,Electronic Check,No,Yes,0,No,Yes,No
CUST02875,18.0,male,13,142.67,8388.66,Two Year,Mailed Check,DSL,No,1,Yes,No,Yes
CUST02876,19.0,male,12,110.15,5658.88,Month-to-Month,Credit Card,No,No,1,Yes,No,No
CUST02877,65.0,Female,4,142.25,,Month-to-Month,Bank Transfer,Fiber Optic,Yes,1,No,No,No
CUST02878,46.0,Female,0,92.09,4845.46,Two Year,Bank Transfer,No,No,0,No,Yes,No
CUST02879,50.0,Female,3,98.03,6396.8,One Year,Credit Card,Fiber Optic,Yes,1,Yes,Yes,No
CUST02880,27.0,Male,2,147.01,524.76,One Year,Mailed Check,Fiber Optic,Yes,1,No,Yes,No
CUST02881,67.0,M,0,103.48,5692.99,One Year,Credit Card,DSL,No,1,Yes,No,No
CUST02882,57.0,Female,11,24.0,6886.55,One Year,Mailed Check,No,Yes,1,No,Yes,No
CUST02883,120.0,M,14,114.09,7011.06,Month-to-Month,Bank Transfer,Fiber Optic,No,0,No,No,No
CUST02884,45.0,M,4,137.71,6935.6,Two Year,Credit Card,No,No,1,Yes,No,No
CUST02885,28.0,M,5,123.43,2052.02,Two Year,Mailed Check,DSL,No,0,Yes,No,No
CUST02886,51.0,Male,1,95.9,8779.08,Two Year,Mailed Check,DSL,Yes,0,No,No,No
CUST02887,25.0,Male,14,107.27,8956.74,One Year,Electronic Check,No,Yes,0,Yes,No,No
CUST02888,39.0,male,13,148.72,698.85,One Year,Mailed Check,Fiber Optic,Yes,0,No,No,Yes
CUST02889,25.0,male,2,31.79,8429.29,Two Year,Credit Card,DSL,No,1,No,Yes,No
CUST02890,66.0,M,10,106.74,2619.25,Month-to-Month,Credit Card,Fiber Optic,No,0,Yes,No,Yes
CUST02891,32.0,male,13,56.84,6209.77,One Year,Mailed Check,Fiber Optic,Yes,0,No,Yes,No
CUST02892,34.0,M,14,103.21,3056.24,Month-to-Month,Credit Card,No,No,1,No,No,No
CUST02893,40.0,Male,5,98.99,8710.43,Two Year,Bank Transfer,DSL,No,1,Yes,No,No
CUST02894,41.0,Male,3,39.95,931.5,One Year,Bank Transfer,No,Yes,1,Yes,No,Yes
CUST02895,62.0,Male,8,46.88,4489.77,Month-to-Month,Credit Card,No,Yes,1,Yes,No,No
CUST02896,36.0,Female,4,100.81,3863.87,One Year,Mailed Check,No,Yes,0,No,No,No
CUST02897,22.0,M,3,36.67,2947.69,Two Year,Bank Transfer,Fiber Optic,No,1,Yes,No,No
CUST02898,49.0,Male,1,54.47,5816.9,Two Year,Mailed Check,No,No,1,No,No,No
CUST02899,61.0,M,5,128.58,1196.88,Two Year,Credit Card,DSL,No,0,Yes,Yes,No
CUST02900,18.0,male,9,62.52,6455.63,Month-to-Month,Electronic Check,Fiber Optic,Yes,0,No,No,No
CUST02901,40.0,male,1,83.45,8825.72,One Year,Bank Transfer,No,Yes,1,No,Yes,No
CUST02902,54.0,Male,11,142.35,7244.94,One Year,Credit Card,DSL,Yes,0,Yes,No,Yes
CUST02903,25.0,M,12,49.53,7742.95,One Year,Bank Transfer,No,Yes,1,No,No,Yes
CUST02904,30.0,Male,6,70.65,3249.54,Two Year,Mailed Check,No,No,1,No,Yes,No
CUST02905,25.0,male,2,98.84,2937.48,Month-to-Month,Electronic Check,No,Yes,0,Yes,Yes,No
CUST02906,40.0,Male,8,118.19,4663.09,Two Year,Electronic Check,Fiber Optic,No,0,No,No,No
CUST02907,60.0,M,10,137.21,430.63,Two Year,Credit Card,No,Yes,0,No,Yes,No
CUST02908,18.0,male,4,139.01,8509.32,Month-to-Month,Bank Transfer,DSL,No,0,No,No,No
CUST02909,62.0,Female,7,120.96,1311.19,Two Year,Electronic Check,No,Yes,1,No,Yes,No
CUST02910,68.0,male,10,49.68,8129.06,Two Year,Bank Transfer,No,No,1,No,Yes,No
CUST02911,41.0,Female,5,23.23,770.57,One Year,Mailed Check,Fiber Optic,No,0,No,Yes,No
CUST02912,52.0,Male,13,69.89,7407.17,Month-to-Month,Mailed Check,No,Yes,1,Yes,Yes,No
CUST02913,41.0,Male,11,38.4,1384.62,Month-to-Month,Credit Card,DSL,No,0,Yes,Yes,No
CUST02914,34.0,M,9,112.35,362.42,One Year,Electronic Check,DSL,Yes,1,Yes,No,Yes
CUST02915,22.0,Female,7,105.95,6481.02,Month-to-Month,Electronic Check,No,No,1,No,Yes,Yes
CUST02916,37.0,Male,12,25.72,2536.78,One Year,Bank Transfer,DSL,Yes,1,Yes,Yes,No
CUST02917,38.0,Female,12,128.76,6436.18,Two Year,Mailed Check,DSL,Yes,1,Yes,Yes,No
CUST02918,57.0,Male,10,52.34,5004.67,Month-to-Month,Electronic Check,No,Yes,1,No,No,No
CUST02919,48.0,male,11,76.19,997.09,Month-to-Month,Credit Card,DSL,No,1,Yes,No,Yes
CUST02920,63.0,Male,2,106.83,8390.53,Two Year,Credit Card,DSL,No,0,Yes,Yes,No
CUST02921,53.0,M,2,75.82,4081.78,Two Year,Electronic Check,No,Yes,0,No,No,No
CUST02922,28.0,male,4,77.37,6615.34,Month-to-Month,Credit Card,Fiber Optic,No,0,Yes,No,No
CUST02923,69.0,M,10,28.53,4519.16,Month-to-Month,Electronic Check,Fiber Optic,Yes,1,Yes,No,Yes
CUST02924,32.0,male,9,72.19,5447.17,Month-to-Month,Electronic Check,No,No,0,Yes,Yes,No
CUST02925,36.0,Female,2,119.43,2738.91,One Year,Electronic Check,Fiber Optic,Yes,1,Yes,Yes,Yes
CUST02926,24.0,M,7,138.97,1819.24,Month-to-Month,Electronic Check,Fiber Optic,Yes,1,Yes,No,No
CUST02927,68.0,Male,9,73.75,4892.28,Month-to-Month,Bank Transfer,Fiber Optic,Yes,1,Yes,No,No
CUST02928,45.0,Female,12,75.07,3973.17,Two Year,Electronic Check,Fiber Optic,Yes,0,No,Yes,No
CUST02929,68.0,Male,11,111.34,3523.22,Two Year,Credit Card,No,Yes,1,No,Yes,No
CUST02930,60.0,male,13,142.56,6059.65,One Year,Mailed Check,Fiber Optic,No,1,Yes,No,No
CUST02931,22.0,male,7,54.72,6220.75,Two Year,Bank Transfer,Fiber Optic,No,0,Yes,Yes,No
CUST02932,22.0,Male,1,77.22,432.36 ,Month-to-Month,Mailed Check,No,No,0,Yes,No,No
CUST02933,,Male,11,123.48,3061.93,Month-to-Month,Mailed Check,No,No,0,No,Yes,No
CUST02934,49.0,Female,3,99.26,3717.65,One Year,Mailed Check,Fiber Optic,Yes,1,Yes,Yes,No
CUST02935,25.0,Male,9,34.38,890.09,Two Year,Mailed Check,DSL,Yes,1,No,Yes,No
CUST02936,27.0,M,12,101.61,2138.39,Two Year,Mailed Check,No,Yes,0,No,Yes,No
CUST02937,55.0,M,0,44.28,483.74,Two Year,Credit Card,No,No,1,Yes,No,No
CUST02938,64.0,Male,3,86.33,8966.25,One Year,Electronic Check,Fiber Optic,Yes,1,No,Yes,No
CUST02939,49.0,M,11,88.78,6634.28,Two Year,Credit Card,DSL,No,1,Yes,Yes,No
CUST02940,65.0,Male,12,879.5373038722823,805.3,Two Year,Bank Transfer,No,No,0,No,Yes,No
CUST02941,45.0,Female,12,80.12,201.84,Two Year,Credit Card,No,No,1,Yes,Yes,Yes
CUST02942,34.0,M,10,56.33,6479.2,Month-to-Month,Bank Transfer,No,Yes,0,Yes,Yes,No
CUST02943,48.0,M,12,50.03,3963.95,One Year,Electronic Check,DSL,No,0,No,No,No
CUST02944,25.0,Male,3,133.65,7085.43,Month-to-Month,Mailed Check,No,No,0,Yes,No,No
CUST02945,57.0,M,9,42.23,8312.81,One Year,Electronic Check,No,No,1,No,Yes,No
CUST02946,42.0,male,8,75.36,5401.72,Two Year,Credit Card,DSL,No,1,Yes,No,Yes
CUST02947,26.0,Female,14,44.33,1700.23,Month-to-Month,Credit Card,No,No,1,No,Yes,No
CUST02948,19.0,Female,2,120.53,7044.1,Two Year,Electronic Check,DSL,Yes,0,Yes,No,Yes
CUST02949,32.0,M,14,81.67,8603.19,Two Year,Electronic Check,DSL,No,0,Yes,Yes,Yes
CUST02950,67.0,M,1,65.65,5230.48,One Year,Credit Card,DSL,No,1,Yes,Yes,Yes
CUST02951,20.0,male,8,66.94,6144.34,Two Year,Electronic Check,Fiber Optic,No,1,No,No,Yes
CUST02952,66.0,male,8,130.79,3050.52,Month-to-Month,Bank Transfer,No,Yes,0,No,Yes,No
CUST02953,53.0,M,0,91.99,3446.12,One Year,Bank Transfer,No,No,1,Yes,Yes,Yes
CUST02954,21.0,M,5,113.32,6617.2,One Year,Credit Card,No,Yes,0,Yes,Yes,No
CUST02955,31.0,male,9,136.62,8351.38,Month-to-Month,Credit Card,DSL,No,0,Yes,Yes,No
CUST02956,58.0,Male,7,137.23,5668.32,Two Year,Electronic Check,Fiber Optic,Yes,0,No,Yes,No
CUST02957,58.0,male,2,62.71,7112.83,Two Year,Electronic Check,DSL,Yes,0,Yes,No,No
CUST02958,42.0,Male,10,143.82,1561.28,Two Year,Mailed Check,No,Yes,1,Yes,No,No
CUST02959,67.0,Female,8,23.23,1923.39,Two Year,Bank Transfer,DSL,No,0,Yes,No,Yes
CUST02960,27.0,Female,1,68.99,4797.67,Two Year,Credit Card,Fiber Optic,No,0,No,No,No
CUST02961,38.0,male,5,136.45,1605.46,One Year,Credit Card,No,No,1,Yes,Yes,No
CUST02962,53.0,Male,0,55.7,5722.26,One Year,Credit Card,DSL,No,0,Yes,Yes,No
CUST02963,29.0,male,12,55.5,2639.05,Month-to-Month,Credit Card,Fiber Optic,Yes,0,No,No,No
CUST02964,44.0,male,6,59.34,7127.96,Two Year,Mailed Check,DSL,No,0,Yes,Yes,Yes
CUST02965,57.0,Male,2,99.6,7276.83,Two Year,Bank Transfer,DSL,No,0,No,No,Yes
CUST02966,19.0,male,6,76.98,4184.81,Two Year,Mailed Check,No,Yes,1,No,Yes,No
CUST02967,30.0,Female,3,114.48,1643.68,Month-to-Month,Bank Transfer,Fiber Optic,Yes,1,No,Yes,Yes
CUST02968,49.0,M,8,136.34,5828.04,Two Year,Credit Card,DSL,Yes,1,No,No,No
CUST02969,48.0,M,4,107.65,8935.23,One Year,Bank Transfer,Fiber Optic,Yes,1,No,No,No
CUST02970,33.0,male,2,46.58,5610.87,Two Year,Credit Card,No,No,0,Yes,No,No
CUST02971,49.0,Male,14,141.25,341.26,Month-to-Month,Mailed Check,No,No,0,Yes,No,No
CUST02972,49.0,Male,7,54.38,175.3,One Year,Bank Transfer,No,Yes,1,Yes,No,Yes
CUST02973,51.0,Female,5,39.49,2896.85,One Year,Electronic Check,Fiber Optic,Yes,0,Yes,No,Yes
CUST02974,28.0,Male,1,31.7,1778.14,One Year,Bank Transfer,Fiber Optic,No,1,Yes,No,Yes
CUST02975,27.0,Male,2,93.24,7321.2,Two Year,Credit Card,DSL,Yes,0,Yes,Yes,Yes
CUST02976,32.0,Female,7,34.79,7606.35,Month-to-Month,Electronic Check,Fiber Optic,Yes,1,Yes,No,Yes
CUST02977,34.0,male,14,38.04,2342.4,Month-to-Month,Credit Card,No,Yes,1,Yes,No,No
CUST02978,57.0,M,9,59.0,2944.29,Two Year,Electronic Check,DSL,No,1,No,No,Yes
CUST02979,35.0,Female,6,56.61,2141.5,Month-to-Month,Electronic Check,Fiber Optic,No,1,Yes,Yes,No
CUST02980,26.0,male,9,98.55,8177.28,One Year,Bank Transfer,No,No,0,Yes,Yes,No
CUST02981,42.0,Female,5,126.18,4533.79,One Year,Bank Transfer,No,Yes,0,No,Yes,Yes
CUST02982,57.0,male,13,118.98,5912.11,Month-to-Month,Electronic Check,DSL,No,0,Yes,No,No
CUST02983,31.0,Female,0,54.12,3751.03,Month-to-Month,Electronic Check,No,Yes,1,No,Yes,No
CUST02984,42.0,male,8,51.89,5686.51,Two Year,Electronic Check,Fiber Optic,No,1,Yes,No,No
CUST02985,67.0,Female,2,145.55,3484.98,Two Year,Credit Card,No,Yes,0,Yes,No,No
CUST02986,39.0,male,13,21.07,3070.31,Two Year,Bank Transfer,DSL,Yes,0,No,Yes,No
CUST02987,69.0,Female,4,134.36,5717.63,Two Year,Credit Card,No,No,0,Yes,No,No
CUST02988,47.0,M,6,45.96,5327.74,Two Year,Bank Transfer,No,No,0,No,Yes,Yes
CUST02989,37.0,M,14,143.15,,Two Year,Mailed Check,Fiber Optic,Yes,1,No,Yes,No
CUST02990,38.0,Male,6,64.5,1361.15,One Year,Credit Card,Fiber Optic,Yes,1,No,Yes,No
CUST02991,61.0,male,2,77.25,3329.82,Month-to-Month,Bank Transfer,Fiber Optic,Yes,0,Yes,Yes,No
CUST02992,49.0,Female,14,111.93,3748.47,Two Year,Electronic Check,Fiber Optic,Yes,0,No,No,No
CUST02993,68.0,male,3,96.4,5665.59,One Year,Electronic Check,No,Yes,0,No,Yes,No
CUST02994,63.0,M,9,61.33,8232.47,Month-to-Month,Bank Transfer,Fiber Optic,No,1,Yes,Yes,No
CUST02995,66.0,male,6,92.0,344.94,Month-to-Month,Electronic Check,No,Yes,0,No,No,Yes
CUST02996,38.0,Female,7,114.99,2208.08,Month-to-Month,Electronic Check,Fiber Optic,No,1,No,No,No
CUST02997,52.0,male,1,25.5,1759.57,Two Year,Mailed Check,Fiber Optic,No,1,Yes,Yes,No
CUST02998,49.0,Female,8,21.46,4530.6,Two Year,Mailed Check,Fiber Optic,No,0,Yes,Yes,No
CUST02999,47.0,M,6,79.55,3878.71,Two Year,Mailed Check,No,No,0,Yes,Yes,Yes
CUST03000,56.0,M,12,37.14,6566.76,Month-to-Month,Credit Card,Fiber Optic,Yes,0,No,Yes,No
CUST03001,66.0,M,7,106.36,2196.89,Month-to-Month,Mailed Check,No,No,1,No,No,No
CUST03002,29.0,Male,5,47.83,5358.6,One Year,Mailed Check,Fiber Optic,No,0,Yes,Yes,No
CUST03003,58.0,M,5,76.27,7957.04,One Year,Mailed Check,Fiber Optic,No,0,No,No,Yes
CUST03004,64.0,male,8,45.7,8197.89,One Year,Bank Transfer,DSL,Yes,1,No,No,No
CUST03005,35.0,Male,3,91.3,,One Year,Electronic Check,Fiber Optic,No,1,Yes,No,No
CUST03006,38.0,M,10,35.09,6963.89,Month-to-Month,Bank Transfer,No,No,1,Yes,Yes,No
CUST03007,30.0,male,10,23.0,8155.77,Two Year,Mailed Check,DSL,No,0,Yes,Yes,Yes
CUST03008,38.0,male,4,26.65,2126.09,Two Year,Credit Card,No,Yes,1,No,No,No
CUST03009,25.0,male,8,144.05,1794.28,Two Year,Bank Transfer,No,Yes,1,Yes,Yes,No
CUST03010,63.0,Female,0,38.5,78.26,Two Year,Mailed Check,DSL,Yes,1,No,No,No
CUST03011,57.0,Male,3,112.1,6367.46,One Year,Credit Card,Fiber Optic,No,1,Yes,No,No
CUST03012,63.0,male,6,28.83,8438.46,Month-to-Month,Credit Card,DSL,Yes,1,No,Yes,No
CUST03013,24.0,Female,10,34.06,1698.68,Two Year,Credit Card,No,Yes,0,Yes,Yes,No
CUST03014,40.0,M,14,86.15,5739.75,Month-to-Month,Electronic Check,Fiber Optic,Yes,1,No,No,No
CUST03015,61.0,male,8,80.43,6723.21,One Year,Credit Card,DSL,No,1,No,No,No
CUST03016,49.0,Female,14,143.71,8349.98,One Year,Mailed Check,No,Yes,1,No,No,Yes
CUST03017,28.0,male,13,142.83,5828.8,Two Year,Bank Transfer,Fiber Optic,No,0,No,Yes,No
CUST03018,39.0,Male,12,121.35,8733.24,Two Year,Bank Transfer,No,No,0,No,Yes,Yes
CUST03019,39.0,Male,10,98.27,3115.16,One Year,Mailed Check,Fiber Optic,No,1,No,Yes,Yes
CUST03020,60.0,M,11,79.14,3162.36,One Year,Electronic Check,Fiber Optic,No,1,No,No,No
CUST03021,42.0,male,12,66.3,4896.25,Month-to-Month,Electronic Check,DSL,Yes,1,Yes,Yes,No
CUST03022,39.0,Female,9,143.12,3463.85,One Year,Credit Card,Fiber Optic,Yes,1,No,No,No
CUST03023,45.0,M,5,98.38,32.8,Month-to-Month,Mailed Check,No,No,0,No,No,No
CUST03024,46.0,male,11,95.28,6591.31,One Year,Credit Card,Fiber Optic,No,0,No,Yes,No
CUST03025,30.0,M,7,50.15,,Month-to-Month,Credit Card,No,No,0,No,No,No
CUST03026,35.0,Female,12,26.07,6727.83,One Year,Mailed Check,Fiber Optic,No,1,No,No,Yes
CUST03027,19.0,M,8,142.87,3118.29,One Year,Electronic Check,Fiber Optic,Yes,1,Yes,No,No
CUST03028,46.0,M,9,60.79,4710.16,Month-to-Month,Electronic Check,DSL,Yes,0,Yes,Yes,No
CUST03029,38.0,M,3,77.54,,Month-to-Month,Bank Transfer,Fiber Optic,No,0,Yes,No,Yes
CUST03030,32.0,male,0,34.9,164.01,Two Year,Mailed Check,Fiber Optic,Yes,1,No,No,No
CUST03031,69.0,Female,13,128.8,5070.79,Two Year,Credit Card,No,Yes,0,No,Yes,No
CUST03032,44.0,Male,7,23.59,1131.37,One Year,Mailed Check,No,Yes,0,No,No,No
CUST03033,67.0,male,1,128.42,738.77,One Year,Credit Card,No,Yes,0,Yes,Yes,No
CUST03034,48.0,Male,10,38.24,6804.38,Month-to-Month,Bank Transfer,Fiber Optic,No,0,Yes,Yes,Yes
CUST03035,32.0,Male,0,135.25,105.37,One Year,Bank Transfer,No,Yes,0,Yes,No,No
CUST03036,68.0,male,12,114.87,,Two Year,Bank Transfer,No,No,1,No,No,No
CUST03037,40.0,male,6,41.41,4646.99,Month-to-Month,Bank Transfer,Fiber Optic,Yes,1,No,Yes,No
CUST03038,41.0,Female,11,93.56,8847.49,One Year,Credit Card,No,Yes,1,No,No,No
CUST03039,61.0,Female,9,60.65,540.82,Month-to-Month,Electronic Check,DSL,No,1,No,No,Yes
CUST03040,30.0,M,8,43.17,5260.1,Two Year,Credit Card,DSL,Yes,0,Yes,No,No
CUST03041,39.0,Male,10,131.69,3156.96,Two Year,Bank Transfer,No,No,1,Yes,No,Yes
CUST03042,60.0,Female,14,72.46,7594.47,Two Year,Electronic Check,No,Yes,0,Yes,Yes,No
CUST03043,54.0,M,11,71.81,3263.78,One Year,Mailed Check,No,No,0,Yes,Yes,Yes
CUST03044,50.0,Female,11,42.09,2359.18,One Year,Credit Card,Fiber Optic,Yes,1,Yes,No,No
CUST03045,20.0,male,8,69.8,7720.83,One Year,Mailed Check,DSL,No,1,No,Yes,No
CUST03046,36.0,Female,2,133.31,3384.38,One Year,Bank Transfer,DSL,Yes,1,Yes,Yes,No
CUST03047,40.0,Male,5,67.21,171.16,One Year,Mailed Check,No,No,1,No,Yes,No
CUST03048,46.0,Female,6,143.71,3524.8,One Year,Electronic Check,No,Yes,0,No,No,No
CUST03049,47.0,Male,13,143.02,5897.61 ,Two Year,Electronic Check,Fiber Optic,No,0,Yes,Yes,No
CUST03050,56.0,male,9,38.84,2304.15,Two Year,Electronic Check,Fiber Optic,No,0,Yes,Yes,Yes
CUST03051,61.0,Male,8,43.05,3899.25,One Year,Credit Card,DSL,Yes,1,No,Yes,No
CUST03052,64.0,Female,14,132.15,529.3,Two Year,Mailed Check,Fiber Optic,No,1,No,Yes,No
CUST03053,42.0,M,1,71.06,5301.07,Month-to-Month,Mailed Check,DSL,No,0,No,Yes,No
CUST03054,54.0,male,7,20.57,6811.53,One Year,Mailed Check,No,Yes,0,No,No,No
CUST03055,64.0,Female,13,55.6,3731.55,Month-to-Month,Bank Transfer,No,Yes,1,Yes,No,No
CUST03056,25.0,male,6,97.69,3793.69,One Year,Credit Card,DSL,Yes,1,No,Yes,No
CUST03057,59.0,male,3,123.9,812.78,One Year,Credit Card,No,No,0,Yes,No,No
CUST03058,33.0,Female,1,37.34,1833.43,Two Year,Mailed Check,Fiber Optic,No,0,Yes,Yes,No
CUST03059,25.0,Female,7,34.37,1408.98,Month-to-Month,Credit Card,No,Yes,0,Yes,No,No
CUST03060,18.0,M,10,139.87,4345.56,Two Year,Mailed Check,No,No,1,Yes,No,No
CUST03061,61.0,male,4,117.65,4772.71,One Year,Mailed Check,DSL,Yes,0,No,No,No
CUST03062,22.0,male,5,96.67,8541.48,Month-to-Month,Mailed Check,Fiber Optic,No,0,No,No,Yes
CUST03063,20.0,Female,13,119.99,677.62,One Year,Electronic Check,Fiber Optic,Yes,1,Yes,No,No
CUST03064,18.0,Male,10,75.75,5406.81,Two Year,Bank Transfer,No,No,0,No,No,No
CUST03065,21.0,Female,6,118.6,4747.96,One Year,Credit Card,No,Yes,0,Yes,No,No
CUST03066,57.0,male,14,68.33,4655.77,One Year,Bank Transfer,Fiber Optic,Yes,0,Yes,Yes,No
CUST03067,,Female,14,51.73,7860.97,Two Year,Electronic Check,Fiber Optic,Yes,1,No,Yes,No
CUST03068,49.0,M,9,114.77,1865.74,One Year,Credit Card,DSL,No,1,No,Yes,No
CUST03069,59.0,Male,0,74.56,386.14,Month-to-Month,Mailed Check,No,No,0,No,Yes,Yes
CUST03070,51.0,Female,7,147.58,6057.0,Two Year,Bank Transfer,No,No,1,No,Yes,No
CUST03071,60.0,M,3,65.43,3119.51,One Year,Electronic Check,Fiber Optic,Yes,0,Yes,No,No
CUST03072,42.0,male,12,139.82,177.96,Two Year,Credit Card,DSL,No,0,Yes,No,No
CUST03073,27.0,Female,8,141.29,2277.34,One Year,Credit Card,Fiber Optic,No,1,Yes,No,No
CUST03074,38.0,male,0,51.44,2797.75,Two Year,Bank Transfer,No,Yes,0,No,Yes,Yes
CUST03075,63.0,M,10,123.77,5559.21,Two Year,Bank Transfer,No,Yes,1,No,No,No
CUST03076,56.0,male,1,76.3,1569.82,Month-to-Month,Credit Card,No,Yes,1,Yes,No,No
CUST03077,44.0,M,13,139.28,3729.23,Two Year,Credit Card,No,Yes,0,No,Yes,Yes
CUST03078,44.0,M,5,78.52,4352.63,Month-to-Month,Electronic Check,DSL,No,0,Yes,Yes,No
CUST03079,19.0,M,10,116.76,4143.95,Two Year,Mailed Check,No,Yes,1,Yes,No,No
CUST03080,58.0,Female,9,80.71,8765.99,Two Year,Mailed Check,Fiber Optic,No,1,Yes,No,No
CUST03081,65.0,male,10,49.61,428.63,One Year,Electronic Check,DSL,Yes,0,No,No,No
CUST03082,30.0,male,13,45.92,8559.69,One Year,Credit Card,DSL,No,1,No,No,No
CUST03083,26.0,Male,0,75.31,5245.8,One Year,Bank Transfer,No,Yes,0,Yes,Yes,No
CUST03084,69.0,Male,3,118.21,7165.63,Two Year,Bank Transfer,DSL,Yes,0,No,Yes,No
CUST03085,53.0,Male,7,98.66,3884.93,Two Year,Credit Card,No,Yes,1,No,Yes,No
CUST03086,39.0,Male,14,109.52,4095.46,Month-to-Month,Electronic Check,DSL,Yes,0,No,No,No
CUST03087,59.0,male,9,56.7,7916.35,Month-to-Month,Credit Card,DSL,Yes,1,Yes,No,No
CUST03088,43.0,M,4,82.59,8065.49,Month-to-Month,Bank Transfer,Fiber Optic,No,0,No,Yes,No
CUST03089,29.0,M,12,25.77,2163.43,One Year,Credit Card,Fiber Optic,No,0,No,No,No
CUST03090,34.0,Female,8,126.28,1809.19,One Year,Credit Card,Fiber Optic,No,0,No,No,No
CUST03091,31.0,M,10,148.69,4476.19,Month-to-Month,Electronic Check,DSL,No,0,Yes,Yes,Yes
CUST03092,31.0,male,10,72.89,8104.49,Two Year,Mailed Check,Fiber Optic,No,0,Yes,Yes,No
CUST03093,51.0,male,5,21.43,2914.75,One Year,Bank Transfer,Fiber Optic,Yes,0,Yes,No,Yes
CUST03094,37.0,male,0,42.07,5875.09,One Year,Bank Transfer,Fiber Optic,Yes,1,No,Yes,No
CUST03095,,Female,5,104.83,6379.2,Month-to-Month,Credit Card,DSL,No,1,Yes,No,Yes
CUST03096,33.0,Male,5,99.57,7012.5,One Year,Bank Transfer,No,No,0,No,No,Yes
CUST03097,68.0,M,12,122.42,5084.04,Month-to-Month,Bank Transfer,Fiber Optic,No,1,Yes,No,Yes
CUST03098,48.0,male,5,53.0,3634.05,One Year,Mailed Check,DSL,No,1,No,No,Yes
CUST03099,23.0,male,7,119.27,8703.8,Two Year,Bank Transfer,DSL,No,1,Yes,No,No
CUST03100,36.0,Male,14,109.44,5509.75,Two Year,Bank Transfer,No,Yes,1,Yes,No,No
CUST03101,54.0,male,5,61.97,6562.52,One Year,Electronic Check,Fiber Optic,No,1,No,Yes,No
CUST03102,21.0,M,4,90.91,3117.95,Month-to-Month,Electronic Check,DSL,Yes,0,Yes,Yes,No
CUST03103,64.0,Female,14,39.15,6036.14,One Year,Electronic Check,DSL,No,0,No,No,Yes
CUST03104,21.0,male,10,78.83,2335.02,Month-to-Month,Electronic Check,DSL,Yes,0,No,No,Yes
CUST03105,,M,1,134.56,2220.97,One Year,Electronic Check,No,No,0,No,No,Yes
CUST03106,27.0,male,3,74.75,,Two Year,Mailed Check,Fiber Optic,No,0,No,Yes,No
CUST03107,41.0,Male,13,129.14,4702.12,Two Year,Bank Transfer,DSL,Yes,1,No,No,No
CUST03108,52.0,male,14,96.73,6155.82,One Year,Credit Card,DSL,Yes,1,No,Yes,No
CUST03109,43.0,male,9,44.94,2439.56,One Year,Mailed Check,DSL,Yes,0,Yes,Yes,Yes
CUST03110,54.0,Female,4,95.54,5396.54,One Year,Credit Card,DSL,No,0,Yes,No,No
CUST03111,55.0,Male,9,85.78,4006.52,Two Year,Electronic Check,Fiber Optic,No,1,Yes,Yes,No
CUST03112,38.0,Male,3,71.82,5380.7,Two Year,Bank Transfer,Fiber Optic,No,0,Yes,Yes,No
CUST03113,57.0,Female,1,35.55,2632.1,Month-to-Month,Electronic Check,DSL,No,0,Yes,Yes,Yes
CUST03114,56.0,male,6,74.17,6444.75,One Year,Mailed Check,DSL,Yes,1,Yes,No,Yes
CUST03115,38.0,M,9,29.46,7257.25,One Year,Credit Card,DSL,Yes,0,No,Yes,No
CUST03116,27.0,Male,9,32.84,2354.05,Two Year,Bank Transfer,No,Yes,0,No,No,Yes
CUST03117,55.0,Male,1,74.07,2719.57,One Year,Mailed Check,No,Yes,0,No,Yes,No
CUST03118,63.0,male,0,59.7,5957.17,Month-to-Month,Mailed Check,No,Yes,0,Yes,Yes,Yes
CUST03119,21.0,male,13,140.32,6266.35,One Year,Bank Transfer,DSL,Yes,0,No,Yes,Yes
CUST03120,62.0,Male,4,68.84,6342.82,Two Year,Bank Transfer,No,Yes,1,No,Yes,Yes
CUST03121,37.0,male,11,118.52,6150.63,One Year,Mailed Check,Fiber Optic,No,0,No,Yes,Yes
CUST03122,34.0,M,12,88.93,3547.41,Two Year,Credit Card,No,No,0,No,No,No
CUST03123,24.0,Male,0,111.53,3565.79,Month-to-Month,Credit Card,DSL,Yes,1,Yes,No,Yes
CUST03124,21.0,M,0,53.82,2308.26,Month-to-Month,Mailed Check,Fiber Optic,Yes,0,No,Yes,Yes
CUST03125,46.0,M,14,142.45,1428.37,One Year,Mailed Check,DSL,No,0,No,Yes,No
CUST03126,31.0,male,0,88.91,6239.34,One Year,Electronic Check,Fiber Optic,Yes,1,No,Yes,Yes
CUST03127,20.0,M,5,128.07,856.84,Two Year,Electronic Check,No,No,1,Yes,Yes,Yes
CUST03128,41.0,male,8,67.46,8441.37,Month-to-Month,Credit Card,No,No,1,Yes,No,Yes
CUST03129,54.0,Female,9,33.03,7443.64,Month-to-Month,Electronic Check,Fiber Optic,Yes,1,No,No,Yes
CUST03130,33.0,male,12,107.58,7720.4,Month-to-Month,Credit Card,Fiber Optic,No,1,No,Yes,No
CUST03131,69.0,M,10,21.01,8161.89,Month-to-Month,Bank Transfer,DSL,No,0,Yes,No,Yes
CUST03132,21.0,Female,11,81.79,3689.27,One Year,Electronic Check,Fiber Optic,No,1,Yes,Yes,No
CUST03133,41.0,male,0,45.06,7623.37,One Year,Credit Card,DSL,Yes,1,No,Yes,No
CUST03134,51.0,M,4,101.56,1439.39,Two Year,Credit Card,Fiber Optic,Yes,1,Yes,No,No
CUST03135,47.0,Male,14,147.32,214.34,Month-to-Month,Mailed Check,Fiber Optic,No,1,Yes,No,No
CUST03136,35.0,Male,8,80.37,7068.32,One Year,Credit Card,No,Yes,0,Yes,Yes,Yes
CUST03137,36.0,male,13,126.27,691.67,One Year,Electronic Check,No,No,1,No,Yes,No
CUST03138,48.0,male,8,86.01,8896.95,Month-to-Month,Mailed Check,DSL,No,0,Yes,Yes,No
CUST03139,36.0,Male,0,84.46,6079.67,One Year,Mailed Check,DSL,Yes,0,Yes,No,No
CUST03140,66.0,M,7,140.96,6785.98,Two Year,Electronic Check,DSL,No,1,No,Yes,No
CUST03141,63.0,M,0,135.7,2227.32,Two Year,Bank Transfer,Fiber Optic,No,0,No,No,Yes
CUST03142,36.0,M,14,122.15,6071.31,Month-to-Month,Electronic Check,Fiber Optic,No,0,No,Yes,Yes
CUST03143,39.0,male,7,58.51,408.12,Two Year,Electronic Check,DSL,No,0,Yes,No,No
CUST03144,41.0,Female,0,90.85,7543.67,One Year,Mailed Check,Fiber Optic,No,1,Yes,No,No
CUST03145,62.0,Female,11,49.11,1543.22,Two Year,Electronic Check,No,No,1,No,No,No
CUST03146,29.0,Female,4,77.71,6282.28,One Year,Bank Transfer,Fiber Optic,No,0,No,Yes,No
CUST03147,47.0,Female,7,82.95,2035.83,Month-to-Month,Bank Transfer,No,Yes,1,No,Yes,No
CUST03148,55.0,Female,5,128.11,634.71,Month-to-Month,Bank Transfer,DSL,Yes,1,No,Yes,No
CUST03149,48.0,male,8,136.48,,One Year,Mailed Check,Fiber Optic,No,1,No,No,Yes
CUST03150,53.0,male,0,73.9,1540.19,One Year,Electronic Check,DSL,Yes,0,Yes,No,No
CUST03151,36.0,Female,8,22.3,6570.41,Two Year,Credit Card,No,No,1,Yes,No,No
CUST03152,65.0,male,0,132.03,2153.34,One Year,Electronic Check,DSL,No,1,No,No,No
CUST03153,,male,9,42.66,3095.4,Month-to-Month,Bank Transfer,No,No,0,Yes,No,No
CUST03154,53.0,Female,9,100.84,5115.6,One Year,Electronic Check,No,No,1,No,No,No
CUST03155,47.0,M,2,23.25,2579.02,Two Year,Mailed Check,DSL,Yes,0,Yes,No,Yes
CUST03156,66.0,male,0,71.94,3414.33,Two Year,Electronic Check,No,No,1,Yes,Yes,Yes
CUST03157,50.0,M,2,148.17,7344.28,One Year,Mailed Check,DSL,No,1,No,No,Yes
CUST03158,35.0,male,11,33.09,1629.3,Two Year,Credit Card,DSL,Yes,1,No,No,No
CUST03159,69.0,male,10,75.08,758.17,Two Year,Credit Card,DSL,Yes,1,No,No,Yes
CUST03160,66.0,Female,12,59.93,2968.65,Month-to-Month,Mailed Check,No,Yes,0,No,No,Yes
CUST03161,45.0,male,1,137.66,3830.9,One Year,Electronic Check,No,Yes,1,Yes,No,No
CUST03162,64.0,Male,1,133.01,4893.08,Month-to-Month,Bank Transfer,Fiber Optic,Yes,0,Yes,Yes,No
CUST03163,28.0,Male,8,50.9,3364.36,Month-to-Month,Mailed Check,DSL,Yes,0,No,No,Yes
CUST03164,62.0,Female,7,30.55,7113.41,Two Year,Electronic Check,DSL,No,1,Yes,No,Yes
CUST03165,50.0,M,0,101.53,373.09,Month-to-Month,Electronic Check,DSL,No,1,No,No,No
CUST03166,34.0,M,11,63.73,3897.27,One Year,Electronic Check,DSL,Yes,1,No,Yes,No
CUST03167,23.0,M,13,107.37,3452.66,One Year,Bank Transfer,DSL,Yes,1,No,No,No
CUST03168,21.0,Male,3,24.18,5835.25,One Year,Bank Transfer,DSL,No,1,No,No,No
CUST03169,37.0,M,12,37.34,8697.16,Month-to-Month,Bank Transfer,DSL,Yes,1,No,Yes,Yes
CUST03170,,M,0,109.23,4603.17,One Year,Mailed Check,Fiber Optic,Yes,1,Yes,No,No
CUST03171,64.0,Female,0,47.61,8882.15,One Year,Mailed Check,Fiber Optic,Yes,1,Yes,No,No
CUST03172,44.0,M,11,131.49,2734.2,Month-to-Month,Bank Transfer,DSL,No,1,Yes,Yes,No
CUST03173,32.0,Male,11,27.62,297.2,Month-to-Month,Mailed Check,DSL,Yes,0,No,Yes,No
CUST03174,23.0,Male,3,48.01,1507.66,Month-to-Month,Bank Transfer,Fiber Optic,No,1,No,Yes,Yes
CUST03175,64.0,Male,1,149.81,3568.22,Month-to-Month,Mailed Check,Fiber Optic,No,1,Yes,No,Yes
CUST03176,31.0,Female,2,76.3,2860.68,Two Year,Electronic Check,DSL,No,0,Yes,No,No
CUST03177,28.0,Female,10,111.39,891.55,Month-to-Month,Bank Transfer,DSL,Yes,1,No,No,Yes
CUST03178,56.0,male,8,43.75,3905.29,Month-to-Month,Mailed Check,Fiber Optic,Yes,1,Yes,No,No
CUST03179,26.0,M,1,99.28,3056.28,One Year,Electronic Check,Fiber Optic,No,0,No,No,No
CUST03180,43.0,Female,3,114.39,,One Year,Electronic Check,DSL,No,1,No,Yes,No
CUST03181,33.0,Male,0,60.88,2679.13,Month-to-Month,Mailed Check,Fiber Optic,Yes,0,No,No,No
CUST03182,22.0,Male,1,127.76,,Month-to-Month,Electronic Check,DSL,No,1,Yes,Yes,No
CUST03183,69.0,Female,4,98.44,2732.4,Month-to-Month,Credit Card,No,Yes,1,No,No,Yes
CUST03184,27.0,Female,13,70.59,6431.32,One Year,Bank Transfer,DSL,No,1,No,Yes,Yes
CUST03185,67.0,Female,9,92.49,5516.18,One Year,Bank Transfer,DSL,Yes,0,Yes,Yes,No
CUST03186,20.0,male,14,94.98,3856.09,Month-to-Month,Electronic Check,DSL,Yes,0,No,No,Yes
CUST03187,30.0,Male,0,41.52,2166.45,One Year,Mailed Check,Fiber Optic,No,0,No,Yes,No
CUST03188,60.0,male,10,72.36,3333.75,One Year,Credit Card,DSL,No,0,Yes,No,No
CUST03189,66.0,male,6,64.65,5337.12,Month-to-Month,Mailed Check,DSL,Yes,1,Yes,No,No
CUST03190,47.0,M,3,72.12,3169.76,One Year,Bank Transfer,Fiber Optic,No,0,No,Yes,No
CUST03191,62.0,Male,5,118.94,1949.77,Month-to-Month,Electronic Check,No,No,1,Yes,Yes,No
CUST03192,23.0,Male,7,82.73,1065.84,Two Year,Credit Card,No,No,1,Yes,No,No
CUST03193,34.0,Female,12,142.24,7920.31,Two Year,Electronic Check,Fiber Optic,Yes,1,No,No,No
CUST03194,62.0,Female,5,58.18,3974.01,Two Year,Credit Card,DSL,No,1,No,No,No
CUST03195,68.0,M,13,74.04,5634.37,One Year,Electronic Check,No,No,1,No,No,No
CUST03196,36.0,male,1,122.3,4423.89,Two Year,Mailed Check,No,No,0,No,Yes,No
CUST03197,59.0,Female,0,90.98,7855.65,One Year,Bank Transfer,Fiber Optic,No,1,No,No,No
CUST03198,52.0,Female,7,91.11,4931.47,Month-to-Month,Electronic Check,No,Yes,1,No,Yes,No
CUST03199,63.0,Male,7,26.93,4337.42,Two Year,Electronic Check,No,No,0,Yes,No,No
CUST03200,43.0,Male,8,71.82,8322.92,One Year,Credit Card,Fiber Optic,Yes,1,No,No,No
CUST03201,68.0,Female,5,55.2,6482.81,Two Year,Mailed Check,No,Yes,0,Yes,No,No
CUST03202,22.0,Male,11,149.91,1021.72,One Year,Mailed Check,DSL,No,1,Yes,Yes,No
CUST03203,46.0,M,0,60.09,1615.79,One Year,Credit Card,Fiber Optic,No,0,No,Yes,No
CUST03204,54.0,Female,13,134.98,7088.36,Month-to-Month,Mailed Check,DSL,Yes,1,Yes,Yes,No
CUST03205,37.0,Male,8,107.91,7525.94,One Year,Bank Transfer,DSL,No,1,No,No,No
CUST03206,66.0,M,11,64.32,4915.81,One Year,Electronic Check,Fiber Optic,No,0,Yes,No,No
CUST03207,38.0,Male,12,90.66,4999.01,Two Year,Credit Card,No,Yes,1,Yes,Yes,No
CUST03208,27.0,Male,14,129.27,5694.76,Month-to-Month,Mailed Check,Fiber Optic,No,1,Yes,No,No
CUST03209,22.0,Male,13,134.84,3963.26,One Year,Bank Transfer,No,No,0,Yes,Yes,No
CUST03210,53.0,Female,2,40.85,6128.19,Two Year,Bank Transfer,DSL,No,0,Yes,Yes,Yes
CUST03211,23.0,male,10,64.14,994.16,Month-to-Month,Mailed Check,No,Yes,1,Yes,No,No
CUST03212,43.0,Male,5,63.58,8652.29,One Year,Mailed Check,DSL,No,0,No,Yes,No
CUST03213,21.0,M,9,25.47,6756.39,Two Year,Credit Card,DSL,Yes,1,Yes,No,No
CUST03214,56.0,Female,12,97.77,5687.94,Month-to-Month,Mailed Check,DSL,Yes,0,No,No,Yes
CUST03215,56.0,Female,9,131.13,2860.57,Month-to-Month,Credit Card,Fiber Optic,Yes,0,No,Yes,No
CUST03216,67.0,M,14,69.6,1465.38,Month-to-Month,Electronic Check,No,No,0,Yes,No,No
CUST03217,52.0,Male,10,116.2,,Month-to-Month,Bank Transfer,No,No,1,Yes,Yes,No
CUST03218,18.0,male,11,101.6,5960.96,One Year,Credit Card,No,Yes,1,Yes,Yes,No
CUST03219,41.0,Male,13,68.83,5710.71,One Year,Bank Transfer,DSL,Yes,1,No,Yes,No
CUST03220,53.0,M,14,38.34,3456.12,Month-to-Month,Electronic Check,Fiber Optic,No,0,Yes,No,Yes
CUST03221,23.0,Female,8,112.21,5527.31,Month-to-Month,Mailed Check,No,No,1,No,Yes,No
CUST03222,58.0,male,10,131.09,7327.46,One Year,Credit Card,No,Yes,1,Yes,No,Yes
CUST03223,63.0,Female,12,109.16,256.04,Two Year,Mailed Check,Fiber Optic,No,0,Yes,Yes,Yes
CUST03224,61.0,M,2,22.32,4066.58,Month-to-Month,Bank Transfer,No,Yes,0,No,No,No
CUST03225,48.0,Male,4,48.11,6831.83,One Year,Credit Card,Fiber Optic,Yes,1,Yes,Yes,No
CUST03226,37.0,male,12,29.03,4924.38,One Year,Electronic Check,Fiber Optic,No,1,No,Yes,No
CUST03227,41.0,Female,13,94.15,5870.26,Two Year,Electronic Check,No,No,1,Yes,No,No
CUST03228,42.0,Female,4,118.34,4659.75,One Year,Mailed Check,Fiber Optic,No,1,Yes,Yes,Yes
CUST03229,53.0,Female,9,34.38,8927.03,Month-to-Month,Electronic Check,Fiber Optic,Yes,1,Yes,Yes,No
CUST03230,38.0,Male,6,128.98,510.5,One Year,Electronic Check,No,No,0,Yes,No,Yes
CUST03231,47.0,male,3,92.22,4429.58,Month-to-Month,Mailed Check,DSL,No,1,Yes,No,No
CUST03232,41.0,Male,10,109.7,840.92,One Year,Mailed Check,No,Yes,1,No,Yes,Yes
CUST03233,61.0,Male,3,146.28,1454.87,Month-to-Month,Credit Card,No,Yes,1,No,Yes,No
CUST03234,59.0,Male,6,30.88,3459.68,Month-to-Month,Credit Card,DSL,No,0,No,No,No
CUST03235,47.0,M,8,137.16,1416.75,One Year,Mailed Check,Fiber Optic,No,0,No,Yes,No
CUST03236,39.0,M,14,36.39,8673.91,Month-to-Month,Bank Transfer,No,Yes,1,No,No,No
CUST03237,45.0,M,10,71.08,,One Year,Bank Transfer,DSL,Yes,1,Yes,No,Yes
CUST03238,24.0,male,3,130.69,3038.26,One Year,Credit Card,DSL,No,1,Yes,Yes,Yes
CUST03239,52.0,Male,3,137.81,5764.93,One Year,Credit Card,No,No,1,Yes,No,No
CUST03240,45.0,Male,5,85.83,,Month-to-Month,Mailed Check,No,Yes,0,Yes,No,No
CUST03241,31.0,M,5,97.23,7343.97,One Year,Bank Transfer,DSL,No,1,Yes,Yes,No
CUST03242,27.0,Male,6,112.06,5654.46,Two Year,Mailed Check,No,Yes,1,No,Yes,Yes
CUST03243,33.0,Male,14,128.26,22.27,Month-to-Month,Credit Card,DSL,Yes,1,No,Yes,Yes
CUST03244,,Female,0,35.8,6873.31,Two Year,Electronic Check,No,No,0,No,Yes,No
CUST03245,48.0,Male,12,125.31,6726.7,Two Year,Electronic Check,DSL,No,0,No,No,No
CUST03246,59.0,Female,10,82.57,4597.31,Two Year,Electronic Check,No,Yes,0,No,No,No
CUST03247,42.0,Male,13,78.58,8128.21,Two Year,Mailed Check,No,Yes,0,Yes,No,Yes
CUST03248,30.0,male,2,75.11,8177.85,One Year,Bank Transfer,No,Yes,0,Yes,Yes,No
CUST03249,23.0,M,8,86.2,4724.73,Two Year,Credit Card,Fiber Optic,No,1,Yes,No,No
CUST03250,61.0,Female,5,142.86,5479.73,Month-to-Month,Bank Transfer,No,Yes,0,Yes,Yes,No
CUST03251,,M,5,91.27,8968.77,Two Year,Bank Transfer,DSL,Yes,1,No,No,No
CUST03252,62.0,Female,4,143.91,,Two Year,Credit Card,DSL,Yes,1,No,Yes,No
CUST03253,53.0,Female,10,43.44,2935.06,Two Year,Bank Transfer,Fiber Optic,No,1,Yes,Yes,Yes
CUST03254,60.0,Female,2,114.14,1661.31,One Year,Electronic Check,Fiber Optic,Yes,0,Yes,No,Yes
CUST03255,37.0,male,10,125.59,8064.89,Two Year,Credit Card,Fiber Optic,No,0,Yes,Yes,Yes
CUST03256,35.0,Male,4,108.29,6705.51 ,Two Year,Electronic Check,No,No,0,Yes,No,No
CUST03257,60.0,Female,13,98.9,968.67,Two Year,Mailed Check,No,Yes,1,Yes,No,No
CUST03258,38.0,male,0,93.43,8836.27,Month-to-Month,Electronic Check,DSL,Yes,1,Yes,No,No
CUST03259,,Female,2,131.92,6584.04,One Year,Mailed Check,DSL,Yes,0,No,No,Yes
CUST03260,67.0,Male,3,126.81,7657.69,One Year,Mailed Check,No,No,0,No,Yes,No
CUST03261,50.0,Female,4,35.9,452.39,One Year,Credit Card,DSL,Yes,0,No,No,Yes
CUST03262,44.0,male,9,130.32,4554.55,Month-to-Month,Electronic Check,No,No,1,No,No,No
CUST03263,24.0,Male,8,73.83,6293.41,Two Year,Electronic Check,Fiber Optic,No,1,Yes,No,Yes
CUST03264,23.0,male,3,52.98,4895.66,Month-to-Month,Electronic Check,No,No,0,Yes,Yes,No
CUST03265,32.0,Male,2,133.07,6006.49,One Year,Credit Card,No,No,1,Yes,No,No
CUST03266,35.0,Male,9,76.16,7364.51,One Year,Mailed Check,No,No,1,Yes,Yes,Yes
CUST03267,49.0,M,0,125.09,3381.55,One Year,Mailed Check,DSL,No,0,No,No,Yes
CUST03268,28.0,M,12,54.24,7641.04,Month-to-Month,Mailed Check,No,Yes,1,Yes,No,No
CUST03269,37.0,M,9,20.51,1482.99,One Year,Credit Card,No,Yes,1,Yes,No,No
CUST03270,41.0,Male,5,84.41,2452.56,Two Year,Credit Card,No,No,1,No,No,Yes
CUST03271,32.0,Female,6,33.03,409.24,Month-to-Month,Bank Transfer,Fiber Optic,No,0,Yes,No,Yes
CUST03272,65.0,male,9,118.07,3292.55,Two Year,Electronic Check,No,Yes,1,No,Yes,Yes
CUST03273,24.0,male,14,55.89,3431.59,One Year,Mailed Check,No,Yes,1,Yes,Yes,No
CUST03274,38.0,male,7,77.67,7251.33,One Year,Bank Transfer,No,Yes,0,No,No,No
CUST03275,59.0,M,11,31.31,5885.11,Month-to-Month,Bank Transfer,DSL,Yes,0,No,No,No
CUST03276,43.0,Male,0,57.27,3941.77,Two Year,Electronic Check,Fiber Optic,No,1,Yes,No,Yes
CUST03277,61.0,M,11,121.59,5875.98,Month-to-Month,Credit Card,Fiber Optic,Yes,1,Yes,Yes,No
CUST03278,31.0,Female,3,39.71,493.99,Two Year,Bank Transfer,No,No,1,No,No,No
CUST03279,54.0,Male,10,104.13,1638.84,One Year,Credit Card,No,No,0,Yes,Yes,Yes
CUST03280,38.0,male,4,139.27,5649.99,Month-to-Month,Credit Card,DSL,Yes,0,No,No,No
CUST03281,35.0,M,1,108.38,5779.47,Month-to-Month,Electronic Check,No,Yes,1,Yes,No,No
CUST03282,22.0,M,0,125.43,,Two Year,Bank Transfer,DSL,No,0,No,No,No
CUST03283,20.0,Female,7,34.17,3638.94,One Year,Mailed Check,No,No,0,Yes,Yes,No
CUST03284,40.0,Female,5,52.6,6508.54,One Year,Bank Transfer,DSL,No,0,No,No,No
CUST03285,43.0,M,4,136.29,6162.14,Two Year,Mailed Check,Fiber Optic,No,0,No,Yes,No
CUST03286,54.0,Female,12,112.96,8671.27,Two Year,Mailed Check,No,Yes,0,Yes,No,No
CUST03287,41.0,male,8,103.14,1951.87,Two Year,Credit Card,DSL,Yes,0,Yes,Yes,No
CUST03288,66.0,Female,12,106.29,4974.08,Two Year,Mailed Check,DSL,Yes,1,No,Yes,No
CUST03289,36.0,Female,10,73.85,5423.84,Two Year,Electronic Check,No,Yes,1,No,No,No
CUST03290,68.0,M,12,25.79,8987.86,One Year,Bank Transfer,DSL,Yes,1,No,Yes,Yes
CUST03291,42.0,M,10,121.98,,One Year,Credit Card,No,No,0,Yes,No,Yes
CUST03292,38.0,Male,1,108.23,4718.5,Month-to-Month,Credit Card,No,No,1,No,No,No
CUST03293,29.0,Male,9,81.46,3128.74,One Year,Mailed Check,DSL,Yes,1,No,No,No
CUST03294,58.0,M,11,136.97,4742.52,Two Year,Credit Card,DSL,Yes,0,Yes,No,No
CUST03295,50.0,Female,7,63.7,2104.51,One Year,Electronic Check,DSL,No,1,No,Yes,No
CUST03296,67.0,Female,10,58.26,447.56,One Year,Electronic Check,Fiber Optic,No,1,Yes,No,No
CUST03297,21.0,Male,13,133.46,5161.64,One Year,Credit Card,No,Yes,1,No,Yes,No
CUST03298,59.0,Male,9,123.61,3035.97,Month-to-Month,Credit Card,No,Yes,1,Yes,No,No
CUST03299,24.0,Male,12,86.95,1653.83,Month-to-Month,Electronic Check,Fiber Optic,No,0,Yes,Yes,No
CUST03300,39.0,male,8,37.0,2928.94,Two Year,Mailed Check,Fiber Optic,Yes,1,Yes,No,No
CUST03301,50.0,male,0,47.96,462.54,Two Year,Credit Card,DSL,Yes,0,Yes,Yes,No
CUST03302,34.0,Male,6,105.31,,Month-to-Month,Mailed Check,No,No,0,Yes,No,No
CUST03303,41.0,Female,7,70.06,5238.71,One Year,Credit Card,Fiber Optic,No,1,Yes,No,No
CUST03304,51.0,Male,2,128.74,7336.62,One Year,Electronic Check,Fiber Optic,No,0,No,No,No
CUST03305,45.0,male,13,143.49,3819.6,Month-to-Month,Credit Card,No,Yes,0,Yes,Yes,Yes
CUST03306,60.0,Female,3,124.73,8131.77,Two Year,Credit Card,No,No,0,No,No,Yes
CUST03307,58.0,male,12,69.08,4360.2,One Year,Credit Card,No,Yes,0,Yes,No,No
CUST03308,56.0,Female,2,122.53,5174.03,Two Year,Electronic Check,DSL,No,1,Yes,Yes,No
CUST03309,,male,6,65.69,4436.31,One Year,Electronic Check,Fiber Optic,Yes,1,No,Yes,Yes
CUST03310,66.0,Female,8,41.72,6604.84,Two Year,Electronic Check,DSL,Yes,0,Yes,No,No
CUST03311,34.0,Female,2,24.34,5108.57,One Year,Bank Transfer,No,No,0,No,Yes,No
CUST03312,51.0,Female,12,70.14,2458.96,Two Year,Bank Transfer,No,Yes,0,No,Yes,No
CUST03313,23.0,Female,5,137.46,1326.94,Two Year,Bank Transfer,Fiber Optic,Yes,0,No,No,No
CUST03314,63.0,M,7,51.07,5463.0,Two Year,Bank Transfer,DSL,No,1,Yes,Yes,Yes
CUST03315,23.0,male,5,46.85,4412.84,Month-to-Month,Electronic Check,DSL,Yes,0,No,Yes,No
CUST03316,51.0,male,1,146.08,881.86,Two Year,Credit Card,DSL,No,1,No,Yes,No
CUST03317,18.0,M,12,23.25,3572.64,Month-to-Month,Electronic Check,No,Yes,0,No,No,No
CUST03318,27.0,Female,6,122.15,4642.69,Month-to-Month,Bank Transfer,Fiber Optic,No,0,Yes,Yes,No
CUST03319,38.0,Female,1,61.78,7445.5,Two Year,Mailed Check,DSL,No,0,Yes,No,No
CUST03320,,male,1,24.87,703.39,Month-to-Month,Mailed Check,No,Yes,1,Yes,No,No
CUST03321,19.0,M,1,139.31,3149.49,Month-to-Month,Electronic Check,No,No,1,Yes,Yes,No
CUST03322,39.0,Female,10,38.15,7407.45,Month-to-Month,Credit Card,DSL,No,1,Yes,No,No
CUST03323,65.0,Female,14,91.73,5842.85,One Year,Bank Transfer,Fiber Optic,Yes,0,No,No,No
CUST03324,19.0,Female,0,55.63,2623.83,Two Year,Credit Card,Fiber Optic,No,1,No,No,Yes
CUST03325,27.0,Male,13,28.48,7611.11,Month-to-Month,Credit Card,DSL,No,0,No,No,No
CUST03326,51.0,M,10,26.49,4449.78,Two Year,Credit Card,No,No,0,No,Yes,Yes
CUST03327,33.0,Female,0,35.02,4495.2,Month-to-Month,Bank Transfer,No,No,1,Yes,No,No
CUST03328,65.0,Male,13,29.28,8789.75 ,Two Year,Electronic Check,DSL,Yes,0,Yes,No,Yes
CUST03329,68.0,M,6,118.87,8525.11,Month-to-Month,Bank Transfer,No,No,1,Yes,No,Yes
CUST03330,56.0,Female,14,83.12,3239.62,One Year,Bank Transfer,No,No,0,Yes,Yes,No
CUST03331,150.0,male,12,64.58,1282.4,One Year,Electronic Check,DSL,No,0,No,Yes,No
CUST03332,29.0,Male,13,74.39,2944.49,One Year,Electronic Check,No,Yes,0,No,No,No
CUST03333,41.0,Male,13,140.76,293.74,Month-to-Month,Electronic Check,DSL,Yes,0,No,No,No
CUST03334,64.0,Female,14,138.4,206.5,Two Year,Mailed Check,DSL,No,0,Yes,Yes,No
CUST03335,57.0,Female,13,113.04,3571.79,Month-to-Month,Mailed Check,DSL,No,1,No,Yes,Yes
CUST03336,55.0,Male,11,135.01,8470.36,One Year,Electronic Check,No,Yes,0,No,Yes,Yes
CUST03337,27.0,male,4,61.55,7844.79,Month-to-Month,Credit Card,DSL,No,0,Yes,No,No
CUST03338,52.0,male,10,69.54,4612.76,Two Year,Mailed Check,No,No,1,Yes,Yes,Yes
CUST03339,68.0,M,2,99.78,5095.73,One Year,Bank Transfer,DSL,No,1,No,Yes,No
CUST03340,66.0,Female,0,101.07,73.28,Month-to-Month,Bank Transfer,Fiber Optic,No,0,Yes,No,No
CUST03341,49.0,male,10,82.62,1955.2,Two Year,Mailed Check,No,Yes,1,No,No,No
CUST03342,24.0,M,9,72.09,242.47,One Year,Bank Transfer,No,Yes,0,No,Yes,Yes
CUST03343,38.0,male,5,148.2,6795.77,Two Year,Electronic Check,No,Yes,1,No,No,No
CUST03344,37.0,Female,10,126.75,1327.9,Two Year,Bank Transfer,Fiber Optic,Yes,1,No,No,Yes
CUST03345,43.0,M,0,76.55,7824.04,One Year,Mailed Check,DSL,Yes,0,No,No,No
CUST03346,21.0,M,8,114.55,5797.05,Month-to-Month,Credit Card,Fiber Optic,No,1,Yes,Yes,No
CUST03347,63.0,M,1,55.04,2080.18,Month-to-Month,Bank Transfer,DSL,Yes,0,Yes,No,Yes
CUST03348,69.0,male,0,33.02,1436.33,Month-to-Month,Bank Transfer,DSL,No,0,Yes,No,No
CUST03349,39.0,Female,14,65.82,5656.07,Month-to-Month,Credit Card,DSL,Yes,0,No,No,No
CUST03350,32.0,M,11,72.39,8109.52,Two Year,Mailed Check,DSL,No,1,No,No,Yes
CUST03351,57.0,Male,6,22.15,6470.87,Month-to-Month,Credit Card,DSL,Yes,0,Yes,No,No
CUST03352,38.0,Female,5,125.92,3149.95,Month-to-Month,Bank Transfer,Fiber Optic,Yes,1,Yes,No,No
CUST03353,32.0,Male,5,66.7,5294.7,Two Year,Mailed Check,No,No,0,Yes,No,No
CUST03354,39.0,Male,13,95.45,2810.64,Two Year,Electronic Check,Fiber Optic,No,1,No,No,Yes
CUST03355,69.0,M,4,29.62,8992.36,One Year,Mailed Check,No,No,1,Yes,No,No
CUST03356,45.0,M,10,42.75,6744.58,Two Year,Mailed Check,No,Yes,1,Yes,Yes,No
CUST03357,31.0,male,3,135.66,5537.15,One Year,Electronic Check,No,Yes,1,No,No,Yes
CUST03358,44.0,male,10,99.13,3820.87,One Year,Mailed Check,Fiber Optic,No,0,Yes,No,No
CUST03359,58.0,male,3,143.54,5571.01,Month-to-Month,Bank Transfer,DSL,Yes,0,Yes,No,No
CUST03360,57.0,Female,2,149.84,3087.71,Month-to-Month,Bank Transfer,DSL,No,0,No,No,Yes
CUST03361,45.0,male,9,68.34,279.21,Month-to-Month,Bank Transfer,No,Yes,0,No,No,No
CUST03362,43.0,Male,7,58.84,3567.89,Two Year,Bank Transfer,DSL,No,1,Yes,No,Yes
CUST03363,66.0,male,6,131.59,8375.72,Two Year,Electronic Check,DSL,No,0,No,Yes,Yes
CUST03364,19.0,M,8,149.82,5644.18,Month-to-Month,Bank Transfer,Fiber Optic,Yes,1,Yes,No,No
CUST03365,42.0,male,0,101.85,773.92,Month-to-Month,Mailed Check,DSL,No,1,Yes,No,Yes
CUST03366,20.0,Female,6,123.37,7967.24,Two Year,Credit Card,DSL,Yes,0,Yes,Yes,No
CUST03367,25.0,Female,9,121.63,2434.5,One Year,Electronic Check,Fiber Optic,Yes,0,Yes,Yes,No
CUST03368,61.0,Male,3,66.19,2209.05,One Year,Electronic Check,DSL,Yes,0,No,Yes,No
CUST03369,50.0,Female,6,94.66,2687.88,Month-to-Month,Credit Card,No,No,0,No,No,No
CUST03370,59.0,male,12,128.3,5203.28,Month-to-Month,Bank Transfer,Fiber Optic,No,0,No,No,Yes
CUST03371,69.0,M,11,109.45,4911.3,Month-to-Month,Bank Transfer,DSL,No,1,Yes,No,No
CUST03372,52.0,Female,0,22.75,4432.9,One Year,Mailed Check,DSL,Yes,0,Yes,No,No
CUST03373,23.0,Male,4,63.77,6463.48,Month-to-Month,Bank Transfer,Fiber Optic,Yes,0,Yes,No,Yes
CUST03374,56.0,male,2,38.78,2862.51,One Year,Bank Transfer,No,No,0,No,No,No
CUST03375,69.0,Male,4,50.29,7042.94,Two Year,Mailed Check,Fiber Optic,Yes,1,Yes,Yes,No
CUST03376,40.0,Female,3,137.71,1594.39,Two Year,Bank Transfer,No,Yes,0,Yes,No,Yes
CUST03377,42.0,Female,1,24.8,7047.93,Two Year,Credit Card,Fiber Optic,Yes,1,Yes,No,No
CUST03378,67.0,Male,10,48.57,5981.01,Month-to-Month,Bank Transfer,DSL,No,1,No,Yes,No
CUST03379,60.0,male,3,60.24,6155.21,Two Year,Credit Card,Fiber Optic,No,1,Yes,No,Yes
CUST03380,36.0,Female,2,100.19,4344.35,One Year,Credit Card,Fiber Optic,No,0,Yes,Yes,No
CUST03381,22.0,M,12,89.43,6009.67,One Year,Credit Card,No,Yes,1,No,Yes,No
CUST03382,68.0,Female,0,48.38,736.58,One Year,Bank Transfer,Fiber Optic,Yes,1,No,Yes,Yes
CUST03383,28.0,male,11,41.35,7666.93,Month-to-Month,Bank Transfer,No,No,1,Yes,Yes,No
CUST03384,29.0,Female,9,50.78,518.81,Month-to-Month,Electronic Check,Fiber Optic,No,0,Yes,No,Yes
CUST03385,27.0,Male,7,85.33,1355.7,One Year,Mailed Check,DSL,No,1,No,No,No
CUST03386,25.0,Female,14,55.25,5199.57,One Year,Mailed Check,Fiber Optic,Yes,0,No,No,No
CUST03387,41.0,Female,4,143.19,6659.91,One Year,Electronic Check,DSL,No,1,No,No,No
CUST03388,45.0,male,3,80.3,704.74,One Year,Credit Card,No,No,1,Yes,No,Yes
CUST03389,58.0,Male,9,27.64,8288.47,Two Year,Mailed Check,No,No,0,No,No,No
CUST03390,53.0,male,11,114.8,8763.0,One Year,Electronic Check,No,Yes,1,Yes,Yes,No
CUST03391,,Female,4,62.75,5461.43,Month-to-Month,Credit Card,No,No,1,No,Yes,No
CUST03392,38.0,M,3,104.95,4341.57,Month-to-Month,Electronic Check,Fiber Optic,Yes,1,Yes,Yes,Yes
CUST03393,25.0,Female,2,56.35,6677.73,Month-to-Month,Bank Transfer,Fiber Optic,No,0,Yes,Yes,No
CUST03394,26.0,male,4,94.2,2968.65,Month-to-Month,Bank Transfer,Fiber Optic,Yes,0,No,Yes,No
CUST03395,64.0,M,3,120.38,4449.51,Month-to-Month,Credit Card,DSL,No,0,No,No,No
CUST03396,32.0,male,14,140.64,8247.04,One Year,Credit Card,Fiber Optic,No,1,Yes,No,No
CUST03397,65.0,male,0,53.95,8601.79,One Year,Bank Transfer,DSL,Yes,1,No,Yes,Yes
CUST03398,63.0,Male,11,63.53,8345.08,Two Year,Mailed Check,DSL,No,1,Yes,Yes,Yes
CUST03399,57.0,M,2,80.35,2376.78,Two Year,Mailed Check,Fiber Optic,No,0,Yes,No,Yes
CUST03400,35.0,Female,9,140.53,2107.57,Two Year,Bank Transfer,DSL,No,0,No,No,Yes
CUST03401,59.0,male,14,137.18,2693.03,One Year,Mailed Check,No,No,0,Yes,No,No
CUST03402,37.0,Female,9,31.68,3982.97,Two Year,Bank Transfer,Fiber Optic,Yes,1,No,No,No
CUST03403,23.0,Male,7,37.15,2841.22,One Year,Electronic Check,Fiber Optic,Yes,0,Yes,No,Yes
CUST03404,29.0,Male,6,84.42,3380.43,Month-to-Month,Electronic Check,DSL,Yes,0,Yes,Yes,No
CUST03405,19.0,M,1,33.86,5593.32,One Year,Electronic Check,Fiber Optic,Yes,1,No,Yes,Yes
CUST03406,24.0,Male,0,64.93,6867.48,One Year,Mailed Check,Fiber Optic,Yes,0,Yes,Yes,No
CUST03407,33.0,Male,2,39.29,6625.31,Month-to-Month,Electronic Check,DSL,Yes,1,Yes,No,No
CUST03408,20.0,Female,4,102.69,7333.52,Month-to-Month,Credit Card,Fiber Optic,Yes,1,Yes,Yes,Yes
CUST03409,62.0,Male,9,143.43,309.02,Month-to-Month,Credit Card,Fiber Optic,Yes,0,No,Yes,Yes
CUST03410,20.0,Male,14,149.58,448.65,Two Year,Electronic Check,Fiber Optic,No,0,No,Yes,No
CUST03411,44.0,male,10,68.78,7108.66,Two Year,Credit Card,DSL,No,1,Yes,No,No
CUST03412,67.0,Male,11,97.87,4807.05,Two Year,Electronic Check,Fiber Optic,Yes,0,Yes,No,No
CUST03413,60.0,male,0,131.31,5211.7,Month-to-Month,Electronic Check,Fiber Optic,Yes,1,Yes,No,No
CUST03414,57.0,Male,2,35.27,492.23,Two Year,Bank Transfer,Fiber Optic,Yes,0,No,No,No
CUST03415,55.0,Male,2,109.64,2312.72,Month-to-Month,Electronic Check,No,No,0,Yes,Yes,No
CUST03416,50.0,M,4,73.15,5752.42,Month-to-Month,Credit Card,Fiber Optic,Yes,1,Yes,Yes,No
CUST03417,45.0,M,2,46.8,7735.45,Month-to-Month,Mailed Check,DSL,Yes,1,No,No,Yes
CUST03418,18.0,male,12,72.36,8254.51,Two Year,Electronic Check,No,Yes,0,No,No,No
CUST03419,25.0,Male,8,29.87,4513.77,Two Year,Bank Transfer,DSL,Yes,0,Yes,No,No
CUST03420,54.0,Female,0,110.4,4918.36,Month-to-Month,Credit Card,Fiber Optic,No,1,No,Yes,No
CUST03421,49.0,M,3,52.86,7500.79,Two Year,Bank Transfer,Fiber Optic,Yes,0,Yes,No,Yes
CUST03422,65.0,Female,12,60.48,4847.87,One Year,Electronic Check,Fiber Optic,No,0,No,Yes,No
CUST03423,60.0,M,12,35.74,4661.39,Two Year,Electronic Check,No,No,0,No,No,Yes
CUST03424,54.0,M,9,132.41,8147.65,Month-to-Month,Electronic Check,Fiber Optic,No,1,No,No,No
CUST03425,21.0,Male,9,84.15,7113.6,Month-to-Month,Electronic Check,DSL,Yes,0,No,No,No
CUST03426,47.0,M,3,723.5339993775144,8183.47,Month-to-Month,Credit Card,No,No,0,Yes,Yes,Yes
CUST03427,23.0,Female,0,94.03,1979.86,One Year,Mailed Check,DSL,Yes,0,Yes,No,No
CUST03428,63.0,M,13,73.36,4728.89,Month-to-Month,Electronic Check,DSL,Yes,1,No,Yes,No
CUST03429,36.0,male,1,45.03,7585.4,Month-to-Month,Bank Transfer,DSL,Yes,1,Yes,Yes,No
CUST03430,49.0,Male,10,116.87,1018.11,Two Year,Credit Card,DSL,Yes,0,Yes,No,No
CUST03431,26.0,Male,0,36.52,7156.07,One Year,Credit Card,DSL,Yes,1,Yes,Yes,No
CUST03432,29.0,male,5,33.5,1663.1,Two Year,Credit Card,Fiber Optic,Yes,1,No,No,No
CUST03433,28.0,male,2,112.32,7276.91,Month-to-Month,Bank Transfer,DSL,Yes,0,No,No,Yes
CUST03434,63.0,male,6,47.15,5515.77,Month-to-Month,Mailed Check,DSL,Yes,0,Yes,No,Yes
CUST03435,33.0,M,4,59.88,1755.26,One Year,Bank Transfer,Fiber Optic,No,1,Yes,No,No
CUST03436,18.0,Male,8,81.78,4270.72,Month-to-Month,Bank Transfer,No,Yes,0,Yes,Yes,No
CUST03437,62.0,male,6,78.42,6143.51,One Year,Bank Transfer,Fiber Optic,No,0,Yes,Yes,No
CUST03438,38.0,M,3,112.12,5712.0,Two Year,Electronic Check,No,Yes,0,No,No,No
CUST03439,47.0,male,4,101.05,3856.68,One Year,Electronic Check,DSL,No,0,Yes,No,No
CUST03440,30.0,Female,4,103.77,8096.31,Two Year,Bank Transfer,Fiber Optic,No,1,Yes,Yes,No
CUST03441,51.0,Female,10,112.83,4682.99,Month-to-Month,Bank Transfer,No,Yes,1,Yes,Yes,No
CUST03442,21.0,Male,14,58.04,4562.69,Two Year,Electronic Check,No,No,0,Yes,Yes,No
CUST03443,45.0,M,4,61.9,579.01,Two Year,Electronic Check,Fiber Optic,Yes,0,Yes,Yes,No
CUST03444,55.0,Female,9,76.94,8300.64,Two Year,Mailed Check,Fiber Optic,No,1,No,No,No
CUST03445,48.0,Female,8,59.97,1610.51,One Year,Bank Transfer,Fiber Optic,Yes,0,No,Yes,Yes
CUST03446,44.0,M,9,148.04,4764.54,Two Year,Credit Card,Fiber Optic,No,0,No,Yes,No
CUST03447,22.0,male,2,125.83,7236.04,One Year,Mailed Check,Fiber Optic,No,0,No,No,Yes
CUST03448,42.0,M,5,41.41,1954.77,One Year,Credit Card,DSL,Yes,1,No,No,No
CUST03449,20.0,male,7,20.73,4755.81,One Year,Mailed Check,DSL,No,0,Yes,Yes,No
CUST03450,50.0,Female,10,25.56,2181.35,Month-to-Month,Bank Transfer,Fiber Optic,Yes,0,No,No,No
CUST03451,21.0,Female,8,51.73,6842.06,Month-to-Month,Credit Card,Fiber Optic,Yes,0,No,Yes,No
CUST03452,42.0,Female,12,34.86,5087.78,Month-to-Month,Electronic Check,DSL,No,0,No,No,No
CUST03453,37.0,Male,14,89.33,7706.66,One Year,Mailed Check,No,No,0,Yes,Yes,No
CUST03454,51.0,Male,6,131.54,8053.13,Month-to-Month,Credit Card,DSL,No,1,Yes,No,Yes
CUST03455,43.0,Male,11,115.78,5845.63,Two Year,Mailed Check,Fiber Optic,Yes,0,Yes,Yes,Yes
CUST03456,22.0,M,2,48.03,6534.01,One Year,Bank Transfer,No,Yes,1,Yes,No,No
CUST03457,52.0,Female,0,71.91,4952.0,Month-to-Month,Credit Card,Fiber Optic,Yes,1,No,Yes,No
CUST03458,45.0,Female,3,86.03,3472.17,One Year,Credit Card,No,Yes,0,No,No,No
CUST03459,46.0,M,12,125.33,5840.1,Month-to-Month,Credit Card,Fiber Optic,No,0,No,No,No
CUST03460,26.0,Male,5,129.09,8176.43,Two Year,Mailed Check,DSL,Yes,0,Yes,No,Yes
CUST03461,69.0,M,2,138.26,3761.79,One Year,Electronic Check,Fiber Optic,Yes,0,No,No,No
CUST03462,55.0,Male,13,86.2,2843.4,Month-to-Month,Electronic Check,DSL,No,0,No,No,Yes
CUST03463,67.0,Female,0,110.26,3508.16,Month-to-Month,Electronic Check,No,No,0,Yes,Yes,No
CUST03464,23.0,male,5,34.53,3929.87,Two Year,Bank Transfer,DSL,No,0,Yes,No,No
CUST03465,36.0,Male,13,93.49,680.58,Two Year,Credit Card,No,Yes,0,No,No,No
CUST03466,61.0,Female,0,52.33,,Month-to-Month,Electronic Check,Fiber Optic,No,0,No,Yes,No
CUST03467,28.0,Female,8,76.12,4458.94,Month-to-Month,Electronic Check,DSL,No,0,No,Yes,No
CUST03468,19.0,male,10,102.43,5304.23,One Year,Credit Card,No,Yes,1,No,No,No
CUST03469,64.0,Female,13,53.41,3278.12,One Year,Bank Transfer,No,Yes,0,No,No,Yes
CUST03470,61.0,Female,11,26.78,5525.71,Month-to-Month,Mailed Check,No,Yes,0,No,No,No
CUST03471,61.0,Male,0,21.33,7906.38,Two Year,Mailed Check,No,Yes,0,Yes,Yes,No
CUST03472,26.0,Male,12,22.88,8600.13,One Year,Mailed Check,Fiber Optic,No,1,Yes,No,No
CUST03473,38.0,male,5,21.09,5260.84,Month-to-Month,Credit Card,Fiber Optic,Yes,1,No,Yes,No
CUST03474,41.0,male,0,34.35,402.47,Two Year,Bank Transfer,Fiber Optic,No,1,Yes,Yes,No
CUST03475,,Female,11,51.13,8723.74,Two Year,Credit Card,No,No,0,No,Yes,No
CUST03476,39.0,Male,6,48.76,6358.64,Month-to-Month,Mailed Check,Fiber Optic,Yes,1,No,No,Yes
CUST03477,20.0,male,2,148.28,3036.95,Month-to-Month,Electronic Check,No,Yes,0,Yes,No,No
CUST03478,29.0,male,5,59.78,1341.48,One Year,Electronic Check,No,Yes,0,Yes,No,No
CUST03479,45.0,M,6,36.56,1307.9,Month-to-Month,Electronic Check,No,Yes,1,No,No,No
CUST03480,47.0,male,0,90.92,1526.34,One Year,Mailed Check,DSL,No,0,Yes,Yes,Yes
CUST03481,43.0,Female,0,131.53,429.24,Two Year,Bank Transfer,Fiber Optic,Yes,1,No,No,Yes
CUST03482,65.0,Male,12,108.15,8121.34,One Year,Mailed Check,Fiber Optic,Yes,1,Yes,Yes,No
CUST03483,38.0,male,4,58.49,4876.1,Month-to-Month,Credit Card,DSL,No,1,No,No,No
CUST03484,45.0,M,5,93.01,6305.64,One Year,Bank Transfer,DSL,No,0,Yes,Yes,No
CUST03485,43.0,Male,14,112.93,7456.41,Two Year,Electronic Check,DSL,No,0,No,No,No
CUST03486,50.0,male,14,114.65,7128.04,Two Year,Bank Transfer,DSL,Yes,0,Yes,No,No
CUST03487,38.0,M,8,106.65,7945.8,Month-to-Month,Bank Transfer,No,No,0,Yes,Yes,No
CUST03488,52.0,male,13,133.21,8705.95,One Year,Mailed Check,Fiber Optic,No,1,Yes,No,Yes
CUST03489,69.0,Male,0,133.11,3962.85,Month-to-Month,Bank Transfer,Fiber Optic,No,0,No,No,No
CUST03490,51.0,Male,12,95.26,8554.01,Month-to-Month,Mailed Check,Fiber Optic,Yes,1,Yes,Yes,Yes
CUST03491,58.0,Male,3,75.88,6515.14,Two Year,Credit Card,No,No,0,Yes,Yes,No
CUST03492,68.0,Female,9,103.4,654.6,One Year,Bank Transfer,Fiber Optic,Yes,1,No,Yes,No
CUST03493,64.0,male,7,126.37,6142.41,Month-to-Month,Bank Transfer,DSL,No,1,No,Yes,No
CUST03494,35.0,Female,9,20.73,6186.72,Two Year,Bank Transfer,Fiber Optic,No,0,Yes,No,Yes
CUST03495,28.0,Male,8,148.96,8154.63,Month-to-Month,Electronic Check,Fiber Optic,No,1,Yes,No,Yes
CUST03496,40.0,M,14,43.78,3368.93,One Year,Mailed Check,No,No,0,Yes,Yes,Yes
CUST03497,65.0,male,12,81.13,5272.51,Month-to-Month,Mailed Check,DSL,No,0,Yes,No,No
CUST03498,39.0,Female,2,133.36,129.44,One Year,Electronic Check,DSL,No,1,No,No,Yes
CUST03499,34.0,male,10,49.26,3002.04,Two Year,Mailed Check,DSL,Yes,0,Yes,Yes,No
CUST03500,22.0,M,1,81.98,578.95,Two Year,Credit Card,Fiber Optic,Yes,1,No,Yes,No
CUST03501,61.0,Female,3,37.24,4706.42,Month-to-Month,Electronic Check,DSL,Yes,0,No,No,No
CUST03502,28.0,Male,1,71.36,7360.68,Two Year,Mailed Check,DSL,No,1,Yes,No,No
CUST03503,47.0,Female,0,43.03,1873.86,Month-to-Month,Credit Card,Fiber Optic,Yes,1,No,Yes,No
CUST03504,32.0,male,11,67.27,4756.42,Month-to-Month,Mailed Check,No,No,0,Yes,Yes,No
CUST03505,44.0,male,2,68.55,1852.0 ,One Year,Electronic Check,Fiber Optic,Yes,0,No,Yes,No
CUST03506,52.0,male,6,149.11,1103.78,Month-to-Month,Mailed Check,No,No,1,No,No,Yes
CUST03507,50.0,male,12,149.33,4608.75,One Year,Credit Card,No,Yes,0,No,Yes,No
CUST03508,37.0,Male,12,34.92,730.75,Month-to-Month,Credit Card,DSL,No,1,Yes,Yes,No
CUST03509,33.0,Female,0,114.38,5294.44,One Year,Credit Card,DSL,No,0,No,No,Yes
CUST03510,51.0,Male,1,26.73,301.41,Two Year,Mailed Check,Fiber Optic,Yes,1,No,Yes,No
CUST03511,19.0,Male,0,23.92,978.3,Month-to-Month,Electronic Check,No,No,0,No,Yes,Yes
CUST03512,52.0,Male,7,33.69,4958.98,One Year,Mailed Check,Fiber Optic,Yes,1,No,Yes,No
CUST03513,57.0,male,4,145.51,5330.84,Month-to-Month,Bank Transfer,DSL,Yes,0,No,No,No
CUST03514,45.0,male,7,142.31,280.3,One Year,Electronic Check,No,Yes,0,No,No,No
CUST03515,64.0,male,2,45.21,5168.92,One Year,Bank Transfer,DSL,Yes,1,Yes,Yes,No
CUST03516,56.0,Female,12,41.02,,Month-to-Month,Mailed Check,DSL,No,1,No,No,No
CUST03517,23.0,M,11,51.27,6506.4,Month-to-Month,Electronic Check,DSL,Yes,1,No,Yes,Yes
CUST03518,26.0,male,6,87.02,,Two Year,Bank Transfer,No,No,1,Yes,No,Yes
CUST03519,37.0,Female,7,94.06,5340.42,Two Year,Mailed Check,No,No,1,No,No,No
CUST03520,18.0,male,14,48.81,6056.83,Two Year,Electronic Check,DSL,No,1,No,Yes,Yes
CUST03521,25.0,male,5,118.36,354.34,Month-to-Month,Credit Card,No,Yes,0,Yes,Yes,No
CUST03522,40.0,Male,12,60.24,7701.02,Two Year,Credit Card,DSL,No,0,Yes,No,Yes
CUST03523,20.0,Male,12,139.88,8158.28,One Year,Credit Card,DSL,No,1,No,No,No
CUST03524,21.0,Male,6,105.37,7657.06,Month-to-Month,Bank Transfer,DSL,Yes,0,No,No,No
CUST03525,42.0,Female,13,76.73,7425.19,One Year,Bank Transfer,No,No,1,No,No,Yes
CUST03526,64.0,M,11,122.69,6709.79,One Year,Mailed Check,Fiber Optic,No,0,No,Yes,No
CUST03527,55.0,M,1,126.33,5708.22,One Year,Credit Card,Fiber Optic,No,1,Yes,No,No
CUST03528,32.0,Female,7,57.76,6114.07,Month-to-Month,Bank Transfer,No,No,1,No,Yes,No
CUST03529,38.0,male,4,64.16,7261.43,Month-to-Month,Credit Card,No,No,0,Yes,Yes,No
CUST03530,120.0,Female,6,141.67,5969.24,Two Year,Mailed Check,DSL,Yes,1,No,No,Yes
CUST03531,63.0,male,0,41.42,2962.99,Two Year,Electronic Check,DSL,Yes,0,Yes,No,No
CUST03532,69.0,Female,4,25.48,3396.13,Two Year,Bank Transfer,Fiber Optic,Yes,0,No,No,Yes
CUST03533,31.0,Female,0,79.03,8075.58,Two Year,Bank Transfer,DSL,Yes,0,Yes,Yes,No
CUST03534,53.0,Female,11,124.16,173.76,One Year,Electronic Check,Fiber Optic,Yes,0,Yes,Yes,Yes
CUST03535,29.0,M,12,120.32,6295.41,Month-to-Month,Bank Transfer,Fiber Optic,No,0,Yes,No,No
CUST03536,34.0,Male,7,139.54,8593.9,Two Year,Mailed Check,No,Yes,0,Yes,No,Yes
CUST03537,56.0,Female,14,89.32,6361.93,One Year,Bank Transfer,No,No,0,Yes,No,No
CUST03538,26.0,M,3,33.01,8945.33,Month-to-Month,Bank Transfer,No,No,0,No,Yes,No
CUST03539,52.0,Male,3,96.53,6194.15,Month-to-Month,Electronic Check,Fiber Optic,Yes,0,No,Yes,No
CUST03540,30.0,Male,1,121.19,328.58,Month-to-Month,Mailed Check,No,Yes,0,No,No,No
CUST03541,32.0,Female,4,32.13,7446.55,One Year,Credit Card,Fiber Optic,No,1,Yes,Yes,No
CUST03542,35.0,male,0,42.45,2575.98,Two Year,Credit Card,No,No,0,Yes,Yes,Yes
CUST03543,68.0,male,8,21.6,4025.59,Month-to-Month,Electronic Check,Fiber Optic,Yes,0,No,Yes,Yes
CUST03544,50.0,male,4,97.17,2822.59,One Year,Mailed Check,DSL,Yes,1,Yes,Yes,No
CUST03545,23.0,Female,5,135.28,2431.62,Month-to-Month,Electronic Check,DSL,No,1,Yes,No,No
CUST03546,44.0,male,1,107.19,3894.02,One Year,Electronic Check,Fiber Optic,No,1,Yes,No,No
CUST03547,40.0,M,9,147.67,,Two Year,Credit Card,Fiber Optic,Yes,1,Yes,No,Yes
CUST03548,,M,9,28.19,5707.38,Two Year,Mailed Check,DSL,Yes,0,No,Yes,Yes
CUST03549,51.0,M,0,137.39,7322.1,Month-to-Month,Mailed Check,Fiber Optic,Yes,0,No,No,No
CUST03550,63.0,M,3,125.83,2687.86,Two Year,Electronic Check,Fiber Optic,No,0,No,No,No
CUST03551,55.0,Male,6,60.85,1939.22,Two Year,Credit Card,DSL,No,1,Yes,Yes,No
CUST03552,31.0,M,5,146.56,6008.72,One Year,Mailed Check,Fiber Optic,No,1,No,Yes,No
CUST03553,53.0,male,9,57.43,6039.47,One Year,Electronic Check,No,No,0,Yes,Yes,No
CUST03554,25.0,Female,0,135.61,8112.16 ,Month-to-Month,Bank Transfer,DSL,Yes,1,No,No,No
CUST03555,52.0,male,0,134.5,163.19,One Year,Credit Card,No,Yes,0,No,No,No
CUST03556,36.0,M,7,118.5,7680.31,Two Year,Mailed Check,Fiber Optic,No,1,Yes,Yes,No
CUST03557,47.0,Male,3,93.25,4698.6,One Year,Mailed Check,Fiber Optic,No,1,No,No,Yes
CUST03558,31.0,M,4,35.6,5599.29,Two Year,Mailed Check,No,Yes,0,Yes,No,No
CUST03559,37.0,Female,12,89.16,840.52,Month-to-Month,Credit Card,Fiber Optic,No,0,No,Yes,Yes
CUST03560,66.0,male,6,66.38,3904.88,Two Year,Electronic Check,Fiber Optic,Yes,0,No,Yes,No
CUST03561,42.0,Female,7,122.99,2061.18,One Year,Bank Transfer,No,Yes,1,No,No,Yes
CUST03562,57.0,Female,14,118.56,2302.94,One Year,Mailed Check,Fiber Optic,No,1,No,No,Yes
CUST03563,41.0,Female,9,138.38,,One Year,Credit Card,DSL,No,0,No,Yes,No
CUST03564,31.0,male,6,21.93,7315.85,One Year,Mailed Check,No,Yes,0,No,Yes,No
CUST03565,43.0,M,1,125.18,6699.15,Month-to-Month,Electronic Check,No,Yes,0,Yes,Yes,Yes
CUST03566,55.0,Female,13,142.0,5327.18,Two Year,Bank Transfer,No,No,1,No,Yes,No
CUST03567,40.0,male,14,122.61,4863.98,One Year,Mailed Check,No,No,1,No,No,No
CUST03568,39.0,Male,3,36.93,3857.21,Two Year,Credit Card,DSL,No,0,Yes,No,Yes
CUST03569,65.0,male,9,30.57,8754.94,Month-to-Month,Electronic Check,No,Yes,0,Yes,No,No
CUST03570,36.0,Male,11,22.71,5050.53,Two Year,Bank Transfer,No,No,0,No,No,No
CUST03571,63.0,male,0,101.74,2300.62,One Year,Credit Card,Fiber Optic,Yes,1,No,No,No
CUST03572,68.0,M,9,101.86,2086.22,Two Year,Mailed Check,No,Yes,1,Yes,Yes,No
CUST03573,20.0,Female,8,148.3,5509.95,One Year,Credit Card,Fiber Optic,No,0,No,Yes,Yes
CUST03574,59.0,M,2,71.75,4714.99,One Year,Bank Transfer,No,Yes,1,No,Yes,Yes
CUST03575,36.0,male,11,63.15,,Month-to-Month,Electronic Check,No,No,0,No,Yes,Yes
CUST03576,,Female,2,101.18,7473.99,Month-to-Month,Electronic Check,DSL,No,0,Yes,No,Yes
CUST03577,45.0,Male,9,127.33,6343.02,Two Year,Mailed Check,Fiber Optic,No,0,No,No,No
CUST03578,37.0,male,8,141.78,5963.23,Two Year,Mailed Check,DSL,No,1,Yes,Yes,No
CUST03579,62.0,Female,9,124.41,637.65,One Year,Mailed Check,Fiber Optic,No,0,No,No,No
CUST03580,24.0,Male,2,75.47,3271.26,One Year,Mailed Check,No,Yes,0,Yes,Yes,Yes
CUST03581,31.0,Male,7,102.54,8419.73,One Year,Bank Transfer,DSL,No,1,Yes,No,No
CUST03582,26.0,M,1,131.32,7766.05,One Year,Mailed Check,Fiber Optic,Yes,0,No,No,No
CUST03583,36.0,male,13,83.78,2584.18,Month-to-Month,Credit Card,Fiber Optic,No,0,Yes,No,No
CUST03584,64.0,Male,12,48.17,1430.39,One Year,Bank Transfer,DSL,No,0,Yes,No,Yes
CUST03585,69.0,Female,2,42.06,4052.81,Month-to-Month,Bank Transfer,Fiber Optic,No,0,No,No,No
CUST03586,31.0,Male,1,20.02,3215.36,Two Year,Mailed Check,No,No,1,Yes,No,Yes
CUST03587,55.0,Male,0,113.37,6146.39,Two Year,Bank Transfer,Fiber Optic,Yes,1,Yes,No,Yes
CUST03588,53.0,M,1,34.44,8698.58,Month-to-Month,Credit Card,No,No,0,Yes,Yes,No
CUST03589,57.0,M,7,51.7,3279.75,One Year,Bank Transfer,Fiber Optic,No,1,Yes,Yes,No
CUST03590,34.0,Female,8,58.72,578.77,Two Year,Bank Transfer,DSL,No,1,No,No,Yes
CUST03591,47.0,M,12,92.85,8080.57,Month-to-Month,Credit Card,No,Yes,1,No,Yes,No
CUST03592,26.0,Male,1,71.73,360.79,Two Year,Credit Card,Fiber Optic,No,1,No,Yes,No
CUST03593,50.0,Male,6,107.71,8575.84,One Year,Bank Transfer,No,Yes,1,Yes,Yes,No
CUST03594,69.0,M,14,27.23,5987.92,Month-to-Month,Electronic Check,DSL,No,1,No,Yes,Yes
CUST03595,42.0,Male,4,36.11,8476.37,Two Year,Bank Transfer,Fiber Optic,No,1,Yes,Yes,Yes
CUST03596,31.0,Male,2,84.9,1812.94,One Year,Credit Card,Fiber Optic,No,1,No,No,No
CUST03597,28.0,Female,8,63.81,385.48,Month-to-Month,Credit Card,No,No,0,Yes,No,No
CUST03598,52.0,M,14,58.46,4404.13,Month-to-Month,Credit Card,DSL,No,0,No,No,No
CUST03599,58.0,Male,5,28.71,4066.6,Month-to-Month,Electronic Check,DSL,No,0,Yes,Yes,Yes
CUST03600,31.0,M,10,136.44,2996.8,Month-to-Month,Credit Card,Fiber Optic,No,0,Yes,Yes,Yes
CUST03601,47.0,Female,0,109.94,8619.76,Two Year,Mailed Check,No,Yes,0,Yes,No,No
CUST03602,58.0,M,4,35.81,7406.8,Month-to-Month,Mailed Check,Fiber Optic,No,0,Yes,Yes,No
CUST03603,21.0,Male,6,28.46,5961.01,Month-to-Month,Electronic Check,Fiber Optic,No,0,No,No,No
CUST03604,21.0,M,3,146.73,1482.47,Month-to-Month,Credit Card,No,Yes,0,Yes,No,No
CUST03605,45.0,Male,7,108.55,6614.22,Month-to-Month,Credit Card,DSL,No,1,Yes,Yes,No
CUST03606,25.0,Male,9,74.27,6548.57,Month-to-Month,Mailed Check,Fiber Optic,No,0,Yes,Yes,No
CUST03607,19.0,Male,4,111.23,3837.11,One Year,Mailed Check,Fiber Optic,Yes,0,No,Yes,No
CUST03608,58.0,Female,8,118.32,8324.58,Two Year,Bank Transfer,No,No,1,No,No,No
CUST03609,63.0,M,8,121.4,1519.46,One Year,Electronic Check,No,No,1,No,No,No
CUST03610,39.0,Female,8,82.12,2420.69,Two Year,Bank Transfer,Fiber Optic,Yes,0,Yes,No,Yes
CUST03611,58.0,M,0,75.88,,Month-to-Month,Electronic Check,DSL,Yes,0,Yes,No,Yes
CUST03612,,Female,1,21.43,7163.15,Two Year,Credit Card,No,No,0,No,Yes,No
CUST03613,46.0,male,2,140.45,5603.4,Month-to-Month,Credit Card,Fiber Optic,Yes,1,Yes,No,Yes
CUST03614,66.0,Male,13,98.43,2848.16,Month-to-Month,Electronic Check,DSL,Yes,0,No,Yes,No
CUST03615,65.0,Male,3,46.41,1491.05,One Year,Bank Transfer,No,Yes,1,Yes,No,No
CUST03616,47.0,Female,9,139.55,380.53,One Year,Mailed Check,No,No,0,Yes,No,Yes
CUST03617,29.0,male,8,138.94,1517.38,One Year,Electronic Check,Fiber Optic,No,1,No,No,No
CUST03618,52.0,Male,9,148.59,4090.5,Two Year,Electronic Check,No,Yes,1,Yes,No,Yes
CUST03619,28.0,M,12,133.63,2239.65,Two Year,Electronic Check,Fiber Optic,Yes,1,Yes,No,Yes
CUST03620,63.0,Female,5,149.71,2345.66,One Year,Credit Card,No,Yes,0,Yes,No,No
CUST03621,67.0,Male,0,51.81,7882.68,One Year,Electronic Check,DSL,Yes,0,No,Yes,No
CUST03622,38.0,Male,11,129.49,4645.94,Month-to-Month,Credit Card,DSL,No,1,Yes,No,No
CUST03623,38.0,Female,8,126.99,6568.68,Two Year,Mailed Check,No,No,1,Yes,Yes,Yes
CUST03624,22.0,Female,5,50.02,340.68,Month-to-Month,Mailed Check,Fiber Optic,No,1,Yes,Yes,No
CUST03625,65.0,M,3,32.8,3299.17,Two Year,Bank Transfer,No,No,0,Yes,No,Yes
CUST03626,37.0,M,13,147.32,4322.94,One Year,Credit Card,Fiber Optic,Yes,1,No,No,No
CUST03627,,Male,3,58.48,1694.02,Two Year,Mailed Check,No,No,0,No,No,No
CUST03628,20.0,Male,2,133.22,1099.32,Two Year,Mailed Check,DSL,Yes,0,No,Yes,Yes
CUST03629,61.0,Female,6,20.54,7835.33,Month-to-Month,Bank Transfer,Fiber Optic,Yes,1,Yes,Yes,No
CUST03630,50.0,Male,2,22.73,8456.1,One Year,Bank Transfer,DSL,Yes,1,No,Yes,No
CUST03631,26.0,Male,1,80.56,727.68,One Year,Bank Transfer,DSL,Yes,0,No,Yes,No
CUST03632,26.0,Female,9,51.03,3154.19,One Year,Credit Card,DSL,No,0,Yes,No,Yes
CUST03633,21.0,Male,7,109.68,,Month-to-Month,Electronic Check,No,Yes,0,Yes,Yes,Yes
CUST03634,52.0,Male,3,93.52,766.79,Month-to-Month,Credit Card,Fiber Optic,Yes,1,Yes,Yes,No
CUST03635,34.0,male,7,30.07,5799.9,Month-to-Month,Bank Transfer,DSL,Yes,0,No,Yes,No
CUST03636,51.0,M,0,41.14,8750.55,Two Year,Electronic Check,Fiber Optic,Yes,0,Yes,Yes,No
CUST03637,41.0,Female,14,70.45,8804.45,Two Year,Mailed Check,Fiber Optic,No,1,No,No,Yes
CUST03638,49.0,male,4,44.13,4251.59,Month-to-Month,Credit Card,DSL,Yes,0,Yes,No,No
CUST03639,18.0,M,12,122.99,1481.49,Month-to-Month,Bank Transfer,No,No,1,No,No,No
CUST03640,25.0,M,8,74.09,1834.72,One Year,Bank Transfer,DSL,Yes,1,Yes,No,No
CUST03641,62.0,M,0,32.15,8008.62,Two Year,Electronic Check,DSL,No,1,Yes,No,No
CUST03642,40.0,male,10,82.96,8206.91,Two Year,Credit Card,Fiber Optic,Yes,1,No,Yes,No
CUST03643,64.0,male,12,31.81,5478.76,One Year,Mailed Check,No,Yes,1,Yes,Yes,No
CUST03644,57.0,M,3,36.76,6900.26,One Year,Mailed Check,Fiber Optic,No,1,No,Yes,Yes
CUST03645,29.0,Male,5,51.15,6664.58,One Year,Electronic Check,No,No,1,Yes,Yes,No
CUST03646,29.0,Male,9,131.74,5963.16,Month-to-Month,Electronic Check,DSL,No,1,No,Yes,No
CUST03647,63.0,male,7,140.2,7448.95,Month-to-Month,Mailed Check,No,Yes,1,No,No,No
CUST03648,64.0,male,13,127.41,6174.95,Month-to-Month,Electronic Check,Fiber Optic,No,0,Yes,Yes,No
CUST03649,32.0,male,2,63.43,4815.34,Month-to-Month,Electronic Check,DSL,No,1,Yes,No,No
CUST03650,58.0,M,4,55.42,2147.87,Month-to-Month,Credit Card,No,Yes,0,Yes,No,No
CUST03651,36.0,Male,6,91.39,6700.12,Two Year,Electronic Check,No,No,0,No,No,No
CUST03652,43.0,male,0,113.84,4271.47,Two Year,Bank Transfer,Fiber Optic,Yes,1,No,Yes,No
CUST03653,69.0,male,14,149.14,2667.23,Two Year,Bank Transfer,No,Yes,1,No,Yes,No
CUST03654,46.0,Female,6,37.1,7221.48,One Year,Bank Transfer,DSL,No,1,No,Yes,Yes
CUST03655,39.0,M,12,26.41,6276.49 ,Two Year,Electronic Check,No,Yes,0,No,No,No
CUST03656,57.0,Female,11,110.27,8437.31,One Year,Mailed Check,Fiber Optic,Yes,1,No,No,No
CUST03657,38.0,Male,10,128.19,1505.67,Two Year,Bank Transfer,No,Yes,0,No,Yes,No
CUST03658,68.0,Female,7,130.03,5849.72,Month-to-Month,Credit Card,DSL,Yes,0,Yes,No,Yes
CUST03659,55.0,Female,7,108.2,2213.27,Two Year,Electronic Check,DSL,No,0,No,No,No
CUST03660,37.0,Female,8,144.02,8134.18,Month-to-Month,Mailed Check,No,No,1,Yes,No,No
CUST03661,46.0,M,5,86.43,913.5,Month-to-Month,Mailed Check,No,Yes,1,No,Yes,Yes
CUST03662,68.0,Male,11,138.8,5912.33,Two Year,Electronic Check,DSL,No,0,No,No,No
CUST03663,21.0,Female,5,145.82,7123.95,Two Year,Electronic Check,Fiber Optic,Yes,0,No,Yes,Yes
CUST03664,24.0,M,1,130.13,3207.16,Month-to-Month,Credit Card,DSL,No,0,Yes,Yes,No
CUST03665,45.0,Male,2,60.27,8588.16 ,One Year,Electronic Check,No,No,0,No,No,No
CUST03666,45.0,male,3,45.51,7659.56,One Year,Electronic Check,No,Yes,1,No,No,No
CUST03667,21.0,Female,3,91.26,2665.67,Two Year,Mailed Check,Fiber Optic,Yes,1,No,No,Yes
CUST03668,39.0,Male,7,78.89,87.72,Month-to-Month,Bank Transfer,DSL,Yes,0,Yes,Yes,No
CUST03669,29.0,Female,13,134.11,,One Year,Bank Transfer,DSL,Yes,0,Yes,Yes,No
CUST03670,62.0,male,0,33.0,2546.17,Two Year,Mailed Check,Fiber Optic,No,0,No,No,Yes
CUST03671,20.0,Male,9,53.51,8011.88,Two Year,Electronic Check,DSL,Yes,1,No,No,No
CUST03672,39.0,M,13,117.73,,Month-to-Month,Credit Card,Fiber Optic,No,1,No,Yes,No
CUST03673,61.0,Male,3,32.35,652.55,One Year,Bank Transfer,DSL,No,0,Yes,No,No
CUST03674,19.0,M,10,61.7,4252.23,Two Year,Electronic Check,Fiber Optic,Yes,1,No,Yes,No
CUST03675,41.0,Male,11,70.33,4944.02,One Year,Bank Transfer,Fiber Optic,No,1,No,No,No
CUST03676,51.0,M,12,100.94,854.35,Two Year,Mailed Check,Fiber Optic,Yes,0,No,No,No
CUST03677,44.0,male,10,40.56,3409.93,Two Year,Bank Transfer,No,Yes,1,Yes,No,No
CUST03678,58.0,male,10,131.88,2867.4,One Year,Mailed Check,No,No,1,No,Yes,No
CUST03679,18.0,male,3,78.18,4833.79,One Year,Mailed Check,No,Yes,1,No,No,No
CUST03680,25.0,Male,0,139.21,,Month-to-Month,Mailed Check,DSL,Yes,1,Yes,No,No
CUST03681,40.0,male,2,80.82,6337.3,Month-to-Month,Credit Card,Fiber Optic,Yes,1,No,Yes,No
CUST03682,55.0,Female,4,55.76,1248.06,Month-to-Month,Electronic Check,DSL,No,1,No,Yes,No
CUST03683,23.0,male,5,38.44,7320.27,Month-to-Month,Mailed Check,DSL,No,0,No,Yes,No
CUST03684,39.0,M,8,20.49,6113.31,One Year,Mailed Check,Fiber Optic,Yes,0,Yes,Yes,No
CUST03685,42.0,M,8,89.18,8003.89,Month-to-Month,Bank Transfer,No,Yes,0,Yes,Yes,Yes
CUST03686,35.0,M,8,33.93,4055.04,One Year,Electronic Check,DSL,No,1,No,Yes,No
CUST03687,34.0,Male,10,70.92,8047.13,Two Year,Credit Card,DSL,No,1,Yes,Yes,No
CUST03688,29.0,Female,0,96.61,7794.65 ,One Year,Credit Card,DSL,Yes,1,No,Yes,Yes
CUST03689,23.0,male,11,55.84,3956.92,Month-to-Month,Bank Transfer,No,No,0,No,No,No
CUST03690,43.0,Female,8,42.78,3442.67,One Year,Credit Card,Fiber Optic,Yes,0,Yes,No,Yes
CUST03691,44.0,Female,12,120.71,8396.65,One Year,Bank Transfer,Fiber Optic,Yes,1,Yes,No,No
CUST03692,25.0,M,7,143.08,6442.18,One Year,Electronic Check,DSL,Yes,1,Yes,No,No
CUST03693,36.0,M,1,33.06,8355.64,One Year,Bank Transfer,Fiber Optic,No,1,No,Yes,No
CUST03694,59.0,M,12,40.23,7176.83,One Year,Bank Transfer,No,No,1,No,Yes,No
CUST03695,18.0,Male,10,144.8,5491.49,Month-to-Month,Mailed Check,Fiber Optic,No,1,No,Yes,No
CUST03696,46.0,Female,0,24.91,1060.36,One Year,Credit Card,DSL,Yes,0,No,Yes,No
CUST03697,62.0,Female,0,147.09,2637.5,Month-to-Month,Electronic Check,DSL,No,0,Yes,Yes,No
CUST03698,66.0,Male,11,20.6,8720.2,Two Year,Electronic Check,Fiber Optic,No,1,No,No,No
CUST03699,52.0,Male,5,133.58,2888.41,One Year,Mailed Check,DSL,Yes,0,Yes,No,No
CUST03700,57.0,Male,8,59.95,857.43,Two Year,Bank Transfer,No,No,1,No,Yes,No
CUST03701,31.0,Female,6,142.02,6373.83,Month-to-Month,Electronic Check,No,Yes,0,No,No,Yes
CUST03702,52.0,Female,4,61.2,6611.36,One Year,Electronic Check,No,Yes,1,Yes,Yes,No
CUST03703,65.0,M,10,105.06,2583.41,Two Year,Bank Transfer,No,No,1,Yes,Yes,No
CUST03704,62.0,M,1,30.4,2693.09,Month-to-Month,Bank Transfer,DSL,No,1,No,No,No
CUST03705,37.0,Female,0,51.5,4230.66,Two Year,Electronic Check,DSL,Yes,1,Yes,No,Yes
CUST03706,66.0,M,1,120.58,215.66,One Year,Bank Transfer,Fiber Optic,No,0,No,Yes,Yes
CUST03707,30.0,Male,0,88.73,7108.12,One Year,Credit Card,DSL,No,1,No,No,Yes
CUST03708,55.0,male,2,140.64,2867.46,One Year,Electronic Check,Fiber Optic,No,1,No,Yes,No
CUST03709,66.0,M,5,75.74,7686.79,Month-to-Month,Bank Transfer,DSL,Yes,1,No,Yes,No
CUST03710,63.0,Female,12,133.08,7227.62,Two Year,Electronic Check,Fiber Optic,Yes,1,Yes,No,No
CUST03711,66.0,M,7,78.36,5959.39,Month-to-Month,Electronic Check,Fiber Optic,No,0,Yes,Yes,No
CUST03712,25.0,M,2,147.3,2937.38,Two Year,Mailed Check,No,Yes,0,Yes,Yes,No
CUST03713,60.0,M,9,144.78,4656.52,Month-to-Month,Credit Card,Fiber Optic,No,0,Yes,No,No
CUST03714,37.0,male,8,62.79,4014.57,One Year,Credit Card,Fiber Optic,No,1,No,Yes,No
CUST03715,50.0,Male,9,135.17,3063.16,Two Year,Mailed Check,Fiber Optic,No,0,No,Yes,Yes
CUST03716,43.0,Female,4,130.19,7636.26,Two Year,Mailed Check,Fiber Optic,No,1,Yes,No,No
CUST03717,56.0,male,6,47.39,4361.89,Two Year,Electronic Check,Fiber Optic,Yes,0,Yes,No,Yes
CUST03718,38.0,Female,7,101.16,7497.85,Month-to-Month,Credit Card,No,No,0,Yes,No,No
CUST03719,66.0,Female,2,29.45,964.86,One Year,Mailed Check,Fiber Optic,Yes,1,No,Yes,No
CUST03720,59.0,Female,1,128.77,1286.4,Two Year,Bank Transfer,Fiber Optic,Yes,0,Yes,Yes,No
CUST03721,60.0,male,1,42.69,8796.34,Month-to-Month,Electronic Check,Fiber Optic,No,1,No,No,No
CUST03722,58.0,Male,4,29.21,5298.16,Two Year,Credit Card,DSL,No,0,Yes,No,No
CUST03723,26.0,Female,14,72.03,4597.73,One Year,Electronic Check,DSL,Yes,1,Yes,Yes,No
CUST03724,41.0,Male,0,95.0,,Two Year,Electronic Check,No,No,1,No,No,No
CUST03725,54.0,Male,14,131.14,1953.11,One Year,Bank Transfer,Fiber Optic,No,1,No,Yes,No
CUST03726,66.0,M,1,146.65,6473.96,Month-to-Month,Bank Transfer,Fiber Optic,Yes,1,Yes,Yes,No
CUST03727,58.0,male,12,77.13,781.33,Month-to-Month,Mailed Check,DSL,Yes,0,Yes,No,No
CUST03728,34.0,male,8,27.86,5168.45,One Year,Bank Transfer,Fiber Optic,Yes,1,No,Yes,No
CUST03729,41.0,M,6,948.1794900236134,5145.5,One Year,Credit Card,No,No,0,No,No,No
CUST03730,38.0,M,14,93.47,8229.41,Month-to-Month,Mailed Check,Fiber Optic,No,1,No,Yes,No
CUST03731,68.0,Male,14,78.23,4745.12,One Year,Credit Card,No,Yes,1,No,Yes,No
CUST03732,56.0,Female,5,60.2,1250.82,One Year,Credit Card,DSL,Yes,1,No,Yes,No
CUST03733,58.0,male,8,85.31,5163.32,Two Year,Mailed Check,No,No,1,Yes,No,No
CUST03734,56.0,Female,6,64.03,840.12,Month-to-Month,Bank Transfer,No,Yes,0,No,Yes,No
CUST03735,30.0,Female,13,118.41,,Month-to-Month,Electronic Check,No,Yes,0,Yes,Yes,Yes
CUST03736,28.0,M,10,90.71,299.36,One Year,Bank Transfer,No,No,1,No,No,No
CUST03737,63.0,Female,4,133.99,4629.38,One Year,Credit Card,No,Yes,0,No,No,No
CUST03738,36.0,Male,14,90.66,779.1,One Year,Credit Card,No,No,0,Yes,Yes,Yes
CUST03739,28.0,M,8,50.97,4235.16,Month-to-Month,Mailed Check,No,Yes,1,Yes,No,No
CUST03740,30.0,Female,5,130.64,8397.85,Two Year,Credit Card,No,No,0,No,Yes,No
CUST03741,63.0,M,5,92.44,6483.46,Month-to-Month,Mailed Check,No,No,1,No,Yes,Yes
CUST03742,62.0,Male,10,46.89,715.16,Two Year,Mailed Check,DSL,Yes,1,No,Yes,No
CUST03743,18.0,Male,3,101.06,2033.4,One Year,Bank Transfer,No,Yes,0,Yes,Yes,Yes
CUST03744,57.0,Female,12,66.5,6069.49,Month-to-Month,Credit Card,No,Yes,0,Yes,Yes,No
CUST03745,61.0,M,11,129.77,8054.42,Two Year,Bank Transfer,Fiber Optic,No,1,No,Yes,No
CUST03746,36.0,Female,0,78.93,315.61,Month-to-Month,Electronic Check,Fiber Optic,Yes,1,Yes,No,Yes
CUST03747,29.0,Female,4,114.44,,Two Year,Bank Transfer,Fiber Optic,No,1,No,Yes,No
CUST03748,25.0,M,10,32.42,5065.09,Two Year,Credit Card,No,Yes,0,Yes,Yes,No
CUST03749,25.0,Female,8,71.48,4923.9,Month-to-Month,Electronic Check,DSL,No,1,No,No,No
CUST03750,62.0,Male,12,147.82,8621.16,One Year,Credit Card,DSL,Yes,1,No,Yes,No
CUST03751,29.0,M,7,125.1,6733.85,Month-to-Month,Electronic Check,Fiber Optic,No,1,No,Yes,Yes
CUST03752,65.0,M,7,40.79,7654.07,One Year,Credit Card,Fiber Optic,No,1,Yes,Yes,No
CUST03753,50.0,M,4,56.11,3198.88,Two Year,Bank Transfer,No,No,1,No,Yes,No
CUST03754,62.0,M,11,62.88,4998.19,Two Year,Credit Card,DSL,No,0,No,No,No
CUST03755,,Female,8,104.55,5546.34,Month-to-Month,Mailed Check,DSL,No,0,Yes,Yes,Yes
CUST03756,56.0,Female,2,118.41,,Month-to-Month,Mailed Check,Fiber Optic,No,0,Yes,No,No
CUST03757,45.0,Male,2,117.44,5140.83,One Year,Bank Transfer,DSL,Yes,0,No,No,No
CUST03758,22.0,male,0,86.28,2145.17,One Year,Bank Transfer,Fiber Optic,No,0,No,No,No
CUST03759,25.0,male,8,125.41,1307.51,Month-to-Month,Electronic Check,Fiber Optic,Yes,1,No,Yes,Yes
CUST03760,42.0,Male,5,76.82,3378.25,One Year,Bank Transfer,No,Yes,0,No,Yes,No
CUST03761,44.0,male,1,36.1,6658.82,One Year,Mailed Check,Fiber Optic,Yes,1,Yes,No,Yes
CUST03762,63.0,Male,7,93.38,8247.36,Month-to-Month,Bank Transfer,No,Yes,0,No,No,No
CUST03763,40.0,Female,11,143.8,4130.27,Month-to-Month,Mailed Check,DSL,Yes,0,Yes,Yes,No
CUST03764,47.0,M,8,123.09,5792.56,Two Year,Bank Transfer,DSL,Yes,1,No,Yes,Yes
CUST03765,62.0,M,8,95.23,945.27,Two Year,Mailed Check,Fiber Optic,Yes,0,No,Yes,Yes
CUST03766,64.0,Female,1,104.08,8142.08,Month-to-Month,Electronic Check,Fiber Optic,No,0,No,Yes,No
CUST03767,40.0,M,1,140.97,5126.07,Two Year,Credit Card,No,Yes,1,Yes,Yes,Yes
CUST03768,66.0,M,12,75.68,7027.44,One Year,Credit Card,No,Yes,0,Yes,No,No
CUST03769,64.0,male,6,63.08,7154.08,Month-to-Month,Mailed Check,DSL,No,0,Yes,No,No
CUST03770,37.0,Female,10,147.04,,Two Year,Bank Transfer,DSL,No,0,No,No,No
CUST03771,35.0,male,3,132.25,4771.99,Month-to-Month,Bank Transfer,Fiber Optic,Yes,1,Yes,Yes,Yes
CUST03772,35.0,male,12,62.0,8645.11,Two Year,Credit Card,Fiber Optic,No,0,No,No,No
CUST03773,19.0,M,0,80.29,824.92,Month-to-Month,Mailed Check,No,Yes,0,No,Yes,No
CUST03774,21.0,M,7,73.96,6153.79,One Year,Bank Transfer,Fiber Optic,No,1,No,No,No
CUST03775,47.0,Female,1,39.38,8661.13,Two Year,Credit Card,No,Yes,0,No,Yes,Yes
CUST03776,50.0,M,13,144.52,2719.18,Month-to-Month,Mailed Check,DSL,No,1,No,No,No
CUST03777,53.0,M,2,72.56,7755.8,One Year,Electronic Check,DSL,Yes,1,No,No,No
CUST03778,35.0,Female,4,133.79,8404.24,Two Year,Bank Transfer,Fiber Optic,No,1,No,Yes,No
CUST03779,,M,13,44.62,6728.83,Two Year,Bank Transfer,No,Yes,1,No,Yes,Yes
CUST03780,36.0,male,2,91.22,2097.33,Month-to-Month,Mailed Check,Fiber Optic,No,0,Yes,No,Yes
CUST03781,64.0,Female,6,23.11,3019.33,One Year,Credit Card,Fiber Optic,No,0,No,No,No
CUST03782,45.0,M,6,119.35,341.57,Month-to-Month,Mailed Check,No,No,1,Yes,Yes,No
CUST03783,57.0,Male,13,95.52,7486.45,Two Year,Credit Card,Fiber Optic,No,0,No,Yes,No
CUST03784,37.0,Female,1,101.33,7649.51,Month-to-Month,Mailed Check,No,No,0,No,Yes,No
CUST03785,66.0,Female,12,26.72,5701.74,Month-to-Month,Electronic Check,No,Yes,0,No,No,No
CUST03786,50.0,Male,12,47.43,3185.7,One Year,Bank Transfer,Fiber Optic,Yes,1,No,No,Yes
CUST03787,29.0,M,6,29.66,709.76,One Year,Credit Card,No,Yes,0,Yes,Yes,No
CUST03788,68.0,M,10,57.56,6782.46,Two Year,Electronic Check,DSL,No,1,Yes,No,No
CUST03789,32.0,Female,5,101.57,6544.21,One Year,Mailed Check,DSL,No,1,Yes,Yes,No
CUST03790,58.0,Female,9,93.6,8215.17,Month-to-Month,Credit Card,DSL,No,0,Yes,No,No
CUST03791,56.0,M,8,99.58,6580.18,Two Year,Credit Card,DSL,Yes,0,Yes,Yes,No
CUST03792,19.0,M,12,91.4,7461.68,One Year,Electronic Check,Fiber Optic,Yes,1,Yes,Yes,No
CUST03793,46.0,male,8,55.49,6718.67,Month-to-Month,Mailed Check,DSL,Yes,1,No,No,Yes
CUST03794,58.0,Female,1,51.79,5683.57,Month-to-Month,Electronic Check,DSL,No,1,No,Yes,No
CUST03795,27.0,Female,6,37.82,3854.16,Two Year,Mailed Check,DSL,No,0,Yes,Yes,No
CUST03796,19.0,Male,4,130.38,8121.01,Two Year,Electronic Check,DSL,No,1,Yes,No,No
CUST03797,68.0,male,12,100.14,5865.7,One Year,Electronic Check,Fiber Optic,Yes,0,Yes,No,No
CUST03798,-5.0,M,5,44.25,3597.23,One Year,Electronic Check,DSL,No,0,No,No,No
CUST03799,30.0,male,0,43.04,769.55,One Year,Electronic Check,No,No,0,No,No,Yes
CUST03800,27.0,M,6,133.49,2630.53,One Year,Mailed Check,No,No,0,No,Yes,Yes
CUST03801,31.0,M,5,116.56,4902.67,Two Year,Bank Transfer,Fiber Optic,Yes,1,No,Yes,No
CUST03802,35.0,male,3,105.72,2495.21,Month-to-Month,Electronic Check,Fiber Optic,Yes,1,No,Yes,No
CUST03803,68.0,Female,0,72.89,2006.69,Month-to-Month,Mailed Check,Fiber Optic,Yes,1,Yes,Yes,No
CUST03804,26.0,M,8,54.06,4755.99,One Year,Bank Transfer,DSL,No,1,No,Yes,No
CUST03805,56.0,male,3,147.33,1544.99,Two Year,Credit Card,Fiber Optic,No,1,Yes,No,No
CUST03806,45.0,Male,1,123.64,7207.68,One Year,Credit Card,DSL,Yes,1,No,No,Yes
CUST03807,20.0,male,7,59.23,4369.63 ,One Year,Electronic Check,Fiber Optic,No,1,Yes,Yes,No
CUST03808,37.0,Male,1,130.18,5173.29,Two Year,Credit Card,No,No,0,No,No,No
CUST03809,23.0,M,4,118.66,1343.5,Month-to-Month,Electronic Check,No,No,1,No,No,Yes
CUST03810,44.0,male,10,58.62,2934.7,Month-to-Month,Electronic Check,DSL,Yes,0,No,No,Yes
CUST03811,19.0,male,5,75.45,3702.61,One Year,Bank Transfer,Fiber Optic,Yes,0,No,No,Yes
CUST03812,46.0,Male,10,44.17,7277.75,Two Year,Credit Card,No,Yes,1,No,No,No
CUST03813,55.0,male,12,34.44,6936.03,Month-to-Month,Electronic Check,DSL,No,1,Yes,Yes,No
CUST03814,20.0,male,7,113.96,2022.34,Month-to-Month,Credit Card,No,Yes,1,No,No,No
CUST03815,33.0,M,10,54.78,5553.29,Two Year,Bank Transfer,Fiber Optic,Yes,1,No,Yes,No
CUST03816,47.0,male,0,126.61,2206.24,Two Year,Credit Card,DSL,Yes,0,No,Yes,Yes
CUST03817,57.0,Female,0,149.43,8894.46,Month-to-Month,Bank Transfer,No,Yes,0,No,Yes,No
CUST03818,19.0,Male,11,29.96,8570.07,One Year,Bank Transfer,Fiber Optic,Yes,0,No,Yes,No
CUST03819,34.0,male,3,81.49,5078.12,One Year,Bank Transfer,DSL,No,0,No,Yes,No
CUST03820,58.0,Male,4,124.27,6296.15,Month-to-Month,Electronic Check,No,No,1,No,No,No
CUST03821,29.0,Male,12,122.56,7216.84,One Year,Mailed Check,No,No,0,No,Yes,No
CUST03822,52.0,Male,14,118.8,6494.57,One Year,Electronic Check,DSL,No,0,No,Yes,Yes
CUST03823,60.0,male,12,65.37,6304.46,Two Year,Credit Card,Fiber Optic,No,1,Yes,Yes,No
CUST03824,18.0,male,8,79.0,8627.81,Two Year,Electronic Check,DSL,No,1,Yes,No,No
CUST03825,62.0,Male,10,97.35,5376.18,Two Year,Electronic Check,No,Yes,1,No,No,Yes
CUST03826,32.0,Female,13,146.61,5734.0,One Year,Mailed Check,No,No,0,No,No,Yes
CUST03827,43.0,Male,6,62.58,7646.43,Two Year,Credit Card,No,No,1,No,No,No
CUST03828,54.0,Female,6,140.01,6035.62,Two Year,Bank Transfer,Fiber Optic,No,1,No,Yes,Yes
CUST03829,38.0,Male,7,55.02,6601.73,Month-to-Month,Bank Transfer,No,No,0,No,Yes,No
CUST03830,66.0,M,14,148.58,2122.83,Two Year,Credit Card,No,No,1,Yes,Yes,Yes
CUST03831,48.0,Male,4,107.13,3353.98,Month-to-Month,Electronic Check,DSL,No,0,No,Yes,No
CUST03832,42.0,Male,4,80.26,1342.77,One Year,Mailed Check,No,No,1,Yes,Yes,Yes
CUST03833,40.0,male,0,99.74,4561.77,Two Year,Mailed Check,DSL,No,1,No,No,No
CUST03834,41.0,Female,13,55.43,4112.43,Month-to-Month,Credit Card,No,Yes,1,No,Yes,No
CUST03835,55.0,M,8,55.64,8974.52,Month-to-Month,Credit Card,DSL,No,1,No,No,Yes
CUST03836,45.0,Female,5,34.76,5508.65,Month-to-Month,Electronic Check,DSL,No,0,No,Yes,No
CUST03837,38.0,M,8,34.83,7082.27,One Year,Mailed Check,DSL,No,0,Yes,No,Yes
CUST03838,60.0,Male,2,65.2,3019.45,Two Year,Credit Card,DSL,No,0,Yes,No,No
CUST03839,35.0,male,4,119.17,7487.28,One Year,Electronic Check,Fiber Optic,No,1,Yes,No,No
CUST03840,53.0,male,1,99.04,5543.46,Month-to-Month,Electronic Check,No,Yes,0,Yes,Yes,Yes
CUST03841,52.0,Female,9,33.34,6278.99,One Year,Credit Card,Fiber Optic,Yes,0,Yes,No,No
CUST03842,62.0,male,4,130.79,2663.99,One Year,Mailed Check,No,Yes,1,No,Yes,Yes
CUST03843,26.0,Female,14,98.18,4946.77,Month-to-Month,Bank Transfer,DSL,Yes,0,No,Yes,No
CUST03844,55.0,Female,12,144.91,5713.65,Two Year,Electronic Check,No,Yes,0,Yes,No,No
CUST03845,47.0,M,12,107.12,5310.07,Two Year,Bank Transfer,DSL,No,0,No,No,No
CUST03846,61.0,Female,12,42.77,8238.44,One Year,Electronic Check,No,Yes,1,No,No,No
CUST03847,51.0,M,14,81.59,8086.49,Two Year,Mailed Check,DSL,Yes,0,No,No,No
CUST03848,49.0,male,13,104.3,8739.44,Month-to-Month,Bank Transfer,No,Yes,1,Yes,Yes,No
CUST03849,20.0,Female,7,23.67,6013.5,Two Year,Credit Card,No,Yes,1,Yes,Yes,No
CUST03850,20.0,Female,10,21.94,8747.79,One Year,Electronic Check,No,No,0,Yes,Yes,No
CUST03851,45.0,Male,1,36.82,7495.65,Month-to-Month,Credit Card,DSL,No,0,Yes,No,No
CUST03852,61.0,Female,7,52.72,2452.07,Month-to-Month,Credit Card,No,Yes,0,No,No,No
CUST03853,32.0,Female,3,75.84,3858.37,Month-to-Month,Mailed Check,DSL,No,1,No,No,No
CUST03854,58.0,Male,9,83.37,2160.76,One Year,Credit Card,Fiber Optic,No,0,No,No,Yes
CUST03855,40.0,Male,9,37.94,57.69,One Year,Electronic Check,No,No,1,No,Yes,Yes
CUST03856,57.0,male,14,107.54,1708.68,Two Year,Credit Card,DSL,No,0,No,Yes,No
CUST03857,28.0,Female,0,97.5,56.46,One Year,Credit Card,DSL,Yes,1,No,Yes,No
CUST03858,65.0,male,12,58.28,6484.15,Month-to-Month,Electronic Check,DSL,No,0,Yes,No,Yes
CUST03859,49.0,male,4,21.78,3841.3,One Year,Credit Card,Fiber Optic,No,1,No,No,No
CUST03860,53.0,Male,12,30.09,2826.92,One Year,Mailed Check,DSL,Yes,1,No,No,No
CUST03861,50.0,M,0,70.92,6860.25,Two Year,Electronic Check,Fiber Optic,Yes,1,No,No,No
CUST03862,41.0,male,6,40.02,7495.73,Month-to-Month,Mailed Check,Fiber Optic,No,0,No,No,No
CUST03863,56.0,M,7,68.99,8778.19,Two Year,Credit Card,DSL,Yes,1,No,Yes,No
CUST03864,51.0,Female,2,101.66,5785.28,Two Year,Bank Transfer,No,Yes,1,Yes,No,Yes
CUST03865,45.0,Male,2,91.14,4164.53,Two Year,Mailed Check,Fiber Optic,Yes,1,No,Yes,No
CUST03866,54.0,Female,6,50.05,2761.27,Month-to-Month,Mailed Check,DSL,Yes,0,No,No,No
CUST03867,24.0,Female,3,64.7,2016.42,Two Year,Credit Card,Fiber Optic,No,1,Yes,Yes,No
CUST03868,21.0,Male,2,99.82,1932.08,Month-to-Month,Bank Transfer,DSL,Yes,1,Yes,No,No
CUST03869,54.0,Female,14,131.91,3694.52,Two Year,Electronic Check,DSL,No,0,No,No,Yes
CUST03870,18.0,Male,7,117.92,8926.24,Two Year,Bank Transfer,Fiber Optic,Yes,1,No,Yes,No
CUST03871,18.0,M,2,91.94,27.67,Month-to-Month,Electronic Check,DSL,No,0,Yes,No,No
CUST03872,64.0,Female,12,67.1,1790.91,One Year,Credit Card,Fiber Optic,Yes,0,No,No,No
CUST03873,37.0,Male,13,67.46,,Two Year,Bank Transfer,DSL,Yes,0,Yes,No,Yes
CUST03874,36.0,male,6,134.32,6459.73,One Year,Credit Card,No,Yes,0,Yes,Yes,Yes
CUST03875,46.0,Female,1,25.1,3185.31,Two Year,Mailed Check,No,No,1,Yes,No,No
CUST03876,27.0,M,10,148.44,4126.2,One Year,Bank Transfer,Fiber Optic,No,0,No,No,No
CUST03877,35.0,Male,10,106.37,1354.64,One Year,Electronic Check,Fiber Optic,Yes,1,Yes,No,No
CUST03878,45.0,Female,0,108.55,3656.87,One Year,Mailed Check,Fiber Optic,Yes,0,Yes,No,No
CUST03879,52.0,Female,11,24.94,946.73,One Year,Electronic Check,Fiber Optic,Yes,1,No,No,No
CUST03880,60.0,Female,5,98.72,4806.73,One Year,Mailed Check,No,No,1,Yes,Yes,No
CUST03881,64.0,M,7,83.02,899.49,Month-to-Month,Electronic Check,Fiber Optic,No,1,Yes,Yes,No
CUST03882,48.0,Male,0,33.75,7118.77,One Year,Electronic Check,DSL,No,1,No,Yes,No
CUST03883,44.0,male,12,56.13,5108.08,Month-to-Month,Credit Card,DSL,No,1,No,Yes,No
CUST03884,28.0,male,9,135.74,6521.23,Two Year,Mailed Check,Fiber Optic,Yes,0,No,No,Yes
CUST03885,66.0,male,11,91.5,3778.28,Month-to-Month,Credit Card,DSL,No,1,No,No,No
CUST03886,66.0,Male,8,73.74,3445.79,One Year,Credit Card,Fiber Optic,No,1,No,Yes,No
CUST03887,55.0,male,14,29.45,901.92,Month-to-Month,Credit Card,DSL,Yes,1,No,Yes,Yes
CUST03888,22.0,M,2,112.84,4724.22,One Year,Credit Card,DSL,Yes,0,No,Yes,No
CUST03889,25.0,Male,2,111.37,4640.23,Month-to-Month,Electronic Check,Fiber Optic,No,0,No,Yes,No
CUST03890,51.0,Female,3,99.83,4223.56,Two Year,Credit Card,Fiber Optic,No,0,No,Yes,No
CUST03891,65.0,M,10,86.33,6669.85,One Year,Credit Card,No,Yes,0,No,No,Yes
CUST03892,69.0,Female,14,76.39,7495.89,One Year,Credit Card,Fiber Optic,No,0,No,Yes,No
CUST03893,,male,0,97.13,6762.09,Month-to-Month,Electronic Check,No,Yes,0,No,No,No
CUST03894,55.0,M,8,50.34,1311.91,Month-to-Month,Mailed Check,Fiber Optic,No,1,No,No,No
CUST03895,18.0,Male,10,142.36,5606.09,Month-to-Month,Electronic Check,DSL,No,0,No,Yes,No
CUST03896,48.0,M,2,96.54,741.3,Month-to-Month,Electronic Check,No,No,1,Yes,No,Yes
CUST03897,21.0,Female,12,60.46,6257.71,Month-to-Month,Electronic Check,DSL,Yes,1,No,No,No
CUST03898,66.0,Male,9,78.46,,One Year,Mailed Check,Fiber Optic,No,1,No,No,No
CUST03899,62.0,M,3,124.74,1209.84,Two Year,Credit Card,Fiber Optic,Yes,1,Yes,No,No
CUST03900,67.0,M,0,41.01,7761.22,Month-to-Month,Credit Card,Fiber Optic,Yes,1,Yes,Yes,Yes
CUST03901,22.0,M,3,58.07,5533.79,One Year,Mailed Check,Fiber Optic,No,1,Yes,No,No
CUST03902,47.0,M,12,108.34,3205.43,Two Year,Mailed Check,No,No,0,No,No,No
CUST03903,41.0,Male,0,61.01,295.93,Two Year,Bank Transfer,No,No,1,Yes,Yes,No
CUST03904,20.0,Female,4,123.03,4845.05,Month-to-Month,Credit Card,Fiber Optic,Yes,0,No,Yes,Yes
CUST03905,28.0,M,4,36.96,8310.57,One Year,Electronic Check,DSL,No,1,No,Yes,No
CUST03906,62.0,Male,13,119.15,5375.49,One Year,Electronic Check,No,Yes,1,Yes,No,No
CUST03907,21.0,Female,10,28.89,8745.42,One Year,Credit Card,DSL,Yes,1,Yes,Yes,Yes
CUST03908,43.0,M,6,21.64,1245.33,One Year,Mailed Check,Fiber Optic,No,1,Yes,No,No
CUST03909,44.0,Female,13,136.77,5123.38,One Year,Bank Transfer,No,No,0,No,Yes,No
CUST03910,63.0,Female,7,95.57,7187.16,Two Year,Electronic Check,No,No,0,Yes,No,No
CUST03911,60.0,Male,3,65.74,4739.36,Two Year,Bank Transfer,No,No,0,Yes,Yes,Yes
CUST03912,44.0,Female,6,50.24,837.78,Two Year,Electronic Check,DSL,Yes,0,Yes,Yes,No
CUST03913,59.0,Male,3,100.2,5254.32,One Year,Electronic Check,Fiber Optic,No,1,Yes,No,Yes
CUST03914,68.0,M,2,86.17,5513.41,Two Year,Credit Card,Fiber Optic,Yes,1,Yes,Yes,Yes
CUST03915,67.0,Female,14,148.91,,Two Year,Electronic Check,No,No,0,Yes,Yes,No
CUST03916,23.0,Female,5,147.82,6855.68,Month-to-Month,Bank Transfer,No,Yes,1,Yes,No,Yes
CUST03917,32.0,male,3,102.55,6941.54,Two Year,Bank Transfer,Fiber Optic,Yes,1,Yes,Yes,Yes
CUST03918,47.0,M,13,77.57,5977.73,Month-to-Month,Credit Card,DSL,Yes,0,No,Yes,No
CUST03919,59.0,M,2,83.85,1957.98,One Year,Electronic Check,No,Yes,0,Yes,No,No
CUST03920,54.0,male,14,108.72,3650.04,One Year,Bank Transfer,DSL,No,1,No,No,No
CUST03921,54.0,male,14,33.2,6989.65,One Year,Mailed Check,DSL,No,0,Yes,Yes,No
CUST03922,59.0,Male,8,62.69,8581.77,One Year,Credit Card,Fiber Optic,No,1,No,Yes,No
CUST03923,54.0,Male,4,29.79,728.94,Two Year,Mailed Check,Fiber Optic,No,1,No,No,No
CUST03924,52.0,Female,12,29.54,4829.12,Month-to-Month,Bank Transfer,DSL,Yes,1,No,No,Yes
CUST03925,40.0,Female,13,45.46,2826.45,One Year,Mailed Check,DSL,No,1,Yes,Yes,No
CUST03926,23.0,Female,6,83.08,2044.04,One Year,Credit Card,Fiber Optic,Yes,1,No,No,Yes
CUST03927,21.0,Female,11,122.02,4562.18,Month-to-Month,Mailed Check,No,Yes,1,No,Yes,No
CUST03928,35.0,Male,13,83.11,5462.68,Month-to-Month,Bank Transfer,DSL,Yes,1,Yes,Yes,No
CUST03929,26.0,M,5,63.61,107.75,Month-to-Month,Mailed Check,No,Yes,0,Yes,No,No
CUST03930,66.0,Female,9,30.71,7026.26,Month-to-Month,Mailed Check,DSL,Yes,0,No,No,No
CUST03931,46.0,M,14,91.54,7382.54,Month-to-Month,Mailed Check,Fiber Optic,Yes,0,Yes,No,No
CUST03932,30.0,Female,4,55.26,8690.29,Two Year,Electronic Check,No,Yes,0,Yes,No,No
CUST03933,64.0,male,6,99.94,1642.18,Month-to-Month,Bank Transfer,Fiber Optic,Yes,0,Yes,Yes,No
CUST03934,69.0,Female,10,147.03,5359.08,Two Year,Mailed Check,DSL,Yes,1,No,No,No
CUST03935,34.0,Female,5,34.47,3851.1,Month-to-Month,Bank Transfer,Fiber Optic,Yes,1,No,Yes,No
CUST03936,62.0,Female,9,47.58,3026.75,Month-to-Month,Mailed Check,No,Yes,0,Yes,Yes,No
CUST03937,49.0,Male,1,81.5,5099.39,One Year,Credit Card,Fiber Optic,No,1,No,Yes,No
CUST03938,65.0,male,12,145.92,7045.8,One Year,Credit Card,No,Yes,0,Yes,Yes,No
CUST03939,39.0,Female,12,120.34,227.01,One Year,Credit Card,Fiber Optic,No,1,Yes,Yes,Yes
CUST03940,21.0,Female,12,136.77,8725.21,One Year,Mailed Check,Fiber Optic,Yes,1,Yes,No,No
CUST03941,22.0,M,2,63.38,7292.74,One Year,Bank Transfer,No,Yes,1,Yes,No,No
CUST03942,54.0,male,1,148.97,6765.36,One Year,Credit Card,No,Yes,0,Yes,Yes,No
CUST03943,58.0,Female,11,33.37,6848.28,Month-to-Month,Electronic Check,No,Yes,1,No,No,No
CUST03944,66.0,M,2,26.89,3513.77,Month-to-Month,Credit Card,DSL,Yes,0,Yes,No,No
CUST03945,30.0,M,0,131.23,6769.55,One Year,Credit Card,Fiber Optic,No,1,No,Yes,No
CUST03946,51.0,Male,7,140.54,3493.2,One Year,Electronic Check,No,No,0,Yes,Yes,No
CUST03947,62.0,M,5,31.78,8090.39,One Year,Credit Card,DSL,Yes,0,Yes,No,No
CUST03948,39.0,Female,12,34.75,1611.46,Month-to-Month,Mailed Check,DSL,Yes,0,No,Yes,No
CUST03949,40.0,Male,1,24.31,2645.28,One Year,Mailed Check,No,Yes,1,No,No,No
CUST03950,68.0,Male,7,33.59,4971.01,One Year,Credit Card,No,No,1,No,No,No
CUST03951,20.0,Female,5,47.22,2886.52,Month-to-Month,Bank Transfer,No,No,1,No,Yes,No
CUST03952,59.0,male,6,146.11,3829.65,Month-to-Month,Bank Transfer,DSL,Yes,1,Yes,No,No
CUST03953,51.0,M,10,106.82,4441.96,Two Year,Credit Card,DSL,Yes,0,Yes,No,No
CUST03954,49.0,Male,0,121.21,7710.05,One Year,Electronic Check,Fiber Optic,Yes,1,No,Yes,Yes
CUST03955,62.0,male,6,120.9,4718.27,Month-to-Month,Mailed Check,DSL,No,0,No,Yes,Yes
CUST03956,68.0,Female,2,89.56,3274.89,Two Year,Mailed Check,No,Yes,0,No,No,No
CUST03957,66.0,M,10,123.67,2244.67,Month-to-Month,Mailed Check,Fiber Optic,Yes,1,No,Yes,No
CUST03958,38.0,M,11,97.45,3689.91,Two Year,Credit Card,Fiber Optic,Yes,0,No,No,No
CUST03959,63.0,Male,7,60.89,4651.31,Two Year,Mailed Check,Fiber Optic,No,1,No,Yes,No
CUST03960,61.0,M,5,92.94,,One Year,Credit Card,Fiber Optic,Yes,1,No,Yes,No
CUST03961,38.0,M,3,89.36,1107.02,One Year,Credit Card,No,Yes,1,No,No,Yes
CUST03962,61.0,M,10,127.05,2010.05,Two Year,Bank Transfer,Fiber Optic,Yes,0,Yes,No,Yes
CUST03963,28.0,M,7,147.62,3429.29,One Year,Electronic Check,No,No,1,Yes,No,Yes
CUST03964,56.0,Female,8,73.44,3256.38,Month-to-Month,Electronic Check,DSL,No,0,No,Yes,No
CUST03965,21.0,male,9,119.24,3537.9,Month-to-Month,Electronic Check,No,Yes,1,Yes,No,Yes
CUST03966,68.0,Female,1,32.97,7145.82,Two Year,Mailed Check,Fiber Optic,No,1,No,Yes,No
CUST03967,18.0,Female,14,120.99,2930.91,Two Year,Bank Transfer,DSL,Yes,1,Yes,Yes,No
CUST03968,45.0,Male,5,68.28,4527.05,Month-to-Month,Bank Transfer,DSL,No,0,No,No,No
CUST03969,41.0,M,4,25.12,5622.69,Month-to-Month,Credit Card,DSL,Yes,0,Yes,No,Yes
CUST03970,52.0,Female,4,67.22,2104.96,Two Year,Bank Transfer,Fiber Optic,Yes,0,No,Yes,No
CUST03971,30.0,M,9,99.38,6473.88,Month-to-Month,Credit Card,No,Yes,1,Yes,No,Yes
CUST03972,64.0,Female,10,35.5,4933.06,Month-to-Month,Bank Transfer,No,No,1,Yes,Yes,No
CUST03973,51.0,Female,2,140.12,4032.09,Two Year,Credit Card,Fiber Optic,No,0,No,Yes,No
CUST03974,28.0,Male,11,30.1,7291.86,One Year,Mailed Check,Fiber Optic,No,1,Yes,Yes,Yes
CUST03975,53.0,male,7,140.9,2206.59,Month-to-Month,Bank Transfer,DSL,Yes,1,Yes,No,No
CUST03976,68.0,male,13,111.93,7950.92,One Year,Electronic Check,No,No,1,Yes,Yes,Yes
CUST03977,34.0,Female,7,62.86,5058.22,One Year,Credit Card,Fiber Optic,Yes,1,Yes,Yes,No
CUST03978,52.0,Male,11,70.8,5490.39,Month-to-Month,Bank Transfer,Fiber Optic,No,0,No,No,No
CUST03979,35.0,M,4,116.31,7878.03,One Year,Bank Transfer,No,Yes,0,No,No,No
CUST03980,57.0,M,7,98.19,7361.89,Two Year,Credit Card,DSL,Yes,0,No,No,No
CUST03981,39.0,Female,9,107.31,5422.03,Month-to-Month,Bank Transfer,DSL,Yes,0,Yes,Yes,No
CUST03982,41.0,male,14,70.59,6783.63,Month-to-Month,Electronic Check,DSL,Yes,1,No,No,No
CUST03983,36.0,Male,7,83.42,3911.21,One Year,Credit Card,No,No,0,Yes,Yes,No
CUST03984,54.0,male,2,148.68,4935.45,Month-to-Month,Credit Card,Fiber Optic,Yes,0,Yes,Yes,Yes
CUST03985,56.0,M,1,47.81,577.39,Month-to-Month,Credit Card,Fiber Optic,No,1,Yes,Yes,No
CUST03986,38.0,male,8,709.4899579946967,826.92,One Year,Credit Card,Fiber Optic,Yes,0,No,No,No
CUST03987,25.0,M,1,57.94,7468.24,One Year,Credit Card,Fiber Optic,Yes,1,No,Yes,No
CUST03988,45.0,Male,8,119.46,555.85,Month-to-Month,Electronic Check,No,Yes,1,Yes,Yes,No
CUST03989,22.0,Male,3,119.32,1541.2,Month-to-Month,Credit Card,DSL,No,0,Yes,No,No
CUST03990,34.0,Female,11,58.02,7166.58,Two Year,Electronic Check,DSL,Yes,0,No,Yes,No
CUST03991,54.0,Female,12,30.58,30.29,Two Year,Electronic Check,DSL,Yes,0,Yes,No,Yes
CUST03992,53.0,male,1,21.49,2555.99,Month-to-Month,Electronic Check,DSL,Yes,1,Yes,No,No
CUST03993,36.0,Male,9,75.57,5264.67,Month-to-Month,Credit Card,Fiber Optic,Yes,1,No,No,No
CUST03994,44.0,Male,0,73.34,,Two Year,Electronic Check,Fiber Optic,No,0,No,No,Yes
CUST03995,51.0,Female,3,148.49,6998.83,One Year,Credit Card,No,Yes,1,Yes,Yes,No
CUST03996,28.0,M,8,81.07,4563.22,Month-to-Month,Electronic Check,DSL,Yes,0,No,Yes,No
CUST03997,62.0,male,11,53.33,4594.43,Two Year,Credit Card,Fiber Optic,Yes,1,Yes,Yes,No
CUST03998,64.0,male,8,135.86,6533.29,Two Year,Bank Transfer,Fiber Optic,No,0,Yes,Yes,No
CUST03999,29.0,Female,3,83.84,4497.65,Month-to-Month,Bank Transfer,Fiber Optic,No,1,No,No,Yes
CUST04000,38.0,Male,8,97.89,5484.25,Month-to-Month,Electronic Check,DSL,Yes,1,Yes,Yes,Yes
CUST04001,28.0,Female,14,32.44,8082.01,Two Year,Mailed Check,Fiber Optic,No,0,No,No,No
CUST04002,56.0,Female,11,69.78,3625.03,Month-to-Month,Mailed Check,DSL,Yes,1,No,Yes,No
CUST04003,45.0,Female,5,142.75,3478.42,One Year,Bank Transfer,DSL,No,0,No,Yes,Yes
CUST04004,22.0,Female,0,96.64,51.87,Month-to-Month,Electronic Check,No,Yes,1,Yes,No,No
CUST04005,34.0,M,9,64.79,5528.57,Two Year,Electronic Check,No,Yes,0,No,Yes,No
CUST04006,37.0,M,12,101.34,287.35,Two Year,Electronic Check,DSL,No,0,Yes,Yes,Yes
CUST04007,58.0,Male,13,138.35,4547.25,Month-to-Month,Mailed Check,DSL,Yes,0,Yes,No,No
CUST04008,63.0,Female,5,55.62,7242.02,Two Year,Bank Transfer,DSL,Yes,1,No,Yes,No
CUST04009,29.0,M,8,85.67,4958.29,One Year,Electronic Check,Fiber Optic,No,0,Yes,Yes,No
CUST04010,23.0,Male,12,144.63,2441.33,Month-to-Month,Bank Transfer,Fiber Optic,Yes,1,No,Yes,No
CUST04011,34.0,Female,1,42.41,7079.79,Month-to-Month,Bank Transfer,Fiber Optic,Yes,0,No,No,No
CUST04012,68.0,male,5,113.56,2442.06,Two Year,Credit Card,No,Yes,1,No,No,No
CUST04013,36.0,M,1,99.88,6602.63,One Year,Mailed Check,DSL,No,0,Yes,Yes,Yes
CUST04014,43.0,Male,3,108.36,5500.12,Month-to-Month,Bank Transfer,Fiber Optic,No,1,No,Yes,No
CUST04015,65.0,male,14,65.66,1546.57,Two Year,Credit Card,Fiber Optic,Yes,1,No,Yes,No
CUST04016,61.0,Female,7,60.8,8148.1,Month-to-Month,Mailed Check,No,No,1,No,No,Yes
CUST04017,61.0,Female,12,108.95,1821.78,One Year,Electronic Check,No,Yes,0,Yes,Yes,No
CUST04018,69.0,Female,6,48.02,8906.49,Two Year,Electronic Check,DSL,No,0,Yes,No,Yes
CUST04019,49.0,M,10,74.56,85.65,Month-to-Month,Credit Card,DSL,No,1,No,No,No
CUST04020,23.0,Male,11,44.46,2386.08,Two Year,Electronic Check,Fiber Optic,No,1,No,Yes,No
CUST04021,53.0,male,12,21.08,1814.75,Two Year,Credit Card,Fiber Optic,Yes,1,No,No,No
CUST04022,55.0,Male,8,146.11,145.66 ,One Year,Credit Card,Fiber Optic,No,0,Yes,No,No
CUST04023,28.0,M,6,76.12,6596.66,One Year,Electronic Check,Fiber Optic,Yes,0,Yes,No,Yes
CUST04024,50.0,Male,0,146.02,6246.96,Month-to-Month,Mailed Check,Fiber Optic,Yes,1,Yes,No,No
CUST04025,41.0,M,1,38.24,7135.31,Two Year,Credit Card,No,No,0,No,No,No
CUST04026,40.0,Female,5,96.36,2325.15,Two Year,Mailed Check,DSL,Yes,0,Yes,Yes,Yes
CUST04027,32.0,male,6,46.13,4010.13,Two Year,Mailed Check,No,No,0,No,No,No
CUST04028,44.0,Female,2,122.71,5938.84,Month-to-Month,Credit Card,DSL,Yes,0,Yes,No,No
CUST04029,28.0,Male,8,121.88,3969.12,One Year,Mailed Check,DSL,Yes,0,No,No,No
CUST04030,68.0,Female,12,34.64,6281.99,One Year,Credit Card,DSL,Yes,1,Yes,No,No
CUST04031,67.0,male,14,138.57,5713.08,Two Year,Electronic Check,No,No,1,Yes,No,No
CUST04032,34.0,Female,6,45.3,1049.54,Month-to-Month,Electronic Check,Fiber Optic,Yes,0,Yes,Yes,No
CUST04033,68.0,male,13,99.69,7033.77,Two Year,Electronic Check,DSL,No,1,Yes,Yes,No
CUST04034,31.0,male,5,749.0112029069421,6491.67,One Year,Electronic Check,DSL,Yes,0,No,No,No
CUST04035,44.0,Female,12,134.71,5909.39,Two Year,Electronic Check,No,Yes,1,No,Yes,No
CUST04036,35.0,M,5,144.35,1412.74,Two Year,Mailed Check,No,Yes,0,No,No,Yes
CUST04037,45.0,Male,0,64.54,2426.61,Two Year,Mailed Check,Fiber Optic,Yes,0,Yes,Yes,No
CUST04038,68.0,M,12,33.72,3550.73,One Year,Mailed Check,Fiber Optic,No,0,No,Yes,No
CUST04039,64.0,M,4,44.49,2533.77,Month-to-Month,Bank Transfer,DSL,Yes,1,Yes,No,No
CUST04040,64.0,Female,9,85.06,2065.74,Two Year,Bank Transfer,No,Yes,1,Yes,No,No
CUST04041,21.0,Male,2,123.12,7252.11,One Year,Credit Card,Fiber Optic,Yes,1,Yes,No,No
CUST04042,24.0,Male,6,39.52,5751.33,Two Year,Bank Transfer,Fiber Optic,Yes,0,No,No,No
CUST04043,62.0,M,9,105.77,5097.94,Month-to-Month,Electronic Check,Fiber Optic,No,0,Yes,Yes,No
CUST04044,52.0,Female,2,62.07,2049.06,Two Year,Electronic Check,No,Yes,1,Yes,No,Yes
CUST04045,65.0,Male,4,64.36,8264.33,Month-to-Month,Electronic Check,No,No,1,Yes,Yes,No
CUST04046,26.0,M,6,106.05,1736.82,One Year,Credit Card,No,Yes,0,Yes,No,No
CUST04047,25.0,Male,13,80.71,7158.66,Month-to-Month,Credit Card,No,No,0,No,No,No
CUST04048,69.0,Female,2,125.56,8700.72,Month-to-Month,Credit Card,No,No,0,No,Yes,No
CUST04049,62.0,Female,12,40.27,6549.29,One Year,Credit Card,DSL,Yes,1,No,No,No
CUST04050,34.0,Female,12,122.69,8935.87,Month-to-Month,Mailed Check,DSL,No,0,No,No,No
CUST04051,34.0,Male,9,573.4346460126801,5866.44,Month-to-Month,Credit Card,No,Yes,0,No,Yes,Yes
CUST04052,66.0,male,1,45.23,1972.79,One Year,Credit Card,DSL,Yes,0,Yes,Yes,No
CUST04053,50.0,Male,5,105.3,1850.3,Month-to-Month,Bank Transfer,No,No,0,No,No,Yes
CUST04054,49.0,male,7,131.14,2934.59,Month-to-Month,Mailed Check,DSL,Yes,1,No,Yes,No
CUST04055,25.0,Female,3,52.85,84.03,Two Year,Electronic Check,DSL,Yes,0,No,No,Yes
CUST04056,36.0,M,8,62.53,6141.65,Month-to-Month,Bank Transfer,Fiber Optic,No,1,No,Yes,No
CUST04057,,male,11,89.83,2432.64,Month-to-Month,Credit Card,No,Yes,0,No,No,Yes
CUST04058,20.0,Female,11,47.5,7340.35,Month-to-Month,Electronic Check,DSL,Yes,1,Yes,Yes,Yes
CUST04059,22.0,Female,14,125.45,3245.37,One Year,Electronic Check,DSL,No,1,No,Yes,No
CUST04060,30.0,male,7,120.57,4330.01 ,Month-to-Month,Electronic Check,Fiber Optic,No,1,Yes,Yes,Yes
CUST04061,64.0,M,6,38.89,8691.89,One Year,Bank Transfer,DSL,Yes,1,No,No,No
CUST04062,63.0,Female,13,80.3,2194.71,One Year,Mailed Check,Fiber Optic,Yes,0,Yes,No,No
CUST04063,48.0,male,6,120.73,6496.86,Month-to-Month,Mailed Check,DSL,No,1,Yes,No,No
CUST04064,33.0,M,2,63.85,,Month-to-Month,Electronic Check,Fiber Optic,Yes,1,No,Yes,No
CUST04065,67.0,M,13,102.3,2004.56,Month-to-Month,Credit Card,Fiber Optic,No,0,No,Yes,No
CUST04066,49.0,Female,5,26.53,4518.95,Month-to-Month,Mailed Check,No,Yes,1,No,Yes,No
CUST04067,39.0,Male,12,99.13,3164.81,Month-to-Month,Mailed Check,No,No,1,Yes,Yes,No
CUST04068,46.0,Male,12,39.84,6951.72,Month-to-Month,Credit Card,DSL,Yes,0,Yes,No,No
CUST04069,39.0,Female,4,127.98,5609.9,Month-to-Month,Bank Transfer,No,Yes,1,No,Yes,Yes
CUST04070,60.0,M,0,66.21,4294.33,One Year,Bank Transfer,No,No,0,Yes,Yes,Yes
CUST04071,20.0,Female,10,56.6,7018.68,Two Year,Credit Card,No,Yes,1,No,No,No
CUST04072,27.0,male,2,129.32,2131.7,One Year,Bank Transfer,DSL,No,1,Yes,No,Yes
CUST04073,59.0,Male,12,26.52,6787.52,Month-to-Month,Electronic Check,DSL,No,1,No,Yes,No
CUST04074,,male,11,71.56,7791.06,Two Year,Mailed Check,No,No,0,Yes,Yes,No
CUST04075,33.0,Female,0,68.1,7910.02,Two Year,Bank Transfer,No,Yes,1,No,Yes,No
CUST04076,29.0,Female,3,57.02,7057.39,Month-to-Month,Electronic Check,DSL,Yes,0,Yes,No,No
CUST04077,19.0,M,9,138.53,3683.97,Month-to-Month,Electronic Check,No,No,1,Yes,Yes,No
CUST04078,58.0,M,2,117.62,8836.64,One Year,Electronic Check,Fiber Optic,No,1,No,Yes,Yes
CUST04079,41.0,M,10,28.31,3428.75,Two Year,Electronic Check,DSL,No,1,Yes,Yes,No
CUST04080,52.0,male,3,112.91,5754.86,Two Year,Electronic Check,DSL,Yes,1,Yes,No,No
CUST04081,47.0,M,8,88.55,1466.45,Month-to-Month,Credit Card,Fiber Optic,No,0,No,Yes,Yes
CUST04082,47.0,Female,2,137.11,8824.43,Month-to-Month,Mailed Check,No,No,0,No,No,No
CUST04083,64.0,M,11,60.68,6341.79,Two Year,Mailed Check,Fiber Optic,Yes,0,No,No,No
CUST04084,52.0,Male,5,94.64,6785.33,Two Year,Credit Card,No,No,1,Yes,No,No
CUST04085,36.0,M,5,85.1,610.67,Month-to-Month,Credit Card,No,Yes,0,Yes,No,No
CUST04086,67.0,male,6,83.64,6875.49,Month-to-Month,Electronic Check,DSL,No,0,No,No,Yes
CUST04087,25.0,Male,8,79.29,6977.02,Month-to-Month,Bank Transfer,DSL,No,1,Yes,Yes,No
CUST04088,43.0,Male,11,46.73,6052.52,One Year,Mailed Check,No,No,0,Yes,Yes,No
CUST04089,66.0,Male,6,118.24,2641.35,One Year,Bank Transfer,Fiber Optic,Yes,1,Yes,No,Yes
CUST04090,57.0,male,13,78.67,4417.42,Month-to-Month,Mailed Check,DSL,Yes,1,No,No,No
CUST04091,24.0,Female,0,144.61,1011.7,One Year,Electronic Check,No,Yes,0,No,Yes,No
CUST04092,47.0,M,14,53.91,4254.85,Two Year,Bank Transfer,DSL,No,0,No,No,No
CUST04093,24.0,Male,7,108.76,,Two Year,Mailed Check,DSL,No,1,No,Yes,Yes
CUST04094,20.0,Male,4,142.29,3154.89,Month-to-Month,Mailed Check,DSL,No,1,Yes,Yes,No
CUST04095,18.0,Male,8,106.25,1480.15,Two Year,Electronic Check,Fiber Optic,No,1,No,No,No
CUST04096,53.0,Female,9,133.27,2085.89,Two Year,Bank Transfer,Fiber Optic,Yes,1,No,Yes,Yes
CUST04097,42.0,Female,12,127.57,707.59,Two Year,Electronic Check,No,No,0,Yes,Yes,No
CUST04098,54.0,male,14,66.82,8280.71,Two Year,Bank Transfer,Fiber Optic,No,1,No,Yes,No
CUST04099,18.0,Female,11,98.02,4783.09,Two Year,Bank Transfer,No,Yes,0,Yes,No,Yes
CUST04100,32.0,M,4,40.31,3582.74,One Year,Mailed Check,No,No,1,Yes,Yes,No
CUST04101,54.0,male,4,89.62,4824.56,One Year,Credit Card,DSL,Yes,0,Yes,Yes,Yes
CUST04102,30.0,male,14,49.95,5662.07,Month-to-Month,Bank Transfer,DSL,No,1,Yes,Yes,No
CUST04103,57.0,M,11,116.69,8298.47,Two Year,Bank Transfer,Fiber Optic,Yes,1,Yes,No,No
CUST04104,25.0,M,11,88.65,1624.66,One Year,Electronic Check,No,No,0,No,No,Yes
CUST04105,22.0,M,13,73.46,2674.06,One Year,Bank Transfer,No,Yes,1,Yes,No,No
CUST04106,26.0,male,1,54.94,8782.59,One Year,Bank Transfer,DSL,Yes,0,No,No,No
CUST04107,18.0,male,11,149.83,3353.31,Two Year,Bank Transfer,DSL,No,1,No,Yes,No
CUST04108,53.0,male,10,29.32,222.6,One Year,Bank Transfer,DSL,No,1,Yes,Yes,No
CUST04109,52.0,M,2,25.66,1345.84,Month-to-Month,Bank Transfer,Fiber Optic,Yes,1,Yes,Yes,Yes
CUST04110,19.0,M,9,48.24,256.52,Month-to-Month,Credit Card,No,Yes,0,No,Yes,Yes
CUST04111,57.0,Male,8,146.24,8909.51,Two Year,Mailed Check,No,No,1,Yes,No,Yes
CUST04112,40.0,Female,6,147.3,2524.26,Month-to-Month,Bank Transfer,No,Yes,0,No,No,No
CUST04113,26.0,Male,0,105.14,8313.41,One Year,Electronic Check,DSL,No,1,Yes,No,No
CUST04114,51.0,M,2,134.41,8963.06,Two Year,Electronic Check,Fiber Optic,No,0,Yes,Yes,No
CUST04115,63.0,male,11,47.82,5406.57,Month-to-Month,Bank Transfer,Fiber Optic,No,0,Yes,No,No
CUST04116,31.0,M,1,146.37,318.1,Two Year,Bank Transfer,DSL,No,1,No,No,No
CUST04117,21.0,Female,0,38.56,752.69,One Year,Bank Transfer,Fiber Optic,No,1,Yes,Yes,Yes
CUST04118,47.0,Male,8,33.15,4344.67,Month-to-Month,Credit Card,Fiber Optic,No,1,Yes,Yes,No
CUST04119,48.0,Male,7,34.59,3667.42,One Year,Mailed Check,No,Yes,1,No,Yes,Yes
CUST04120,55.0,male,14,94.51,5463.47,Month-to-Month,Electronic Check,DSL,No,0,No,No,Yes
CUST04121,28.0,Male,4,121.53,3960.85,Two Year,Credit Card,DSL,Yes,0,No,Yes,No
CUST04122,52.0,Male,10,67.67,8408.01,Month-to-Month,Credit Card,DSL,No,1,Yes,No,No
CUST04123,25.0,M,11,147.13,4821.96,Month-to-Month,Bank Transfer,DSL,No,0,No,No,No
CUST04124,20.0,Male,1,76.47,6249.66,Month-to-Month,Mailed Check,No,No,1,No,Yes,Yes
CUST04125,31.0,Male,0,39.56,8070.44,Two Year,Bank Transfer,Fiber Optic,Yes,1,No,No,No
CUST04126,30.0,Male,6,80.58,1338.91,Month-to-Month,Electronic Check,Fiber Optic,No,1,Yes,No,Yes
CUST04127,62.0,male,12,108.27,2083.02,One Year,Mailed Check,No,No,1,Yes,Yes,No
CUST04128,49.0,male,10,128.19,983.72,Two Year,Bank Transfer,Fiber Optic,No,1,Yes,No,No
CUST04129,51.0,M,10,79.64,1273.95,Two Year,Electronic Check,DSL,No,0,No,No,Yes
CUST04130,62.0,Male,14,97.17,4623.0,One Year,Credit Card,No,Yes,1,Yes,No,No
CUST04131,36.0,male,1,54.75,2904.19,Two Year,Electronic Check,No,Yes,0,Yes,Yes,Yes
CUST04132,55.0,male,0,103.97,3820.09,Month-to-Month,Electronic Check,DSL,No,1,No,No,No
CUST04133,33.0,M,1,148.18,8842.76,Two Year,Electronic Check,DSL,No,1,Yes,Yes,Yes
CUST04134,19.0,Female,6,26.38,1427.21,One Year,Mailed Check,DSL,Yes,1,Yes,Yes,No
CUST04135,57.0,Male,6,135.25,4876.49 ,Two Year,Credit Card,Fiber Optic,No,1,No,No,Yes
CUST04136,34.0,male,9,93.1,907.86,One Year,Mailed Check,DSL,Yes,0,No,Yes,No
CUST04137,51.0,M,5,52.77,2880.1,Two Year,Credit Card,No,Yes,0,No,No,No
CUST04138,59.0,M,4,144.14,4757.18,One Year,Bank Transfer,Fiber Optic,Yes,1,No,Yes,No
CUST04139,33.0,M,2,82.84,8520.75,Two Year,Bank Transfer,Fiber Optic,Yes,1,No,Yes,No
CUST04140,55.0,male,13,63.12,3533.23,Month-to-Month,Electronic Check,No,Yes,1,No,No,No
CUST04141,19.0,Male,11,43.59,602.86,One Year,Electronic Check,Fiber Optic,Yes,1,No,Yes,Yes
CUST04142,19.0,Female,2,51.78,3505.69,One Year,Mailed Check,DSL,Yes,0,No,No,Yes
CUST04143,43.0,Male,10,128.27,1328.76,Two Year,Credit Card,DSL,No,0,Yes,No,No
CUST04144,30.0,M,12,99.87,2085.31,Two Year,Credit Card,DSL,Yes,1,Yes,No,Yes
CUST04145,64.0,M,11,138.72,5570.45,Two Year,Credit Card,DSL,No,0,Yes,No,No
CUST04146,48.0,Female,8,50.16,625.47,Month-to-Month,Electronic Check,Fiber Optic,No,0,Yes,No,No
CUST04147,51.0,Male,3,35.75,4193.22,Two Year,Electronic Check,No,No,1,Yes,Yes,No
CUST04148,56.0,M,8,20.79,5492.97,One Year,Credit Card,Fiber Optic,Yes,0,No,No,No
CUST04149,20.0,M,3,86.02,,Two Year,Electronic Check,No,Yes,1,No,No,Yes
CUST04150,25.0,Male,1,149.78,191.75,Month-to-Month,Credit Card,No,Yes,0,No,No,Yes
CUST04151,40.0,M,14,110.35,8869.96,Two Year,Mailed Check,DSL,No,0,Yes,No,No
CUST04152,31.0,Male,3,60.09,3316.7,Two Year,Bank Transfer,Fiber Optic,No,1,Yes,Yes,No
CUST04153,44.0,M,5,133.99,7011.62,One Year,Credit Card,DSL,No,0,No,Yes,No
CUST04154,46.0,Male,5,121.62,2944.31,Two Year,Electronic Check,Fiber Optic,No,0,No,Yes,Yes
CUST04155,56.0,Female,4,22.0,4285.65,Month-to-Month,Mailed Check,Fiber Optic,Yes,0,Yes,Yes,Yes
CUST04156,56.0,M,14,126.19,3508.4,Two Year,Electronic Check,DSL,No,0,Yes,No,No
CUST04157,,Female,14,59.07,3096.0,Two Year,Electronic Check,Fiber Optic,Yes,0,No,No,Yes
CUST04158,34.0,M,0,39.46,216.23,One Year,Electronic Check,DSL,No,1,Yes,No,No
CUST04159,58.0,M,2,49.42,3252.99,Two Year,Credit Card,No,Yes,1,Yes,No,Yes
CUST04160,47.0,male,4,80.92,8007.62,One Year,Mailed Check,DSL,No,0,No,No,Yes
CUST04161,30.0,Male,5,75.23,6219.73,One Year,Credit Card,Fiber Optic,Yes,1,No,No,No
CUST04162,38.0,Female,13,57.56,1325.9,Two Year,Bank Transfer,Fiber Optic,No,0,Yes,No,Yes
CUST04163,36.0,Female,0,42.39,5328.57,One Year,Credit Card,No,Yes,0,No,No,No
CUST04164,36.0,Female,13,119.09,8032.23,One Year,Bank Transfer,No,Yes,1,No,No,No
CUST04165,42.0,Male,13,148.71,6306.31,Two Year,Mailed Check,No,Yes,0,Yes,No,No
CUST04166,39.0,male,8,121.11,1355.19,Two Year,Mailed Check,DSL,No,1,Yes,Yes,No
CUST04167,48.0,Female,13,58.47,7813.14,Month-to-Month,Credit Card,DSL,Yes,0,No,Yes,No
CUST04168,34.0,Male,2,51.83,2727.87,Month-to-Month,Credit Card,Fiber Optic,Yes,0,Yes,No,Yes
CUST04169,40.0,M,9,48.3,4097.6 ,One Year,Electronic Check,No,Yes,1,No,No,Yes
CUST04170,49.0,Female,12,37.77,4744.76,One Year,Bank Transfer,No,Yes,0,No,Yes,No
CUST04171,27.0,Female,2,91.67,7657.55,Two Year,Electronic Check,DSL,Yes,1,Yes,No,No
CUST04172,27.0,male,10,98.7,8385.84,Month-to-Month,Electronic Check,Fiber Optic,No,1,No,No,No
CUST04173,53.0,Female,1,111.72,8368.28,Month-to-Month,Mailed Check,No,Yes,0,Yes,No,Yes
CUST04174,25.0,Female,7,108.43,91.43,Two Year,Credit Card,DSL,No,0,Yes,No,No
CUST04175,69.0,M,14,58.0,8298.56,Two Year,Mailed Check,DSL,Yes,1,Yes,No,Yes
CUST04176,37.0,Male,12,62.94,508.39,Two Year,Credit Card,No,No,0,Yes,Yes,Yes
CUST04177,49.0,Male,2,108.6,2406.65,Two Year,Mailed Check,No,No,0,No,No,No
CUST04178,67.0,male,5,65.43,4644.59,Month-to-Month,Mailed Check,Fiber Optic,No,1,No,Yes,No
CUST04179,31.0,M,1,47.64,4329.73,Two Year,Mailed Check,No,No,0,No,No,No
CUST04180,67.0,Male,6,68.66,5450.29,Two Year,Bank Transfer,DSL,No,0,Yes,No,Yes
CUST04181,45.0,M,12,55.37,4325.43,Month-to-Month,Mailed Check,No,No,1,No,No,No
CUST04182,63.0,Male,3,31.48,8410.69 ,Two Year,Bank Transfer,No,Yes,0,No,Yes,No
CUST04183,69.0,M,8,127.92,2180.13,Month-to-Month,Mailed Check,Fiber Optic,Yes,0,Yes,Yes,No
CUST04184,41.0,male,13,130.9,2480.74,Month-to-Month,Credit Card,DSL,Yes,0,Yes,No,Yes
CUST04185,32.0,Female,9,48.57,8288.23,Two Year,Bank Transfer,No,Yes,0,No,Yes,No
CUST04186,39.0,male,8,28.42,709.12,Two Year,Credit Card,DSL,No,0,No,Yes,No
CUST04187,,Male,6,116.05,5493.86,One Year,Credit Card,Fiber Optic,No,0,Yes,Yes,No
CUST04188,21.0,male,14,539.9596418337408,6141.99,One Year,Credit Card,DSL,No,1,Yes,No,Yes
CUST04189,30.0,Female,11,71.15,4559.76,Month-to-Month,Bank Transfer,No,Yes,0,Yes,Yes,Yes
CUST04190,40.0,male,7,28.34,6254.2,Month-to-Month,Electronic Check,No,Yes,0,No,Yes,No
CUST04191,25.0,Male,2,49.42,1571.34,One Year,Bank Transfer,Fiber Optic,No,0,No,Yes,No
CUST04192,35.0,Male,10,123.08,7676.64,Month-to-Month,Electronic Check,Fiber Optic,Yes,1,Yes,No,Yes
CUST04193,29.0,male,4,124.57,1277.43,One Year,Bank Transfer,Fiber Optic,No,0,Yes,Yes,No
CUST04194,48.0,Female,1,46.92,,Two Year,Mailed Check,DSL,No,1,No,Yes,No
CUST04195,31.0,male,9,63.67,695.81,Two Year,Electronic Check,DSL,Yes,1,Yes,No,No
CUST04196,51.0,Female,6,37.45,4916.0,Two Year,Mailed Check,DSL,No,1,Yes,No,No
CUST04197,35.0,M,12,29.64,6034.32,Month-to-Month,Electronic Check,DSL,Yes,1,Yes,No,No
CUST04198,51.0,Female,7,148.98,8472.17,Two Year,Bank Transfer,Fiber Optic,Yes,1,No,Yes,No
CUST04199,28.0,M,8,105.23,6659.24,Month-to-Month,Bank Transfer,DSL,Yes,0,No,No,No
CUST04200,58.0,male,10,90.47,4879.1,Two Year,Electronic Check,DSL,Yes,0,Yes,No,No
CUST04201,29.0,Female,10,119.51,8394.9,Month-to-Month,Mailed Check,DSL,No,0,No,Yes,No
CUST04202,66.0,M,6,129.21,4316.36,Month-to-Month,Credit Card,DSL,No,0,Yes,No,No
CUST04203,32.0,M,9,124.87,5059.63,One Year,Electronic Check,Fiber Optic,No,1,No,Yes,No
CUST04204,48.0,M,14,22.15,5372.96,One Year,Electronic Check,Fiber Optic,No,1,No,No,Yes
CUST04205,66.0,Male,9,44.29,3701.62,One Year,Mailed Check,No,Yes,1,Yes,No,No
CUST04206,46.0,male,12,105.14,7549.57,Month-to-Month,Credit Card,No,Yes,1,Yes,Yes,No
CUST04207,43.0,M,7,68.85,1682.88,One Year,Electronic Check,DSL,No,1,No,Yes,Yes
CUST04208,35.0,Female,11,147.72,5002.48,One Year,Credit Card,DSL,Yes,1,No,Yes,No
CUST04209,49.0,M,8,106.5,6505.65,One Year,Credit Card,Fiber Optic,Yes,0,Yes,Yes,Yes
CUST04210,39.0,Male,5,144.35,8137.71,Month-to-Month,Bank Transfer,No,No,0,Yes,No,No
CUST04211,55.0,male,11,46.19,7957.59,Month-to-Month,Mailed Check,DSL,No,0,Yes,No,No
CUST04212,34.0,Male,11,132.31,4588.49,One Year,Electronic Check,No,Yes,0,Yes,Yes,No
CUST04213,40.0,Male,9,61.78,5795.59,One Year,Electronic Check,No,No,1,Yes,No,Yes
CUST04214,41.0,Male,1,148.64,3560.25,Month-to-Month,Credit Card,No,Yes,1,No,Yes,No
CUST04215,67.0,Female,1,40.5,4224.24,Month-to-Month,Electronic Check,Fiber Optic,Yes,1,Yes,No,No
CUST04216,25.0,male,3,87.12,8158.27,One Year,Credit Card,DSL,No,0,Yes,Yes,No
CUST04217,58.0,male,14,123.07,8377.72,One Year,Electronic Check,DSL,No,0,Yes,Yes,Yes
CUST04218,23.0,Female,8,76.24,8060.82,One Year,Mailed Check,Fiber Optic,No,0,No,Yes,No
CUST04219,22.0,male,6,80.85,1262.57,Month-to-Month,Electronic Check,Fiber Optic,Yes,0,No,Yes,Yes
CUST04220,61.0,Male,1,148.23,7653.75,One Year,Credit Card,Fiber Optic,No,0,No,No,No
CUST04221,46.0,male,7,75.29,8536.31,Month-to-Month,Credit Card,No,No,0,Yes,Yes,No
CUST04222,45.0,Female,10,98.53,3264.02,Two Year,Electronic Check,No,No,1,Yes,Yes,No
CUST04223,28.0,Male,6,27.09,4677.44,One Year,Electronic Check,DSL,No,0,No,No,No
CUST04224,18.0,Female,8,129.49,7016.28,Two Year,Credit Card,DSL,Yes,0,No,No,No
CUST04225,60.0,M,7,104.26,5067.46,Month-to-Month,Bank Transfer,No,No,0,Yes,Yes,No
CUST04226,36.0,Male,2,72.52,,Two Year,Bank Transfer,No,Yes,1,No,No,No
CUST04227,26.0,Male,0,22.1,4112.31,One Year,Electronic Check,Fiber Optic,No,0,No,No,Yes
CUST04228,44.0,male,1,96.92,6431.21,Two Year,Mailed Check,No,No,0,Yes,Yes,No
CUST04229,51.0,Male,14,21.65,7137.47,Two Year,Electronic Check,DSL,No,1,No,Yes,No
CUST04230,61.0,Female,13,20.16,4457.02,Two Year,Mailed Check,DSL,Yes,0,Yes,Yes,No
CUST04231,21.0,male,12,100.09,7715.71,Month-to-Month,Electronic Check,Fiber Optic,No,0,No,No,Yes
CUST04232,53.0,M,1,44.57,4924.47,One Year,Credit Card,Fiber Optic,No,1,No,No,Yes
CUST04233,35.0,Female,3,44.95,3716.62,Month-to-Month,Electronic Check,DSL,No,1,Yes,No,No
CUST04234,32.0,M,5,104.93,988.26,Two Year,Mailed Check,No,Yes,0,No,Yes,No
CUST04235,68.0,M,3,26.98,3552.85,Two Year,Mailed Check,No,No,1,Yes,Yes,No
CUST04236,30.0,M,8,60.74,6610.75,Month-to-Month,Electronic Check,DSL,No,1,No,No,No
CUST04237,36.0,Male,3,39.43,8293.15,Month-to-Month,Electronic Check,No,Yes,0,No,Yes,No
CUST04238,66.0,Female,5,95.42,2280.08,Two Year,Bank Transfer,No,Yes,1,Yes,No,No
CUST04239,23.0,Female,5,106.03,3210.01,One Year,Electronic Check,DSL,Yes,1,Yes,No,No
CUST04240,65.0,Male,9,113.75,1402.57,Month-to-Month,Electronic Check,DSL,Yes,0,No,Yes,No
CUST04241,29.0,male,10,53.18,6222.69,Two Year,Credit Card,Fiber Optic,No,1,Yes,Yes,Yes
CUST04242,68.0,M,9,31.6,8642.49,Two Year,Mailed Check,DSL,No,0,Yes,No,No
CUST04243,54.0,Female,0,30.23,,One Year,Bank Transfer,Fiber Optic,Yes,1,Yes,Yes,No
CUST04244,34.0,Male,7,75.4,5561.35,Two Year,Credit Card,Fiber Optic,Yes,1,Yes,Yes,No
CUST04245,40.0,M,11,142.96,4990.34,Month-to-Month,Electronic Check,No,Yes,0,No,Yes,Yes
CUST04246,43.0,male,2,48.3,814.33,Two Year,Mailed Check,DSL,Yes,1,No,Yes,No
CUST04247,46.0,male,14,53.38,6570.94,Two Year,Electronic Check,No,No,1,Yes,Yes,No
CUST04248,50.0,M,12,33.12,5426.4,Two Year,Electronic Check,DSL,Yes,1,No,Yes,No
CUST04249,44.0,male,5,98.72,5960.06,Two Year,Electronic Check,DSL,Yes,1,No,No,No
CUST04250,42.0,Female,2,108.38,8091.32,One Year,Electronic Check,No,No,1,No,Yes,Yes
CUST04251,27.0,Female,14,103.58,7059.97,Month-to-Month,Mailed Check,Fiber Optic,No,0,No,No,No
CUST04252,64.0,Female,10,131.95,7032.62,Two Year,Credit Card,DSL,Yes,1,No,No,No
CUST04253,40.0,male,1,83.24,8346.11,Month-to-Month,Electronic Check,Fiber Optic,Yes,0,No,No,Yes
CUST04254,38.0,Female,14,37.48,8909.62,One Year,Electronic Check,No,Yes,1,Yes,Yes,No
CUST04255,38.0,Male,4,57.62,5239.92,Month-to-Month,Bank Transfer,No,No,1,No,No,No
CUST04256,60.0,Female,13,106.12,997.76,One Year,Bank Transfer,DSL,No,0,No,Yes,No
CUST04257,30.0,Female,0,99.71,4142.99,Month-to-Month,Mailed Check,No,No,1,Yes,No,Yes
CUST04258,54.0,male,8,89.03,7092.66,Month-to-Month,Electronic Check,DSL,Yes,1,Yes,No,No
CUST04259,50.0,Female,10,108.79,268.97,Two Year,Electronic Check,DSL,Yes,1,No,No,No
CUST04260,41.0,M,6,102.86,530.85 ,Month-to-Month,Electronic Check,DSL,No,1,No,Yes,No
CUST04261,61.0,Male,2,134.57,623.08,Two Year,Mailed Check,DSL,No,0,No,No,No
CUST04262,28.0,male,3,96.18,6584.7,Two Year,Mailed Check,DSL,No,0,No,No,Yes
CUST04263,34.0,Male,12,121.22,4520.48,Month-to-Month,Electronic Check,No,Yes,1,Yes,Yes,No
CUST04264,21.0,M,5,52.33,3332.7,Two Year,Electronic Check,DSL,No,0,Yes,No,No
CUST04265,64.0,male,2,108.16,968.44,Month-to-Month,Mailed Check,Fiber Optic,No,0,Yes,No,No
CUST04266,42.0,male,11,137.29,6595.52,Two Year,Electronic Check,DSL,No,1,Yes,No,No
CUST04267,47.0,Female,6,70.15,2902.76,Two Year,Credit Card,DSL,Yes,1,Yes,No,No
CUST04268,26.0,Male,12,121.28,,One Year,Credit Card,DSL,No,0,Yes,No,Yes
CUST04269,38.0,M,5,114.22,5877.83,One Year,Mailed Check,No,Yes,0,No,No,No
CUST04270,37.0,M,8,27.74,5039.92,Month-to-Month,Credit Card,Fiber Optic,Yes,0,No,Yes,No
CUST04271,36.0,male,11,95.6,3274.45,Two Year,Bank Transfer,Fiber Optic,Yes,0,No,No,No
CUST04272,36.0,Female,14,36.92,5780.56,One Year,Electronic Check,Fiber Optic,No,0,Yes,Yes,No
CUST04273,29.0,male,4,145.75,2455.57,One Year,Bank Transfer,No,Yes,0,No,Yes,No
CUST04274,54.0,male,3,125.48,7157.58,One Year,Bank Transfer,No,No,1,Yes,Yes,Yes
CUST04275,59.0,male,2,34.26,2079.28,Two Year,Bank Transfer,DSL,Yes,1,Yes,Yes,No
CUST04276,34.0,male,9,35.83,1446.36,Month-to-Month,Credit Card,No,Yes,0,No,No,No
CUST04277,54.0,M,0,97.28,7046.31,Two Year,Electronic Check,Fiber Optic,Yes,1,No,No,No
CUST04278,65.0,M,2,64.84,6376.87,Two Year,Electronic Check,Fiber Optic,No,1,No,Yes,No
CUST04279,56.0,male,2,24.54,1660.1,One Year,Mailed Check,No,No,0,No,Yes,Yes
CUST04280,45.0,male,6,90.41,1063.89,Two Year,Bank Transfer,No,No,0,Yes,No,No
CUST04281,58.0,Female,6,70.42,7548.82,Two Year,Credit Card,Fiber Optic,No,0,No,No,Yes
CUST04282,52.0,male,12,33.14,6993.85,One Year,Bank Transfer,Fiber Optic,Yes,1,Yes,No,No
CUST04283,64.0,M,14,124.25,2958.77,One Year,Bank Transfer,Fiber Optic,Yes,0,Yes,Yes,No
CUST04284,65.0,Male,11,138.96,5930.61,Two Year,Electronic Check,Fiber Optic,Yes,1,No,Yes,No
CUST04285,35.0,M,0,118.36,1134.96,One Year,Mailed Check,Fiber Optic,Yes,1,Yes,Yes,No
CUST04286,31.0,Female,2,126.91,4573.29,Month-to-Month,Credit Card,No,Yes,0,No,No,No
CUST04287,52.0,M,12,48.14,188.2,Month-to-Month,Electronic Check,No,No,1,Yes,Yes,No
CUST04288,61.0,Male,7,54.26,3536.58,Month-to-Month,Bank Transfer,DSL,Yes,0,Yes,Yes,No
CUST04289,58.0,male,8,47.11,692.09,Month-to-Month,Electronic Check,DSL,No,0,Yes,No,No
CUST04290,24.0,Male,6,119.46,4286.82,Month-to-Month,Bank Transfer,DSL,No,1,No,No,Yes
CUST04291,58.0,male,6,143.23,3806.7,One Year,Credit Card,No,No,0,No,No,Yes
CUST04292,30.0,male,11,113.19,4010.58,One Year,Electronic Check,DSL,Yes,0,No,No,No
CUST04293,35.0,M,14,134.59,427.08,Month-to-Month,Electronic Check,DSL,No,0,No,No,No
CUST04294,54.0,M,10,103.03,3267.31,Month-to-Month,Electronic Check,No,No,0,Yes,Yes,Yes
CUST04295,30.0,M,7,70.4,,Month-to-Month,Electronic Check,Fiber Optic,No,0,No,Yes,Yes
CUST04296,53.0,Female,5,75.35,3332.85,One Year,Electronic Check,No,No,0,Yes,No,Yes
CUST04297,48.0,M,10,29.79,6442.24,One Year,Credit Card,No,Yes,1,No,Yes,No
CUST04298,19.0,Female,2,24.09,3337.92,Two Year,Mailed Check,Fiber Optic,Yes,0,Yes,No,No
CUST04299,33.0,M,14,110.41,3820.69,Two Year,Credit Card,DSL,Yes,1,Yes,Yes,No
CUST04300,26.0,male,0,77.0,5083.75 ,Two Year,Electronic Check,No,No,0,Yes,No,No
CUST04301,26.0,Female,6,91.79,8557.12,Two Year,Bank Transfer,No,No,0,Yes,No,No
CUST04302,55.0,Male,0,92.5,997.57,One Year,Bank Transfer,Fiber Optic,Yes,1,Yes,Yes,No
CUST04303,28.0,Female,0,56.06,315.57,One Year,Electronic Check,No,Yes,1,Yes,No,No
CUST04304,39.0,Female,8,81.87,5479.46,One Year,Mailed Check,DSL,No,0,No,No,No
CUST04305,50.0,Male,12,81.2,8542.89,One Year,Electronic Check,Fiber Optic,No,0,Yes,No,Yes
CUST04306,53.0,Female,9,70.5,8907.71,Month-to-Month,Credit Card,No,Yes,1,No,Yes,Yes
CUST04307,62.0,male,6,126.69,4367.79,Two Year,Mailed Check,DSL,Yes,1,No,Yes,No
CUST04308,40.0,M,12,78.65,4223.37,One Year,Mailed Check,DSL,No,1,No,No,No
CUST04309,62.0,Male,10,98.47,5811.77,One Year,Credit Card,No,Yes,1,Yes,Yes,No
CUST04310,62.0,M,12,136.42,5009.6,Two Year,Mailed Check,DSL,Yes,0,Yes,Yes,Yes
CUST04311,51.0,male,3,132.61,5714.11,One Year,Electronic Check,Fiber Optic,No,1,Yes,No,No
CUST04312,26.0,Male,5,135.75,7868.51,Month-to-Month,Electronic Check,DSL,Yes,0,Yes,Yes,No
CUST04313,41.0,M,0,55.1,6721.83,One Year,Bank Transfer,Fiber Optic,Yes,1,Yes,No,Yes
CUST04314,25.0,M,6,24.55,4481.96,Two Year,Credit Card,Fiber Optic,No,0,No,No,No
CUST04315,24.0,male,11,53.94,4167.54,Month-to-Month,Mailed Check,Fiber Optic,Yes,1,Yes,No,No
CUST04316,53.0,M,14,56.23,5763.62,Month-to-Month,Mailed Check,No,No,0,No,No,No
CUST04317,35.0,male,5,138.22,4112.24,Two Year,Mailed Check,DSL,Yes,1,Yes,Yes,No
CUST04318,20.0,Female,3,104.4,4130.86 ,Two Year,Electronic Check,No,Yes,1,Yes,No,Yes
CUST04319,45.0,male,6,30.62,166.43,Month-to-Month,Credit Card,No,No,1,No,Yes,Yes
CUST04320,23.0,Female,2,37.6,1583.1,One Year,Electronic Check,Fiber Optic,Yes,1,No,Yes,No
CUST04321,61.0,Male,0,40.24,4406.85,Two Year,Mailed Check,No,Yes,0,Yes,Yes,No
CUST04322,61.0,M,3,101.95,7407.43,Month-to-Month,Electronic Check,DSL,No,1,Yes,No,No
CUST04323,38.0,male,2,115.6,2522.97,Two Year,Mailed Check,No,No,1,No,No,No
CUST04324,45.0,male,0,131.75,4713.34,One Year,Mailed Check,No,Yes,1,Yes,No,No
CUST04325,57.0,M,1,142.28,3117.76,One Year,Electronic Check,Fiber Optic,Yes,0,Yes,No,No
CUST04326,18.0,M,10,46.22,961.14,Month-to-Month,Mailed Check,Fiber Optic,Yes,0,Yes,No,No
CUST04327,53.0,Male,4,60.27,8625.52,One Year,Electronic Check,No,No,1,Yes,No,Yes
CUST04328,38.0,Male,14,51.24,7694.97,One Year,Bank Transfer,Fiber Optic,Yes,0,Yes,No,No
CUST04329,60.0,male,7,66.64,724.86,One Year,Electronic Check,No,Yes,0,Yes,Yes,No
CUST04330,52.0,Male,0,138.91,6483.69,Two Year,Bank Transfer,DSL,No,0,No,Yes,No
CUST04331,30.0,Female,3,94.76,3141.27,Month-to-Month,Bank Transfer,DSL,No,1,Yes,No,No
CUST04332,66.0,Male,13,115.96,8953.75,Month-to-Month,Electronic Check,Fiber Optic,No,0,No,No,No
CUST04333,27.0,Male,3,83.72,2735.54,Month-to-Month,Credit Card,DSL,No,0,Yes,Yes,Yes
CUST04334,61.0,male,4,23.75,2163.87,One Year,Credit Card,DSL,Yes,1,No,No,Yes
CUST04335,64.0,Female,6,28.35,5119.66,Two Year,Electronic Check,No,Yes,1,Yes,Yes,No
CUST04336,27.0,Male,12,89.93,7519.43,Month-to-Month,Electronic Check,Fiber Optic,Yes,1,No,Yes,No
CUST04337,63.0,Female,11,113.44,1748.82,Two Year,Mailed Check,DSL,No,0,No,No,Yes
CUST04338,30.0,Female,7,47.99,6390.44,Month-to-Month,Mailed Check,Fiber Optic,Yes,1,Yes,No,No
CUST04339,54.0,Female,14,113.85,571.43,One Year,Electronic Check,Fiber Optic,Yes,0,No,Yes,No
CUST04340,55.0,M,5,125.39,8272.03 ,Month-to-Month,Credit Card,Fiber Optic,Yes,0,No,Yes,No
CUST04341,41.0,M,0,73.55,748.05,Month-to-Month,Mailed Check,DSL,No,1,Yes,No,No
CUST04342,19.0,M,6,117.03,8229.8,One Year,Mailed Check,Fiber Optic,Yes,1,Yes,Yes,No
CUST04343,39.0,M,2,72.52,4427.45,One Year,Credit Card,Fiber Optic,Yes,1,No,No,No
CUST04344,34.0,male,14,108.19,4043.86,Month-to-Month,Electronic Check,No,No,1,Yes,No,No
CUST04345,53.0,Male,12,119.32,8760.3,Two Year,Credit Card,No,Yes,1,No,No,No
CUST04346,31.0,M,12,148.95,8913.65,One Year,Bank Transfer,No,No,1,Yes,No,Yes
CUST04347,27.0,male,12,64.9,5858.6,Month-to-Month,Mailed Check,No,No,0,No,Yes,No
CUST04348,52.0,Male,5,73.44,1161.53,One Year,Mailed Check,Fiber Optic,Yes,1,No,No,No
CUST04349,42.0,M,14,41.53,4565.41,Two Year,Mailed Check,No,No,0,No,No,Yes
CUST04350,20.0,Male,7,46.53,,Month-to-Month,Credit Card,No,No,0,No,Yes,Yes
CUST04351,64.0,M,6,110.14,4639.73,Month-to-Month,Credit Card,DSL,No,0,Yes,Yes,Yes
CUST04352,55.0,male,9,139.22,5134.04,Two Year,Electronic Check,No,Yes,0,No,Yes,Yes
CUST04353,34.0,Female,5,71.3,188.15,Two Year,Mailed Check,No,No,0,Yes,No,No
CUST04354,29.0,Female,8,43.38,6406.82,Month-to-Month,Bank Transfer,DSL,Yes,0,Yes,Yes,No
CUST04355,69.0,Male,8,57.06,6417.3,Two Year,Electronic Check,Fiber Optic,Yes,1,No,Yes,No
CUST04356,41.0,male,0,79.16,1056.92,Two Year,Credit Card,Fiber Optic,No,0,No,No,No
CUST04357,46.0,Female,0,57.78,5140.75,Month-to-Month,Bank Transfer,DSL,No,0,No,Yes,No
CUST04358,60.0,M,0,50.37,5123.88,One Year,Electronic Check,DSL,Yes,0,No,Yes,Yes
CUST04359,42.0,Female,7,115.68,6148.4,Two Year,Credit Card,Fiber Optic,No,1,Yes,Yes,No
CUST04360,53.0,Male,11,21.02,786.87,One Year,Bank Transfer,No,Yes,0,No,Yes,No
CUST04361,43.0,Male,12,90.1,5646.0,One Year,Electronic Check,DSL,Yes,0,No,No,No
CUST04362,55.0,male,13,123.19,2541.15,One Year,Bank Transfer,DSL,No,1,Yes,No,No
CUST04363,,Male,11,54.61,4572.89,Two Year,Credit Card,DSL,No,1,Yes,No,No
CUST04364,37.0,Female,13,98.43,6964.45,Month-to-Month,Electronic Check,Fiber Optic,No,1,No,Yes,No
CUST04365,45.0,Female,9,106.96,6356.7,Month-to-Month,Credit Card,Fiber Optic,No,0,No,Yes,No
CUST04366,33.0,Female,6,105.15,1087.75,Month-to-Month,Mailed Check,Fiber Optic,No,1,No,Yes,No
CUST04367,64.0,Female,2,77.96,5328.84,Month-to-Month,Mailed Check,Fiber Optic,No,1,No,No,No
CUST04368,34.0,male,12,65.06,8722.67,Month-to-Month,Bank Transfer,Fiber Optic,No,1,No,Yes,No
CUST04369,57.0,M,1,128.67,1427.79,Month-to-Month,Mailed Check,No,No,0,No,No,No
CUST04370,45.0,M,3,118.6,7679.11,One Year,Credit Card,No,No,1,No,No,No
CUST04371,29.0,male,2,61.76,6328.88,One Year,Bank Transfer,Fiber Optic,No,0,No,Yes,No
CUST04372,44.0,Male,6,33.39,6970.55,One Year,Electronic Check,Fiber Optic,Yes,0,No,Yes,No
CUST04373,59.0,M,9,29.33,2551.99,Two Year,Credit Card,Fiber Optic,No,1,No,Yes,Yes
CUST04374,64.0,Male,14,32.26,2605.24,Two Year,Electronic Check,DSL,No,0,Yes,No,No
CUST04375,47.0,M,14,95.77,8156.05,Two Year,Electronic Check,DSL,No,0,Yes,Yes,No
CUST04376,58.0,Male,7,26.72,3251.29,Month-to-Month,Electronic Check,Fiber Optic,Yes,0,No,Yes,No
CUST04377,51.0,male,5,63.8,585.88,One Year,Electronic Check,Fiber Optic,No,1,No,Yes,Yes
CUST04378,54.0,Female,2,117.92,5413.36,Two Year,Credit Card,DSL,No,0,No,Yes,No
CUST04379,23.0,Male,5,58.27,1140.86,One Year,Mailed Check,DSL,No,1,No,Yes,No
CUST04380,24.0,Female,14,119.23,7173.43,Month-to-Month,Credit Card,DSL,No,0,No,No,No
CUST04381,49.0,Male,1,116.91,5782.88,One Year,Mailed Check,DSL,No,1,Yes,Yes,No
CUST04382,49.0,Male,14,51.96,7875.04,Month-to-Month,Electronic Check,DSL,Yes,0,No,No,No
CUST04383,42.0,Male,11,114.75,7067.84,Two Year,Mailed Check,Fiber Optic,No,0,Yes,No,No
CUST04384,50.0,Male,6,117.21,1026.78,Month-to-Month,Electronic Check,Fiber Optic,No,1,No,Yes,No
CUST04385,24.0,Male,13,71.67,3442.01,Month-to-Month,Bank Transfer,DSL,Yes,0,No,No,No
CUST04386,69.0,Female,10,47.35,6975.55,One Year,Electronic Check,Fiber Optic,Yes,1,No,No,Yes
CUST04387,29.0,Male,9,87.77,3767.73,Month-to-Month,Mailed Check,DSL,Yes,1,No,Yes,No
CUST04388,33.0,Female,13,139.78,8751.84,Two Year,Bank Transfer,DSL,No,0,No,No,Yes
CUST04389,33.0,male,6,103.15,6626.95,Two Year,Bank Transfer,DSL,No,1,No,No,Yes
CUST04390,60.0,M,3,42.48,159.19,Month-to-Month,Electronic Check,Fiber Optic,Yes,0,No,No,No
CUST04391,53.0,Male,12,108.76,7922.27,One Year,Credit Card,Fiber Optic,No,1,No,No,No
CUST04392,30.0,M,7,75.54,925.23,Two Year,Mailed Check,Fiber Optic,No,1,Yes,Yes,No
CUST04393,24.0,Female,3,96.9,1281.9,Two Year,Bank Transfer,Fiber Optic,No,1,No,No,No
CUST04394,53.0,male,6,115.43,6615.74,Month-to-Month,Credit Card,No,No,0,No,Yes,No
CUST04395,64.0,male,3,86.94,7787.42,Month-to-Month,Electronic Check,DSL,No,0,No,No,Yes
CUST04396,68.0,male,12,125.82,4836.42,Two Year,Electronic Check,DSL,Yes,0,No,No,Yes
CUST04397,26.0,M,11,113.88,2615.67,Month-to-Month,Electronic Check,Fiber Optic,Yes,0,No,Yes,No
CUST04398,49.0,Female,4,99.96,3174.81,Month-to-Month,Electronic Check,Fiber Optic,Yes,1,Yes,No,No
CUST04399,28.0,Male,6,39.6,3099.15,Two Year,Mailed Check,No,No,0,No,No,Yes
CUST04400,25.0,Male,12,128.67,2953.57,One Year,Bank Transfer,DSL,Yes,0,Yes,Yes,No
CUST04401,50.0,Female,13,141.67,2201.33,One Year,Mailed Check,DSL,No,1,Yes,Yes,Yes
CUST04402,40.0,M,13,37.81,5487.63,Two Year,Bank Transfer,Fiber Optic,Yes,0,No,Yes,No
CUST04403,42.0,Male,12,83.47,8105.64,Month-to-Month,Credit Card,Fiber Optic,Yes,0,Yes,Yes,No
CUST04404,25.0,Female,9,53.66,2777.6,Two Year,Credit Card,No,Yes,1,No,Yes,Yes
CUST04405,62.0,Male,2,118.09,1696.51,Two Year,Bank Transfer,DSL,Yes,0,Yes,Yes,No
CUST04406,39.0,male,9,113.81,7550.43,Month-to-Month,Electronic Check,No,No,0,No,Yes,No
CUST04407,21.0,Male,4,38.32,6681.21,One Year,Credit Card,DSL,Yes,0,Yes,Yes,No
CUST04408,57.0,M,10,134.01,8378.92,One Year,Mailed Check,Fiber Optic,Yes,0,No,No,No
CUST04409,20.0,Female,13,43.53,1506.37,Month-to-Month,Bank Transfer,No,Yes,0,Yes,Yes,Yes
CUST04410,46.0,M,2,123.64,1315.38,Two Year,Credit Card,Fiber Optic,No,1,Yes,No,No
CUST04411,58.0,Female,4,79.41,4882.04,Month-to-Month,Bank Transfer,DSL,Yes,0,No,No,No
CUST04412,46.0,male,13,62.68,5537.61,Two Year,Electronic Check,DSL,Yes,0,Yes,No,No
CUST04413,51.0,Female,2,40.57,4331.96,Month-to-Month,Bank Transfer,No,Yes,0,Yes,Yes,Yes
CUST04414,51.0,Male,10,41.79,5398.72,Month-to-Month,Credit Card,Fiber Optic,Yes,0,Yes,Yes,No
CUST04415,45.0,Male,9,106.05,1639.81,One Year,Bank Transfer,DSL,Yes,0,Yes,No,No
CUST04416,30.0,male,10,91.56,4326.93,One Year,Credit Card,DSL,No,0,No,Yes,Yes
CUST04417,32.0,Female,6,35.87,5929.67,Month-to-Month,Credit Card,No,Yes,0,Yes,Yes,Yes
CUST04418,40.0,male,12,34.65,3905.7,Month-to-Month,Credit Card,No,No,0,No,Yes,No
CUST04419,61.0,Male,0,29.4,6121.44,One Year,Mailed Check,Fiber Optic,No,1,No,Yes,No
CUST04420,43.0,M,8,116.69,4071.7,Two Year,Electronic Check,No,Yes,0,Yes,No,Yes
CUST04421,21.0,male,8,112.54,3015.72,One Year,Electronic Check,DSL,Yes,0,Yes,Yes,No
CUST04422,43.0,M,4,27.6,2746.37,Two Year,Bank Transfer,Fiber Optic,No,0,No,No,No
CUST04423,57.0,M,8,92.84,3709.9,One Year,Bank Transfer,Fiber Optic,Yes,1,No,Yes,No
CUST04424,26.0,Female,9,31.01,227.34,One Year,Credit Card,Fiber Optic,Yes,0,No,No,No
CUST04425,22.0,male,12,137.49,6023.36,Two Year,Electronic Check,DSL,No,1,Yes,No,No
CUST04426,49.0,M,14,137.93,7609.05,Month-to-Month,Bank Transfer,No,Yes,0,Yes,Yes,Yes
CUST04427,37.0,M,5,110.77,3204.55,One Year,Bank Transfer,Fiber Optic,No,0,Yes,Yes,Yes
CUST04428,67.0,Female,14,140.4,433.38,One Year,Electronic Check,DSL,No,0,No,No,Yes
CUST04429,28.0,Female,4,125.49,8881.24,One Year,Credit Card,No,Yes,0,Yes,No,Yes
CUST04430,32.0,Male,12,127.71,2388.01,Month-to-Month,Bank Transfer,Fiber Optic,Yes,1,No,Yes,Yes
CUST04431,49.0,M,2,94.06,1157.06,One Year,Credit Card,No,No,1,No,Yes,No
CUST04432,45.0,Male,10,59.79,3340.38,Month-to-Month,Electronic Check,No,No,0,No,Yes,No
CUST04433,39.0,M,10,48.31,6652.24,One Year,Electronic Check,No,Yes,0,No,Yes,Yes
CUST04434,58.0,Male,7,62.54,2659.37,Two Year,Bank Transfer,DSL,No,0,No,No,No
CUST04435,34.0,Female,3,101.7,5180.83,One Year,Bank Transfer,Fiber Optic,No,0,Yes,Yes,No
CUST04436,43.0,male,9,42.45,3751.73,One Year,Electronic Check,Fiber Optic,Yes,1,No,Yes,Yes
CUST04437,61.0,Female,12,53.62,1077.52,Month-to-Month,Credit Card,Fiber Optic,Yes,0,Yes,Yes,Yes
CUST04438,24.0,Male,14,80.85,2985.98,Month-to-Month,Credit Card,DSL,No,1,No,No,No
CUST04439,59.0,Male,12,50.3,6529.34,Month-to-Month,Mailed Check,No,Yes,1,Yes,Yes,No
CUST04440,43.0,male,2,96.52,5515.79,Two Year,Electronic Check,DSL,No,1,Yes,No,No
CUST04441,42.0,M,12,140.01,1095.61,Two Year,Bank Transfer,Fiber Optic,No,0,No,Yes,No
CUST04442,27.0,Male,5,117.25,1486.64,Month-to-Month,Electronic Check,No,Yes,0,Yes,No,Yes
CUST04443,62.0,Male,7,106.64,5773.79,Two Year,Bank Transfer,DSL,No,1,Yes,No,No
CUST04444,36.0,Male,12,95.75,7324.47,Month-to-Month,Credit Card,DSL,No,1,No,Yes,Yes
CUST04445,28.0,male,14,83.43,3158.28,Two Year,Bank Transfer,DSL,No,1,No,No,No
CUST04446,30.0,Female,8,44.25,5365.89,Month-to-Month,Mailed Check,DSL,Yes,0,No,No,No
CUST04447,25.0,Male,13,136.31,1552.38,Month-to-Month,Credit Card,No,Yes,0,Yes,Yes,No
CUST04448,57.0,male,5,52.31,2816.16,Two Year,Mailed Check,DSL,No,1,Yes,No,No
CUST04449,21.0,Male,4,31.87,202.03,One Year,Electronic Check,No,No,0,Yes,Yes,Yes
CUST04450,64.0,M,11,117.5,6919.12,Month-to-Month,Bank Transfer,DSL,No,0,No,Yes,No
CUST04451,48.0,male,10,42.83,3621.07,Month-to-Month,Credit Card,Fiber Optic,Yes,0,Yes,Yes,No
CUST04452,45.0,Male,1,68.35,7348.81,One Year,Bank Transfer,DSL,No,1,No,No,No
CUST04453,28.0,male,1,23.68,6381.19,Month-to-Month,Mailed Check,DSL,Yes,0,No,No,No
CUST04454,60.0,Male,8,37.82,7462.12,Month-to-Month,Credit Card,Fiber Optic,No,0,Yes,No,Yes
CUST04455,18.0,Female,1,42.52,2585.21,Two Year,Mailed Check,No,No,1,Yes,No,No
CUST04456,66.0,Male,1,27.07,1682.28,One Year,Credit Card,DSL,Yes,1,No,Yes,No
CUST04457,64.0,male,2,105.37,8747.71,Month-to-Month,Electronic Check,DSL,Yes,0,No,No,Yes
CUST04458,69.0,M,2,128.81,6461.6,Month-to-Month,Electronic Check,Fiber Optic,Yes,1,Yes,Yes,No
CUST04459,55.0,M,3,68.53,7509.7,One Year,Bank Transfer,No,No,1,No,No,Yes
CUST04460,41.0,M,6,133.69,137.94,One Year,Mailed Check,Fiber Optic,No,0,No,No,No
CUST04461,64.0,Male,8,47.74,3203.07,Two Year,Mailed Check,DSL,Yes,1,Yes,No,No
CUST04462,48.0,Female,1,62.3,6690.49,Two Year,Credit Card,No,Yes,1,No,Yes,No
CUST04463,58.0,Male,3,39.6,720.29,Two Year,Electronic Check,DSL,No,0,Yes,Yes,No
CUST04464,63.0,M,8,100.67,5114.71,Month-to-Month,Bank Transfer,Fiber Optic,No,0,Yes,Yes,No
CUST04465,67.0,male,13,74.58,3873.07,One Year,Electronic Check,DSL,Yes,0,Yes,Yes,No
CUST04466,43.0,M,1,99.73,178.2,Two Year,Mailed Check,Fiber Optic,No,1,No,No,No
CUST04467,66.0,male,9,119.02,2139.06,One Year,Bank Transfer,Fiber Optic,Yes,0,Yes,No,No
CUST04468,67.0,Female,10,90.94,2577.43,Month-to-Month,Electronic Check,No,No,1,Yes,No,Yes
CUST04469,22.0,male,12,101.59,1024.5,Month-to-Month,Electronic Check,Fiber Optic,Yes,0,Yes,No,No
CUST04470,37.0,Male,0,141.58,5691.2,One Year,Credit Card,No,No,0,Yes,Yes,No
CUST04471,69.0,Male,9,58.88,2196.73,One Year,Credit Card,No,No,1,Yes,Yes,No
CUST04472,58.0,Male,7,66.69,2513.02,Two Year,Mailed Check,No,No,1,Yes,Yes,No
CUST04473,28.0,male,8,113.3,,One Year,Electronic Check,No,Yes,0,No,No,Yes
CUST04474,50.0,Male,6,99.47,4214.77,Two Year,Credit Card,No,Yes,1,No,No,No
CUST04475,67.0,Male,7,43.21,3541.31,One Year,Electronic Check,Fiber Optic,Yes,0,No,No,No
CUST04476,55.0,Male,3,68.9,6520.36,One Year,Bank Transfer,Fiber Optic,No,1,No,No,Yes
CUST04477,44.0,Female,3,80.82,8188.33,One Year,Electronic Check,No,No,0,Yes,No,Yes
CUST04478,51.0,male,12,74.52,244.83,Month-to-Month,Electronic Check,Fiber Optic,Yes,0,No,No,Yes
CUST04479,32.0,male,1,43.18,4045.18,Month-to-Month,Mailed Check,No,No,1,No,No,No
CUST04480,49.0,M,7,140.18,5504.82,Month-to-Month,Bank Transfer,Fiber Optic,Yes,0,No,Yes,No
CUST04481,38.0,male,14,119.1,2880.7,Two Year,Bank Transfer,No,No,0,Yes,Yes,No
CUST04482,63.0,Female,10,82.58,6956.22,Two Year,Credit Card,DSL,No,1,Yes,No,No
CUST04483,22.0,male,1,108.41,8743.86,Month-to-Month,Bank Transfer,DSL,No,1,Yes,No,No
CUST04484,23.0,Female,8,136.65,8491.98,Month-to-Month,Mailed Check,No,Yes,0,No,No,No
CUST04485,55.0,Female,13,37.7,2408.52,One Year,Credit Card,Fiber Optic,Yes,1,Yes,No,No
CUST04486,39.0,male,3,52.55,2052.52,One Year,Electronic Check,No,Yes,0,Yes,Yes,No
CUST04487,35.0,M,0,90.55,8618.26,Two Year,Bank Transfer,Fiber Optic,No,0,Yes,Yes,No
CUST04488,31.0,Male,12,123.87,4138.48,Two Year,Electronic Check,No,No,1,No,No,Yes
CUST04489,27.0,Male,3,24.71,1890.51,One Year,Credit Card,No,No,0,Yes,Yes,No
CUST04490,63.0,male,2,147.92,6368.83,Two Year,Bank Transfer,Fiber Optic,No,0,No,Yes,Yes
CUST04491,30.0,male,11,79.14,2574.09,Month-to-Month,Credit Card,Fiber Optic,Yes,0,No,No,No
CUST04492,48.0,Female,5,66.7,,One Year,Credit Card,No,Yes,0,Yes,Yes,Yes
CUST04493,47.0,male,6,58.05,7915.66,One Year,Bank Transfer,DSL,No,0,Yes,No,No
CUST04494,20.0,Female,7,42.67,1479.06,Two Year,Bank Transfer,DSL,Yes,1,Yes,No,No
CUST04495,47.0,M,1,122.9,598.25,One Year,Credit Card,DSL,No,1,Yes,No,Yes
CUST04496,23.0,male,5,144.2,2437.29,One Year,Mailed Check,DSL,No,0,No,No,Yes
CUST04497,46.0,Male,14,73.77,5470.37,Month-to-Month,Bank Transfer,DSL,Yes,1,No,Yes,Yes
CUST04498,25.0,Male,5,143.81,1125.33,One Year,Credit Card,Fiber Optic,Yes,1,No,No,No
CUST04499,61.0,male,9,127.09,4254.92,One Year,Electronic Check,DSL,Yes,1,No,No,No
CUST04500,62.0,Female,11,82.54,5653.49,One Year,Electronic Check,Fiber Optic,No,1,Yes,Yes,No
CUST04501,60.0,Male,4,107.62,7641.66,One Year,Bank Transfer,DSL,No,0,No,No,Yes
CUST04502,61.0,Female,9,76.55,2084.23,Month-to-Month,Bank Transfer,Fiber Optic,No,1,No,Yes,Yes
CUST04503,50.0,male,9,92.63,7359.77,One Year,Electronic Check,DSL,Yes,1,Yes,Yes,No
CUST04504,34.0,male,6,27.55,2129.46,Month-to-Month,Credit Card,DSL,Yes,1,No,No,Yes
CUST04505,65.0,Male,2,110.51,6097.36,Month-to-Month,Credit Card,Fiber Optic,Yes,1,Yes,No,No
CUST04506,28.0,male,3,26.87,3887.45,Month-to-Month,Credit Card,Fiber Optic,Yes,1,Yes,Yes,No
CUST04507,30.0,M,9,126.22,1049.84,Two Year,Mailed Check,No,Yes,1,Yes,Yes,No
CUST04508,67.0,M,12,127.24,6434.09,Two Year,Bank Transfer,DSL,Yes,0,No,No,No
CUST04509,28.0,Male,8,50.82,1975.51,One Year,Mailed Check,DSL,Yes,1,Yes,No,No
CUST04510,48.0,M,3,62.08,1606.08,Month-to-Month,Mailed Check,Fiber Optic,No,1,Yes,No,No
CUST04511,45.0,Female,2,82.57,3237.74,Two Year,Mailed Check,Fiber Optic,Yes,1,Yes,No,No
CUST04512,61.0,Male,13,97.57,5886.55,One Year,Mailed Check,DSL,Yes,1,No,No,No
CUST04513,150.0,Male,1,57.36,2121.29,Two Year,Credit Card,DSL,No,0,No,No,No
CUST04514,58.0,Female,4,97.02,1669.28,Month-to-Month,Bank Transfer,Fiber Optic,No,0,Yes,No,No
CUST04515,33.0,M,3,891.1263359384038,109.38,One Year,Bank Transfer,Fiber Optic,Yes,1,No,No,Yes
CUST04516,21.0,M,12,27.21,4255.36,Month-to-Month,Mailed Check,DSL,No,1,No,Yes,No
CUST04517,52.0,M,12,20.33,3869.24,Month-to-Month,Bank Transfer,Fiber Optic,Yes,1,No,Yes,No
CUST04518,65.0,Male,7,33.15,2120.13,Two Year,Electronic Check,Fiber Optic,Yes,1,No,Yes,No
CUST04519,43.0,Male,6,122.99,501.8,One Year,Credit Card,DSL,Yes,0,No,Yes,No
CUST04520,29.0,M,5,144.99,3874.72,One Year,Bank Transfer,No,No,1,Yes,No,Yes
CUST04521,28.0,male,10,75.51,7098.08,One Year,Credit Card,Fiber Optic,No,0,No,No,Yes
CUST04522,54.0,M,11,86.65,6443.23,Two Year,Electronic Check,No,Yes,0,No,No,Yes
CUST04523,42.0,Female,1,39.09,7749.94,One Year,Credit Card,Fiber Optic,No,1,No,Yes,No
CUST04524,35.0,Male,2,91.63,106.05,Two Year,Electronic Check,No,Yes,1,No,Yes,No
CUST04525,36.0,Female,9,38.81,8698.45,One Year,Mailed Check,Fiber Optic,Yes,0,Yes,No,No
CUST04526,,Female,8,99.46,3085.88,Two Year,Bank Transfer,No,No,1,Yes,Yes,No
CUST04527,55.0,Male,12,141.32,8913.77,One Year,Mailed Check,No,No,0,No,No,No
CUST04528,35.0,male,8,45.44,2288.52,Two Year,Bank Transfer,Fiber Optic,No,1,Yes,No,Yes
CUST04529,43.0,M,14,119.39,4254.4,Month-to-Month,Mailed Check,No,Yes,1,No,Yes,Yes
CUST04530,23.0,Female,4,23.06,3198.27,Month-to-Month,Electronic Check,DSL,No,1,No,Yes,No
CUST04531,21.0,Male,13,68.81,3214.73,Month-to-Month,Bank Transfer,DSL,No,1,Yes,No,Yes
CUST04532,61.0,Female,2,34.4,7583.69,One Year,Mailed Check,DSL,No,0,Yes,Yes,No
CUST04533,68.0,M,1,65.82,6722.84,Two Year,Credit Card,No,Yes,1,No,No,No
CUST04534,46.0,male,7,42.56,8929.52,Month-to-Month,Credit Card,Fiber Optic,Yes,1,No,No,No
CUST04535,51.0,male,14,68.53,5529.36,One Year,Mailed Check,No,Yes,1,Yes,No,No
CUST04536,34.0,male,5,74.28,4180.04,Two Year,Electronic Check,Fiber Optic,Yes,0,No,No,Yes
CUST04537,60.0,Male,9,59.08,828.86,Month-to-Month,Mailed Check,No,Yes,1,No,Yes,No
CUST04538,60.0,Male,10,105.36,8969.12,Month-to-Month,Credit Card,Fiber Optic,No,0,Yes,No,No
CUST04539,33.0,male,11,139.45,4972.75,One Year,Bank Transfer,No,No,0,Yes,Yes,No
CUST04540,19.0,M,6,72.08,6310.29,Two Year,Bank Transfer,No,Yes,1,Yes,No,No
CUST04541,51.0,M,0,45.0,3672.55,One Year,Mailed Check,DSL,No,0,No,Yes,Yes
CUST04542,25.0,Male,0,55.19,4938.49,Month-to-Month,Bank Transfer,No,Yes,1,No,No,No
CUST04543,30.0,male,9,131.02,8484.35,One Year,Credit Card,DSL,Yes,1,Yes,No,No
CUST04544,59.0,M,1,94.31,1514.45,One Year,Bank Transfer,Fiber Optic,Yes,1,Yes,Yes,Yes
CUST04545,25.0,M,9,79.15,2645.51,Month-to-Month,Mailed Check,Fiber Optic,Yes,0,No,No,No
CUST04546,47.0,M,14,39.45,1385.5,Month-to-Month,Mailed Check,DSL,Yes,0,No,No,No
CUST04547,49.0,Male,2,78.46,7134.1,Two Year,Mailed Check,No,Yes,0,No,No,No
CUST04548,53.0,male,11,56.2,577.17,Two Year,Credit Card,Fiber Optic,No,1,Yes,No,No
CUST04549,64.0,Female,0,142.61,753.05,Month-to-Month,Electronic Check,No,No,1,Yes,Yes,No
CUST04550,,male,13,134.93,2700.48,Month-to-Month,Bank Transfer,No,No,0,No,Yes,No
CUST04551,18.0,male,4,30.91,4637.41,Two Year,Mailed Check,No,No,0,No,No,No
CUST04552,60.0,Male,14,87.16,3668.35,One Year,Electronic Check,Fiber Optic,No,1,No,No,No
CUST04553,56.0,M,14,49.26,422.45,Month-to-Month,Mailed Check,Fiber Optic,No,0,No,No,No
CUST04554,34.0,M,2,73.4,8618.27,Month-to-Month,Mailed Check,No,Yes,1,Yes,Yes,Yes
CUST04555,37.0,Male,0,133.99,,One Year,Credit Card,DSL,Yes,1,Yes,No,No
CUST04556,41.0,Male,7,88.58,2528.62,Two Year,Credit Card,DSL,Yes,0,Yes,Yes,No
CUST04557,67.0,Male,11,63.45,6589.1,Two Year,Electronic Check,DSL,Yes,1,Yes,Yes,Yes
CUST04558,39.0,Male,10,47.03,5215.61,One Year,Mailed Check,No,No,1,Yes,Yes,No
CUST04559,46.0,Male,5,124.04,2152.54,Month-to-Month,Bank Transfer,DSL,Yes,0,No,Yes,No
CUST04560,39.0,Female,8,101.19,2374.3,One Year,Bank Transfer,Fiber Optic,No,0,Yes,No,No
CUST04561,61.0,male,2,80.85,4430.56,Month-to-Month,Bank Transfer,DSL,No,0,Yes,No,No
CUST04562,26.0,male,8,48.27,3784.75,Two Year,Electronic Check,DSL,No,1,Yes,Yes,No
CUST04563,54.0,male,8,63.45,2635.24,Month-to-Month,Credit Card,No,No,1,No,Yes,Yes
CUST04564,27.0,M,14,144.78,7271.45,Month-to-Month,Electronic Check,Fiber Optic,No,0,No,No,Yes
CUST04565,53.0,Female,11,87.61,4343.54,Month-to-Month,Credit Card,Fiber Optic,No,1,Yes,No,Yes
CUST04566,54.0,male,14,72.09,5900.54,Month-to-Month,Bank Transfer,DSL,Yes,0,Yes,No,No
CUST04567,45.0,M,12,87.78,1719.68,Month-to-Month,Bank Transfer,No,Yes,1,Yes,No,Yes
CUST04568,45.0,Female,11,121.27,4810.9,Two Year,Credit Card,No,Yes,1,Yes,Yes,No
CUST04569,59.0,Female,0,64.21,2875.42,One Year,Bank Transfer,DSL,Yes,1,No,No,Yes
CUST04570,60.0,M,2,43.23,4747.19,Two Year,Electronic Check,Fiber Optic,Yes,1,Yes,Yes,No
CUST04571,38.0,Female,5,96.04,7031.82,Month-to-Month,Credit Card,Fiber Optic,Yes,1,Yes,No,No
CUST04572,41.0,M,7,106.48,6924.84,One Year,Bank Transfer,Fiber Optic,Yes,0,Yes,Yes,No
CUST04573,59.0,male,3,112.65,3200.9,Month-to-Month,Mailed Check,No,No,0,Yes,No,No
CUST04574,57.0,M,4,134.66,6254.61,Two Year,Bank Transfer,DSL,No,1,No,No,Yes
CUST04575,19.0,Female,8,68.25,8472.78,Two Year,Mailed Check,No,Yes,0,Yes,No,Yes
CUST04576,25.0,male,5,29.8,5638.51,Month-to-Month,Bank Transfer,Fiber Optic,Yes,0,Yes,No,Yes
CUST04577,65.0,male,11,144.59,1352.72,Month-to-Month,Mailed Check,No,No,1,Yes,Yes,No
CUST04578,44.0,Male,6,76.55,6123.78,One Year,Bank Transfer,Fiber Optic,Yes,1,Yes,No,No
CUST04579,39.0,Male,6,101.02,962.04,One Year,Mailed Check,DSL,No,1,Yes,No,No
CUST04580,54.0,Female,3,106.62,7851.55,Month-to-Month,Credit Card,Fiber Optic,Yes,0,No,Yes,Yes
CUST04581,44.0,M,3,91.05,4659.61,One Year,Credit Card,DSL,No,0,No,Yes,No
CUST04582,46.0,M,3,46.68,3478.56,Month-to-Month,Mailed Check,No,No,0,Yes,Yes,No
CUST04583,20.0,Female,13,118.17,531.92,Month-to-Month,Bank Transfer,No,Yes,1,No,Yes,No
CUST04584,61.0,male,14,124.49,3439.44,Month-to-Month,Electronic Check,No,Yes,1,Yes,No,No
CUST04585,30.0,Female,10,91.89,8130.8,Two Year,Electronic Check,Fiber Optic,No,1,Yes,No,No
CUST04586,62.0,Female,4,83.51,208.43,Month-to-Month,Electronic Check,DSL,Yes,1,Yes,No,No
CUST04587,27.0,male,4,34.81,4282.34,Month-to-Month,Electronic Check,No,Yes,1,Yes,No,Yes
CUST04588,53.0,M,7,30.91,8381.8,Month-to-Month,Mailed Check,No,No,0,Yes,Yes,No
CUST04589,26.0,Female,8,64.14,3565.67,One Year,Credit Card,DSL,No,0,Yes,No,No
CUST04590,44.0,M,1,60.41,3865.02,Month-to-Month,Credit Card,Fiber Optic,Yes,0,No,Yes,No
CUST04591,51.0,Female,10,143.98,5215.47,Two Year,Electronic Check,No,Yes,1,Yes,No,No
CUST04592,68.0,male,6,121.87,4177.18,Two Year,Credit Card,Fiber Optic,No,1,No,Yes,Yes
CUST04593,18.0,male,0,105.79,1534.04,Month-to-Month,Mailed Check,Fiber Optic,No,0,No,Yes,Yes
CUST04594,49.0,Male,0,87.29,186.63,Month-to-Month,Electronic Check,Fiber Optic,No,0,No,Yes,No
CUST04595,42.0,male,3,41.76,5496.11,Month-to-Month,Mailed Check,No,Yes,1,Yes,Yes,No
CUST04596,46.0,Male,9,147.2,8288.84,Two Year,Mailed Check,No,No,0,Yes,Yes,Yes
CUST04597,24.0,Female,6,68.76,975.15,One Year,Bank Transfer,DSL,Yes,1,Yes,Yes,No
CUST04598,66.0,M,1,33.9,1914.36,One Year,Mailed Check,DSL,No,0,Yes,Yes,No
CUST04599,20.0,male,10,84.19,3344.66,Month-to-Month,Bank Transfer,Fiber Optic,Yes,0,Yes,Yes,No
CUST04600,37.0,male,1,133.62,7282.51,One Year,Electronic Check,No,Yes,0,No,No,Yes
CUST04601,37.0,male,0,135.35,2437.96,Two Year,Mailed Check,Fiber Optic,No,0,No,Yes,No
CUST04602,47.0,Female,9,21.43,7940.85,Month-to-Month,Credit Card,DSL,Yes,1,Yes,No,Yes
CUST04603,52.0,Male,1,135.22,513.52,One Year,Electronic Check,Fiber Optic,No,1,No,Yes,No
CUST04604,52.0,Female,12,55.29,8469.79,Month-to-Month,Mailed Check,Fiber Optic,Yes,1,No,No,No
CUST04605,66.0,M,14,25.07,5055.51,Month-to-Month,Mailed Check,No,Yes,0,Yes,No,No
CUST04606,56.0,Female,6,130.21,5935.82,Two Year,Credit Card,Fiber Optic,Yes,1,Yes,Yes,No
CUST04607,44.0,M,8,132.3,3321.85,Two Year,Bank Transfer,Fiber Optic,No,0,Yes,No,No
CUST04608,43.0,male,5,97.51,7042.31,One Year,Mailed Check,No,No,1,No,No,No
CUST04609,31.0,M,9,94.68,1515.76,Two Year,Mailed Check,No,Yes,0,No,No,No
CUST04610,34.0,M,1,125.71,459.23,Month-to-Month,Credit Card,DSL,No,1,No,Yes,Yes
CUST04611,35.0,Male,11,122.22,3571.74,Two Year,Electronic Check,No,Yes,1,No,Yes,No
CUST04612,62.0,M,14,135.71,7686.19,One Year,Mailed Check,Fiber Optic,No,0,No,Yes,No
CUST04613,69.0,M,9,91.86,6799.24,One Year,Bank Transfer,DSL,No,1,No,Yes,No
CUST04614,46.0,Female,14,145.79,4664.06,One Year,Bank Transfer,DSL,Yes,0,No,No,No
CUST04615,37.0,male,9,149.5,5157.8,Two Year,Credit Card,DSL,Yes,0,Yes,No,Yes
CUST04616,44.0,Female,12,35.15,1186.44,Two Year,Bank Transfer,DSL,Yes,0,No,No,No
CUST04617,35.0,Female,8,130.44,7569.32,Two Year,Mailed Check,Fiber Optic,No,1,Yes,No,No
CUST04618,21.0,male,6,84.98,7086.9,Two Year,Bank Transfer,Fiber Optic,Yes,1,Yes,Yes,Yes
CUST04619,18.0,male,10,70.38,5915.1,Two Year,Mailed Check,Fiber Optic,Yes,1,No,Yes,No
CUST04620,67.0,M,0,99.7,4206.4,One Year,Credit Card,Fiber Optic,No,1,No,Yes,No
CUST04621,18.0,M,11,27.28,8680.84,One Year,Bank Transfer,DSL,No,1,Yes,Yes,Yes
CUST04622,43.0,Male,8,85.84,7913.71,Two Year,Mailed Check,Fiber Optic,Yes,0,No,No,No
CUST04623,62.0,Female,1,133.22,5806.99,Month-to-Month,Electronic Check,DSL,Yes,1,Yes,No,Yes
CUST04624,37.0,male,3,47.75,3358.77 ,One Year,Mailed Check,No,No,1,No,No,No
CUST04625,69.0,M,8,75.43,5569.84,Month-to-Month,Mailed Check,Fiber Optic,No,1,No,Yes,No
CUST04626,40.0,male,3,142.13,5187.46,Month-to-Month,Credit Card,No,No,0,Yes,No,No
CUST04627,27.0,M,2,75.71,,One Year,Mailed Check,No,No,0,Yes,No,No
CUST04628,28.0,Male,0,66.59,2773.93,Month-to-Month,Credit Card,Fiber Optic,Yes,0,Yes,No,Yes
CUST04629,,Male,6,77.27,3674.96,Month-to-Month,Mailed Check,DSL,Yes,0,Yes,No,No
CUST04630,58.0,male,14,87.53,5173.72,One Year,Mailed Check,No,No,1,No,No,No
CUST04631,22.0,Male,5,102.16,3864.65,One Year,Mailed Check,Fiber Optic,Yes,0,Yes,No,No
CUST04632,18.0,male,9,124.09,2386.9,Two Year,Credit Card,No,Yes,1,Yes,Yes,No
CUST04633,34.0,M,3,78.77,6853.45,One Year,Mailed Check,No,Yes,1,Yes,No,No
CUST04634,39.0,Female,5,126.27,4792.58,Month-to-Month,Credit Card,Fiber Optic,No,1,No,Yes,No
CUST04635,51.0,Male,5,89.38,627.72,One Year,Electronic Check,No,Yes,0,No,Yes,No
CUST04636,62.0,M,12,64.0,3327.48,Two Year,Credit Card,DSL,No,1,Yes,Yes,No
CUST04637,58.0,Female,3,105.53,7966.52,One Year,Electronic Check,DSL,Yes,0,No,No,No
CUST04638,46.0,Female,13,113.3,6802.02,Month-to-Month,Credit Card,No,No,0,Yes,No,No
CUST04639,21.0,Female,12,92.55,2922.76,One Year,Credit Card,No,No,0,No,Yes,No
CUST04640,22.0,M,5,27.36,8444.88,Month-to-Month,Mailed Check,Fiber Optic,No,0,Yes,No,No
CUST04641,28.0,M,9,42.08,707.89,One Year,Bank Transfer,DSL,Yes,0,Yes,No,No
CUST04642,68.0,male,10,57.09,8651.89,Two Year,Bank Transfer,No,Yes,0,No,No,Yes
CUST04643,38.0,Female,7,56.74,,Two Year,Mailed Check,DSL,Yes,0,Yes,Yes,No
CUST04644,52.0,Female,12,107.54,101.67,One Year,Electronic Check,No,Yes,1,Yes,No,No
CUST04645,29.0,Female,2,22.39,3915.6,Month-to-Month,Mailed Check,Fiber Optic,Yes,0,Yes,No,No
CUST04646,43.0,male,3,118.24,3243.55,Two Year,Bank Transfer,Fiber Optic,No,1,No,Yes,No
CUST04647,68.0,Female,9,54.49,4861.02,Month-to-Month,Credit Card,DSL,Yes,0,No,Yes,No
CUST04648,36.0,M,12,60.3,7175.02,One Year,Mailed Check,DSL,Yes,1,Yes,No,No
CUST04649,62.0,Female,11,88.63,7585.03,Two Year,Electronic Check,No,Yes,1,Yes,No,No
CUST04650,,Male,13,48.07,,Two Year,Mailed Check,No,Yes,1,Yes,Yes,No
CUST04651,64.0,M,14,134.98,3880.01,Month-to-Month,Bank Transfer,No,No,1,No,Yes,No
CUST04652,24.0,male,0,31.1,1350.64,Two Year,Credit Card,DSL,No,0,Yes,Yes,No
CUST04653,43.0,Female,3,77.77,446.98,Month-to-Month,Bank Transfer,Fiber Optic,No,1,Yes,No,No
CUST04654,57.0,Male,10,130.42,5778.11,Month-to-Month,Bank Transfer,Fiber Optic,No,0,Yes,No,Yes
CUST04655,22.0,male,9,100.06,598.65,One Year,Bank Transfer,DSL,Yes,0,No,No,No
CUST04656,38.0,male,9,58.0,6609.79,Month-to-Month,Bank Transfer,Fiber Optic,No,0,Yes,No,No
CUST04657,31.0,M,11,74.7,4861.03,Two Year,Credit Card,DSL,Yes,1,No,No,No
CUST04658,21.0,male,13,111.87,1803.28,Month-to-Month,Bank Transfer,No,No,0,Yes,No,Yes
CUST04659,40.0,male,8,146.52,4864.92,Two Year,Electronic Check,DSL,No,1,Yes,Yes,No
CUST04660,59.0,male,7,136.11,1663.32,Month-to-Month,Electronic Check,Fiber Optic,Yes,0,Yes,No,No
CUST04661,37.0,male,10,64.52,3959.86,One Year,Bank Transfer,DSL,Yes,1,No,No,Yes
CUST04662,32.0,Female,3,149.77,7200.05,One Year,Electronic Check,DSL,No,0,Yes,Yes,No
CUST04663,67.0,Female,11,20.46,4168.04,Month-to-Month,Bank Transfer,DSL,Yes,1,Yes,Yes,No
CUST04664,69.0,Female,6,23.59,1355.32,Month-to-Month,Credit Card,DSL,Yes,1,Yes,Yes,No
CUST04665,62.0,Female,9,127.1,6519.98,Month-to-Month,Credit Card,Fiber Optic,Yes,0,No,Yes,No
CUST04666,46.0,Male,2,45.93,1697.18,One Year,Electronic Check,No,No,0,Yes,Yes,No
CUST04667,25.0,Female,8,27.9,6652.18,Month-to-Month,Electronic Check,Fiber Optic,No,1,Yes,Yes,No
CUST04668,58.0,male,9,50.83,4324.58,Month-to-Month,Bank Transfer,Fiber Optic,No,1,Yes,Yes,No
CUST04669,65.0,Female,3,75.39,4094.6,Two Year,Mailed Check,No,No,1,No,Yes,No
CUST04670,36.0,Female,1,114.97,7665.89,One Year,Bank Transfer,Fiber Optic,Yes,1,No,Yes,No
CUST04671,65.0,M,9,101.16,6383.26,One Year,Bank Transfer,No,Yes,1,No,No,No
CUST04672,56.0,male,4,50.89,315.54,Month-to-Month,Credit Card,No,Yes,1,No,No,No
CUST04673,63.0,Female,1,85.43,2679.65,Month-to-Month,Mailed Check,DSL,Yes,0,No,No,No
CUST04674,45.0,Female,13,140.41,7840.87,Two Year,Mailed Check,Fiber Optic,No,0,Yes,Yes,Yes
CUST04675,63.0,Female,9,125.95,184.57,Month-to-Month,Bank Transfer,No,Yes,1,No,No,No
CUST04676,44.0,Male,5,62.01,4916.38,One Year,Credit Card,Fiber Optic,No,0,No,Yes,No
CUST04677,21.0,Female,10,147.69,6555.87,Two Year,Electronic Check,Fiber Optic,No,1,No,Yes,Yes
CUST04678,32.0,M,9,112.12,5604.27,One Year,Credit Card,No,No,0,No,Yes,No
CUST04679,52.0,male,0,28.12,6849.58,Month-to-Month,Electronic Check,DSL,Yes,1,No,Yes,No
CUST04680,54.0,male,13,24.57,6536.71,Two Year,Credit Card,No,Yes,1,No,No,No
CUST04681,18.0,Female,5,41.89,6234.44,One Year,Mailed Check,DSL,No,0,Yes,No,No
CUST04682,20.0,Female,3,114.62,7397.43,One Year,Credit Card,No,No,0,Yes,Yes,No
CUST04683,64.0,Female,2,43.89,5818.3,One Year,Bank Transfer,No,Yes,0,No,No,Yes
CUST04684,41.0,male,1,86.49,3633.72,Month-to-Month,Electronic Check,DSL,No,1,No,No,No
CUST04685,44.0,male,6,32.12,4257.74,Month-to-Month,Credit Card,DSL,Yes,0,No,Yes,No
CUST04686,57.0,Male,8,139.72,6456.19,Month-to-Month,Credit Card,Fiber Optic,No,1,No,No,Yes
CUST04687,53.0,M,11,64.71,7889.23,Month-to-Month,Electronic Check,No,No,0,Yes,No,Yes
CUST04688,51.0,Male,2,138.06,2464.52,One Year,Credit Card,Fiber Optic,Yes,0,No,No,No
CUST04689,46.0,M,5,142.83,,Two Year,Electronic Check,Fiber Optic,Yes,0,Yes,Yes,No
CUST04690,41.0,Male,8,20.8,8378.04,Month-to-Month,Mailed Check,DSL,No,1,Yes,No,No
CUST04691,41.0,male,1,80.34,5215.04,Two Year,Electronic Check,DSL,No,1,Yes,No,No
CUST04692,59.0,Male,6,23.21,1627.08,One Year,Electronic Check,Fiber Optic,Yes,0,Yes,Yes,No
CUST04693,21.0,M,4,138.13,5979.98,Month-to-Month,Mailed Check,DSL,No,1,No,No,No
CUST04694,20.0,Female,4,87.39,8917.04,One Year,Credit Card,No,No,1,Yes,No,No
CUST04695,51.0,M,10,29.74,7414.61,Month-to-Month,Credit Card,DSL,No,0,No,Yes,No
CUST04696,66.0,Female,6,34.34,6716.76,Month-to-Month,Mailed Check,DSL,No,0,No,Yes,No
CUST04697,40.0,male,8,69.86,1888.26,Two Year,Bank Transfer,No,No,0,Yes,No,No
CUST04698,69.0,M,3,142.23,7887.74,One Year,Electronic Check,DSL,No,0,Yes,Yes,No
CUST04699,40.0,Male,8,110.08,4741.58,One Year,Credit Card,Fiber Optic,Yes,1,Yes,No,Yes
CUST04700,62.0,M,14,132.79,8005.82,One Year,Credit Card,Fiber Optic,No,0,No,Yes,No
CUST04701,22.0,Female,13,67.64,2981.85,Two Year,Electronic Check,Fiber Optic,Yes,1,Yes,Yes,Yes
CUST04702,48.0,male,12,25.62,577.22,Two Year,Electronic Check,DSL,No,0,No,Yes,Yes
CUST04703,58.0,Male,10,146.66,4294.26,One Year,Electronic Check,DSL,No,0,No,No,No
CUST04704,23.0,M,9,22.23,2443.14,One Year,Bank Transfer,DSL,Yes,0,No,No,No
CUST04705,54.0,Female,8,143.19,6442.76,Month-to-Month,Mailed Check,Fiber Optic,Yes,0,No,Yes,Yes
CUST04706,27.0,Male,12,67.93,8614.82,Month-to-Month,Bank Transfer,DSL,Yes,0,Yes,Yes,No
CUST04707,57.0,male,3,21.31,6224.95,Two Year,Bank Transfer,No,Yes,0,Yes,No,No
CUST04708,24.0,Male,2,109.59,7984.67,Month-to-Month,Electronic Check,DSL,Yes,1,Yes,Yes,Yes
CUST04709,56.0,male,1,147.47,4088.16,One Year,Mailed Check,Fiber Optic,No,1,Yes,Yes,No
CUST04710,55.0,Male,8,145.53,6949.33,One Year,Credit Card,No,Yes,1,Yes,Yes,No
CUST04711,38.0,M,11,40.92,7590.53,Month-to-Month,Electronic Check,No,Yes,1,Yes,No,No
CUST04712,37.0,Female,1,43.56,6403.66,Month-to-Month,Mailed Check,Fiber Optic,Yes,1,No,No,No
CUST04713,20.0,M,5,93.52,4579.84,Two Year,Credit Card,No,No,1,Yes,Yes,No
CUST04714,68.0,M,4,102.85,5640.28,Month-to-Month,Bank Transfer,No,No,1,No,Yes,No
CUST04715,39.0,male,13,116.12,6310.55,Two Year,Mailed Check,No,No,0,No,No,No
CUST04716,64.0,male,4,43.54,2292.7,Month-to-Month,Bank Transfer,No,Yes,1,No,No,No
CUST04717,21.0,male,3,144.67,7290.02,Month-to-Month,Bank Transfer,No,No,0,No,Yes,No
CUST04718,45.0,M,5,103.04,8553.91,Month-to-Month,Mailed Check,DSL,No,1,Yes,Yes,No
CUST04719,29.0,Male,4,130.12,4197.85,Month-to-Month,Credit Card,Fiber Optic,No,1,Yes,Yes,No
CUST04720,55.0,Male,10,90.21,6315.58,One Year,Mailed Check,Fiber Optic,No,0,No,No,No
CUST04721,68.0,M,3,73.86,6638.49,One Year,Credit Card,DSL,Yes,0,No,Yes,No
CUST04722,53.0,M,12,147.03,,One Year,Electronic Check,DSL,Yes,0,Yes,No,Yes
CUST04723,64.0,Female,8,95.68,4933.09,Month-to-Month,Electronic Check,Fiber Optic,Yes,0,No,Yes,No
CUST04724,58.0,male,12,132.69,7937.2,Two Year,Electronic Check,Fiber Optic,Yes,0,Yes,Yes,Yes
CUST04725,22.0,male,5,143.93,4051.36,Month-to-Month,Bank Transfer,DSL,Yes,1,No,Yes,No
CUST04726,30.0,M,10,107.8,568.7,One Year,Electronic Check,DSL,Yes,0,No,No,No
CUST04727,40.0,M,9,91.36,7604.12,Two Year,Bank Transfer,No,Yes,0,Yes,No,No
CUST04728,67.0,Male,9,20.46,6072.35,Two Year,Credit Card,DSL,Yes,0,Yes,Yes,No
CUST04729,47.0,M,12,25.2,7646.34,One Year,Mailed Check,DSL,No,1,Yes,Yes,No
CUST04730,54.0,Male,9,46.11,1264.16,Month-to-Month,Mailed Check,No,No,0,Yes,Yes,No
CUST04731,42.0,M,12,44.18,296.16,Two Year,Bank Transfer,No,Yes,0,Yes,No,Yes
CUST04732,65.0,Female,2,53.12,8410.68,Two Year,Bank Transfer,Fiber Optic,Yes,0,Yes,Yes,Yes
CUST04733,44.0,Female,9,59.64,1346.6,One Year,Bank Transfer,Fiber Optic,No,1,Yes,Yes,Yes
CUST04734,68.0,Male,5,66.81,,Two Year,Credit Card,DSL,No,0,No,No,No
CUST04735,31.0,male,13,74.67,7412.43,Two Year,Credit Card,No,No,1,Yes,No,No
CUST04736,65.0,Female,0,32.85,,Two Year,Electronic Check,No,Yes,1,No,Yes,No
CUST04737,64.0,Male,4,25.51,1198.73,Month-to-Month,Electronic Check,Fiber Optic,No,0,Yes,No,No
CUST04738,53.0,M,9,107.61,6013.24,Month-to-Month,Mailed Check,Fiber Optic,Yes,1,Yes,No,No
CUST04739,56.0,M,5,89.85,8004.0,One Year,Electronic Check,DSL,No,1,No,No,No
CUST04740,33.0,Male,14,77.74,3841.27,Month-to-Month,Credit Card,No,No,1,No,No,No
CUST04741,39.0,male,10,102.48,3733.38,Two Year,Credit Card,Fiber Optic,Yes,1,No,No,No
CUST04742,38.0,Male,7,127.6,3996.87,Month-to-Month,Credit Card,DSL,No,1,No,No,No
CUST04743,38.0,Male,10,75.6,,Two Year,Credit Card,DSL,Yes,1,Yes,No,Yes
CUST04744,25.0,Female,14,103.35,8030.39,Two Year,Mailed Check,DSL,No,0,Yes,No,Yes
CUST04745,66.0,Male,14,143.96,7825.26,Month-to-Month,Mailed Check,Fiber Optic,Yes,1,Yes,Yes,No
CUST04746,33.0,Male,8,129.15,,Month-to-Month,Credit Card,Fiber Optic,Yes,1,Yes,Yes,No
CUST04747,48.0,M,10,75.38,5274.94,Month-to-Month,Bank Transfer,Fiber Optic,Yes,0,Yes,No,No
CUST04748,59.0,Female,2,103.81,6765.7,Month-to-Month,Electronic Check,Fiber Optic,No,1,No,No,No
CUST04749,27.0,M,1,43.02,,One Year,Mailed Check,Fiber Optic,Yes,0,Yes,Yes,Yes
CUST04750,49.0,M,12,92.87,6014.41,Month-to-Month,Bank Transfer,No,No,0,Yes,Yes,No
CUST04751,51.0,male,3,147.57,5854.6,One Year,Electronic Check,No,No,1,No,Yes,No
CUST04752,,male,7,87.38,8112.85,Two Year,Bank Transfer,No,Yes,1,No,Yes,No
CUST04753,34.0,Female,10,140.59,7480.52,One Year,Credit Card,No,Yes,1,No,Yes,No
CUST04754,28.0,Female,7,72.95,8447.43,Two Year,Electronic Check,DSL,No,0,Yes,No,No
CUST04755,49.0,male,2,149.85,7822.12,One Year,Bank Transfer,DSL,No,1,No,No,No
CUST04756,27.0,male,3,95.3,7820.87,One Year,Mailed Check,No,Yes,0,No,Yes,No
CUST04757,39.0,male,2,25.49,592.24,Two Year,Mailed Check,Fiber Optic,No,1,No,No,Yes
CUST04758,34.0,male,9,96.28,7616.74,One Year,Mailed Check,No,Yes,1,No,Yes,No
CUST04759,21.0,male,1,55.69,5475.16,Two Year,Electronic Check,No,Yes,1,No,Yes,No
CUST04760,65.0,M,3,24.22,3436.39,Month-to-Month,Credit Card,DSL,Yes,0,Yes,No,No
CUST04761,69.0,Female,5,126.71,527.5,Two Year,Credit Card,Fiber Optic,No,0,Yes,No,No
CUST04762,64.0,M,10,55.84,6105.51,One Year,Electronic Check,DSL,No,1,No,No,No
CUST04763,42.0,M,13,123.55,2967.25,Month-to-Month,Electronic Check,Fiber Optic,No,0,No,No,No
CUST04764,38.0,Male,10,57.47,4220.63,One Year,Credit Card,DSL,No,1,No,Yes,No
CUST04765,54.0,M,4,45.26,6141.92,Month-to-Month,Mailed Check,No,Yes,0,No,No,No
CUST04766,55.0,male,2,146.61,8207.74,Two Year,Credit Card,Fiber Optic,No,0,No,Yes,No
CUST04767,66.0,male,1,67.01,7432.42,Month-to-Month,Credit Card,DSL,Yes,1,No,No,No
CUST04768,18.0,Male,8,98.18,4066.36,Month-to-Month,Bank Transfer,No,Yes,1,Yes,No,No
CUST04769,42.0,Male,14,99.3,3502.29,Month-to-Month,Mailed Check,DSL,No,0,No,Yes,Yes
CUST04770,68.0,Male,0,92.86,2173.22,One Year,Electronic Check,DSL,No,0,No,Yes,No
CUST04771,53.0,Male,8,138.91,3364.39,Month-to-Month,Credit Card,DSL,No,0,No,Yes,Yes
CUST04772,34.0,Male,0,107.68,1017.2,Two Year,Mailed Check,No,Yes,1,No,No,No
CUST04773,58.0,M,14,72.49,8740.53,Two Year,Electronic Check,Fiber Optic,No,1,Yes,Yes,No
CUST04774,41.0,Male,13,132.11,5173.78,Two Year,Bank Transfer,DSL,Yes,0,No,No,No
CUST04775,19.0,M,6,43.54,1167.7,Month-to-Month,Bank Transfer,No,Yes,1,Yes,Yes,No
CUST04776,57.0,Female,5,90.75,3188.2,Two Year,Mailed Check,DSL,No,0,No,Yes,Yes
CUST04777,32.0,Male,6,143.57,4932.41,One Year,Credit Card,Fiber Optic,No,1,No,No,No
CUST04778,49.0,Male,14,101.3,4805.31,Two Year,Electronic Check,DSL,No,1,No,No,Yes
CUST04779,56.0,M,2,126.21,338.82,Month-to-Month,Mailed Check,No,Yes,0,No,Yes,No
CUST04780,23.0,Female,13,104.96,8558.55,Two Year,Bank Transfer,DSL,Yes,1,Yes,Yes,No
CUST04781,18.0,M,2,129.12,2492.87,Month-to-Month,Electronic Check,DSL,No,0,No,No,Yes
CUST04782,64.0,M,12,142.78,165.34,Month-to-Month,Electronic Check,Fiber Optic,No,1,Yes,No,No
CUST04783,40.0,Male,10,55.48,706.47,Two Year,Credit Card,Fiber Optic,Yes,0,Yes,Yes,No
CUST04784,56.0,male,0,42.06,5230.15,One Year,Bank Transfer,Fiber Optic,No,1,No,Yes,No
CUST04785,34.0,male,3,82.92,1257.31,One Year,Bank Transfer,DSL,No,1,Yes,No,No
CUST04786,51.0,M,11,111.24,394.69,Two Year,Bank Transfer,No,Yes,1,Yes,Yes,No
CUST04787,58.0,Male,1,49.53,3429.05,Month-to-Month,Electronic Check,DSL,Yes,0,No,Yes,No
CUST04788,46.0,Female,9,20.53,5612.4,Two Year,Bank Transfer,DSL,No,0,No,No,No
CUST04789,26.0,male,7,64.58,1024.32,Month-to-Month,Mailed Check,DSL,Yes,1,No,Yes,No
CUST04790,30.0,Female,2,145.95,2833.68,Month-to-Month,Bank Transfer,DSL,No,1,No,No,No
CUST04791,23.0,male,6,110.35,3771.49,Month-to-Month,Electronic Check,Fiber Optic,Yes,0,No,No,No
CUST04792,23.0,Male,6,72.17,1451.95,One Year,Bank Transfer,Fiber Optic,Yes,0,No,Yes,No
CUST04793,37.0,M,11,45.03,4564.54,One Year,Bank Transfer,Fiber Optic,Yes,1,Yes,No,No
CUST04794,69.0,Female,8,66.29,785.22,Two Year,Electronic Check,Fiber Optic,Yes,1,No,No,No
CUST04795,-5.0,Female,5,42.08,437.74,One Year,Bank Transfer,No,No,0,Yes,No,Yes
CUST04796,34.0,M,0,33.82,4688.12,Month-to-Month,Credit Card,DSL,Yes,0,No,Yes,Yes
CUST04797,66.0,Female,7,137.88,2246.11,Month-to-Month,Electronic Check,DSL,No,0,Yes,Yes,Yes
CUST04798,29.0,male,0,149.69,876.46,Two Year,Bank Transfer,DSL,Yes,1,Yes,Yes,No
CUST04799,65.0,M,2,41.33,3826.74,Month-to-Month,Credit Card,No,No,1,Yes,No,Yes
CUST04800,64.0,male,10,27.09,8237.96,Two Year,Mailed Check,No,Yes,0,No,No,Yes
CUST04801,62.0,male,4,62.87,6523.25,Two Year,Electronic Check,Fiber Optic,Yes,0,Yes,Yes,No
CUST04802,18.0,Male,7,80.02,7344.23,Month-to-Month,Bank Transfer,DSL,No,1,No,Yes,No
CUST04803,34.0,male,8,46.63,7849.79,One Year,Electronic Check,DSL,Yes,1,Yes,No,No
CUST04804,20.0,Male,14,59.19,8754.2,Month-to-Month,Credit Card,No,No,1,No,Yes,No
CUST04805,43.0,Female,6,46.11,6873.95,Month-to-Month,Electronic Check,DSL,No,1,No,No,No
CUST04806,32.0,Female,8,120.65,5483.5,Two Year,Mailed Check,No,Yes,0,Yes,Yes,No
CUST04807,53.0,Male,10,112.64,3301.52,One Year,Bank Transfer,Fiber Optic,Yes,1,No,Yes,No
CUST04808,49.0,male,2,102.54,1651.16,Two Year,Mailed Check,No,No,1,No,Yes,No
CUST04809,49.0,M,12,70.34,6186.21,Month-to-Month,Credit Card,DSL,Yes,1,No,Yes,No
CUST04810,21.0,M,4,138.18,8954.65,Two Year,Electronic Check,No,Yes,0,Yes,No,Yes
CUST04811,35.0,Male,9,146.04,4216.88,Two Year,Bank Transfer,No,No,0,No,Yes,No
CUST04812,66.0,Female,7,42.57,6518.64,Month-to-Month,Bank Transfer,Fiber Optic,Yes,0,No,No,No
CUST04813,36.0,Female,11,48.99,4465.93,Two Year,Credit Card,DSL,Yes,1,Yes,No,No
CUST04814,60.0,M,0,88.33,3898.76,Month-to-Month,Credit Card,DSL,Yes,1,Yes,Yes,No
CUST04815,69.0,Male,7,31.86,3704.54,Two Year,Electronic Check,Fiber Optic,Yes,1,No,No,No
CUST04816,52.0,M,6,76.74,4551.53,One Year,Bank Transfer,No,Yes,1,Yes,No,No
CUST04817,57.0,male,0,95.63,3314.72,Month-to-Month,Credit Card,No,No,0,No,Yes,No
CUST04818,31.0,male,12,87.87,6743.98,One Year,Bank Transfer,DSL,Yes,1,Yes,Yes,No
CUST04819,50.0,Male,12,63.02,7870.96,Two Year,Electronic Check,No,Yes,0,Yes,Yes,No
CUST04820,31.0,Male,9,90.52,7948.31,One Year,Mailed Check,Fiber Optic,No,1,Yes,Yes,No
CUST04821,51.0,male,11,144.64,2064.73,One Year,Credit Card,DSL,Yes,1,Yes,Yes,No
CUST04822,,Female,9,507.13679895341323,8065.26,One Year,Electronic Check,No,No,1,No,Yes,Yes
CUST04823,41.0,Male,14,105.13,3087.13,Two Year,Mailed Check,Fiber Optic,No,1,Yes,No,No
CUST04824,46.0,male,11,25.64,2797.58,Month-to-Month,Electronic Check,Fiber Optic,Yes,1,No,No,No
CUST04825,36.0,male,5,28.63,6546.27,Two Year,Credit Card,DSL,Yes,1,No,Yes,Yes
CUST04826,23.0,Female,0,91.74,2756.17,Two Year,Electronic Check,DSL,No,0,No,No,Yes
CUST04827,50.0,Female,1,33.64,495.64,Two Year,Bank Transfer,No,Yes,0,Yes,No,No
CUST04828,66.0,Female,4,22.91,3375.09,Month-to-Month,Credit Card,No,No,0,Yes,No,No
CUST04829,57.0,Female,1,42.3,6498.76,Two Year,Bank Transfer,No,Yes,0,Yes,Yes,No
CUST04830,36.0,M,13,93.43,2956.09,Two Year,Electronic Check,Fiber Optic,Yes,0,Yes,Yes,No
CUST04831,18.0,Female,9,111.43,5673.44,Month-to-Month,Credit Card,Fiber Optic,No,1,No,Yes,No
CUST04832,22.0,M,0,46.32,5947.87,Month-to-Month,Bank Transfer,No,No,1,Yes,Yes,No
CUST04833,44.0,Male,5,106.87,6608.95,Month-to-Month,Bank Transfer,DSL,No,0,No,No,No
CUST04834,33.0,male,7,43.72,8076.23,One Year,Bank Transfer,Fiber Optic,No,1,Yes,Yes,No
CUST04835,23.0,M,7,99.75,3904.43,Month-to-Month,Mailed Check,Fiber Optic,No,1,Yes,Yes,No
CUST04836,57.0,Male,12,73.55,1514.56,One Year,Bank Transfer,No,No,1,No,Yes,Yes
CUST04837,30.0,Male,12,104.99,2883.95,One Year,Bank Transfer,DSL,No,1,Yes,No,No
CUST04838,65.0,M,7,149.36,3900.86,Two Year,Electronic Check,Fiber Optic,No,0,Yes,No,No
CUST04839,52.0,Male,10,141.92,6430.75,One Year,Electronic Check,DSL,No,1,No,No,No
CUST04840,36.0,Male,5,20.56,137.84,Two Year,Electronic Check,Fiber Optic,No,0,Yes,Yes,No
CUST04841,29.0,M,10,135.11,2855.75,One Year,Electronic Check,DSL,Yes,0,No,Yes,No
CUST04842,33.0,Male,2,28.64,7022.99,Month-to-Month,Mailed Check,DSL,Yes,1,No,No,No
CUST04843,60.0,Female,0,143.9,6044.3,Two Year,Electronic Check,Fiber Optic,No,1,Yes,No,No
CUST04844,27.0,Female,1,56.64,6591.02,One Year,Electronic Check,DSL,Yes,1,No,No,Yes
CUST04845,42.0,male,4,69.66,7310.06,Two Year,Electronic Check,Fiber Optic,No,0,No,Yes,Yes
CUST04846,37.0,Male,12,31.91,7053.46,Month-to-Month,Bank Transfer,Fiber Optic,Yes,1,Yes,Yes,No
CUST04847,48.0,male,9,34.6,6146.0,One Year,Mailed Check,DSL,Yes,0,Yes,No,No
CUST04848,21.0,Female,4,114.48,3968.16,One Year,Electronic Check,Fiber Optic,Yes,1,Yes,No,Yes
CUST04849,61.0,Female,9,142.76,8852.71,Month-to-Month,Bank Transfer,DSL,Yes,0,No,No,No
CUST04850,40.0,Female,13,99.4,5130.28,One Year,Credit Card,Fiber Optic,Yes,0,No,Yes,Yes
CUST04851,19.0,Male,0,113.06,1840.87,One Year,Mailed Check,DSL,No,0,Yes,Yes,No
CUST04852,39.0,Male,0,119.06,2649.46,Two Year,Electronic Check,Fiber Optic,Yes,0,No,No,No
CUST04853,68.0,Female,14,54.17,6248.19,One Year,Bank Transfer,Fiber Optic,Yes,0,No,No,No
CUST04854,54.0,male,8,25.88,8324.16,Month-to-Month,Credit Card,No,No,0,Yes,Yes,No
CUST04855,25.0,male,1,20.24,1624.91,One Year,Credit Card,Fiber Optic,Yes,0,Yes,No,Yes
CUST04856,24.0,M,6,65.58,759.47,Two Year,Bank Transfer,Fiber Optic,Yes,1,Yes,Yes,No
CUST04857,31.0,Female,9,51.39,7936.15,One Year,Bank Transfer,DSL,Yes,0,No,Yes,Yes
CUST04858,20.0,male,3,28.1,8239.2,Two Year,Mailed Check,DSL,Yes,1,No,No,No
CUST04859,67.0,Female,6,43.34,2501.89,One Year,Bank Transfer,DSL,Yes,1,Yes,Yes,No
CUST04860,33.0,male,7,36.18,3408.03,Two Year,Electronic Check,DSL,Yes,1,No,Yes,No
CUST04861,36.0,M,4,138.93,5948.49,Two Year,Credit Card,No,Yes,0,Yes,Yes,Yes
CUST04862,68.0,M,12,38.23,2982.77,One Year,Electronic Check,No,No,0,Yes,Yes,Yes
CUST04863,35.0,Female,11,89.89,7896.89,Month-to-Month,Electronic Check,DSL,No,1,Yes,Yes,No
CUST04864,69.0,male,11,97.1,986.06,Month-to-Month,Electronic Check,DSL,No,0,No,Yes,No
CUST04865,33.0,Male,0,90.65,361.08,One Year,Credit Card,DSL,Yes,0,No,No,Yes
CUST04866,25.0,M,3,32.88,1892.21,One Year,Credit Card,DSL,Yes,1,No,Yes,No
CUST04867,50.0,Female,9,61.44,2589.07,One Year,Credit Card,Fiber Optic,No,1,No,Yes,Yes
CUST04868,66.0,Female,2,26.67,1034.08,One Year,Bank Transfer,DSL,No,1,No,Yes,No
CUST04869,29.0,male,9,71.44,609.9,One Year,Electronic Check,Fiber Optic,No,1,No,Yes,No
CUST04870,28.0,Female,14,44.52,6805.36,Month-to-Month,Mailed Check,DSL,Yes,1,Yes,Yes,Yes
CUST04871,22.0,M,11,93.01,1495.2,Two Year,Bank Transfer,No,No,1,Yes,No,No
CUST04872,44.0,Female,4,110.07,8227.02,Two Year,Bank Transfer,No,Yes,1,Yes,Yes,No
CUST04873,29.0,Female,9,89.18,3324.64,Month-to-Month,Mailed Check,DSL,No,0,Yes,Yes,No
CUST04874,34.0,Male,12,76.45,6042.04,Month-to-Month,Electronic Check,No,No,0,No,No,No
CUST04875,23.0,Male,9,70.35,2044.11,Two Year,Mailed Check,No,Yes,0,Yes,Yes,No
CUST04876,50.0,M,12,129.42,2178.1,Month-to-Month,Credit Card,No,Yes,1,Yes,No,No
CUST04877,22.0,male,5,48.52,5180.89,One Year,Electronic Check,No,Yes,0,Yes,No,No
CUST04878,45.0,Male,1,115.45,5054.57,Month-to-Month,Bank Transfer,Fiber Optic,Yes,1,No,Yes,No
CUST04879,31.0,male,6,118.47,6923.19,Month-to-Month,Credit Card,Fiber Optic,Yes,1,Yes,No,Yes
CUST04880,22.0,M,12,74.5,6825.16,Month-to-Month,Credit Card,Fiber Optic,Yes,1,Yes,No,No
CUST04881,50.0,Male,2,58.65,6042.78,Month-to-Month,Bank Transfer,Fiber Optic,No,0,Yes,Yes,No
CUST04882,67.0,male,14,81.17,4053.19,Two Year,Mailed Check,DSL,Yes,1,Yes,Yes,No
CUST04883,65.0,Male,0,32.12,8017.95,Two Year,Credit Card,No,Yes,1,No,No,No
CUST04884,58.0,M,9,25.97,5610.75,Two Year,Credit Card,No,Yes,1,No,No,Yes
CUST04885,36.0,M,2,34.51,8911.98,Two Year,Electronic Check,DSL,No,0,Yes,Yes,No
CUST04886,39.0,Male,8,44.33,7377.94,One Year,Electronic Check,DSL,No,0,Yes,Yes,No
CUST04887,22.0,male,9,85.54,417.9,One Year,Bank Transfer,Fiber Optic,Yes,1,No,Yes,Yes
CUST04888,19.0,Female,10,130.39,2898.93,Two Year,Bank Transfer,Fiber Optic,Yes,1,No,Yes,Yes
CUST04889,47.0,Female,10,50.63,5155.44,Two Year,Bank Transfer,No,Yes,1,No,Yes,No
CUST04890,64.0,Male,14,141.57,6498.8,Two Year,Mailed Check,DSL,Yes,0,No,No,Yes
CUST04891,56.0,male,5,144.14,4962.02,Month-to-Month,Credit Card,No,Yes,1,Yes,No,No
CUST04892,,Female,10,144.66,7079.45,One Year,Bank Transfer,DSL,Yes,1,No,No,Yes
CUST04893,,M,5,128.88,2558.25,One Year,Electronic Check,Fiber Optic,No,0,Yes,No,Yes
CUST04894,30.0,male,3,67.3,1671.53,Month-to-Month,Credit Card,No,Yes,0,No,Yes,Yes
CUST04895,37.0,Female,14,29.45,504.17,Month-to-Month,Bank Transfer,No,Yes,0,Yes,No,Yes
CUST04896,24.0,male,7,93.95,5168.36,Month-to-Month,Credit Card,DSL,Yes,0,No,No,No
CUST04897,32.0,Male,4,92.63,6203.62,One Year,Credit Card,No,Yes,0,Yes,No,No
CUST04898,40.0,male,6,130.5,2948.82,Month-to-Month,Credit Card,Fiber Optic,No,0,No,Yes,Yes
CUST04899,31.0,Female,8,149.48,5529.99,Month-to-Month,Bank Transfer,No,Yes,1,No,Yes,No
CUST04900,40.0,Male,12,86.06,488.37,Month-to-Month,Credit Card,DSL,No,0,Yes,Yes,Yes
CUST04901,36.0,male,12,64.88,911.65,Two Year,Credit Card,No,Yes,0,Yes,Yes,Yes
CUST04902,46.0,M,13,44.17,6321.76,Month-to-Month,Credit Card,Fiber Optic,Yes,1,No,No,No
CUST04903,37.0,Female,4,20.62,3325.27,Two Year,Electronic Check,DSL,Yes,1,Yes,No,No
CUST04904,46.0,Male,10,86.18,6048.58,One Year,Bank Transfer,DSL,No,1,Yes,No,No
CUST04905,41.0,male,13,92.22,7488.86,One Year,Mailed Check,Fiber Optic,No,0,No,No,No
CUST04906,35.0,M,4,127.24,7676.55,One Year,Electronic Check,DSL,Yes,0,No,No,No
CUST04907,27.0,Female,13,85.6,1566.07,Two Year,Credit Card,DSL,Yes,0,No,No,No
CUST04908,58.0,M,3,139.14,4386.84,Month-to-Month,Credit Card,No,Yes,0,Yes,No,No
CUST04909,25.0,male,5,101.65,6610.66,One Year,Mailed Check,DSL,Yes,0,No,No,No
CUST04910,43.0,male,1,129.24,6970.35,Month-to-Month,Mailed Check,No,Yes,1,No,Yes,Yes
CUST04911,46.0,Male,2,39.28,7066.39,Two Year,Electronic Check,Fiber Optic,Yes,1,Yes,No,No
CUST04912,27.0,M,0,131.19,2068.94,One Year,Credit Card,Fiber Optic,Yes,0,Yes,No,No
CUST04913,34.0,Male,1,107.77,1748.96,Month-to-Month,Mailed Check,Fiber Optic,No,0,No,Yes,No
CUST04914,19.0,Female,1,42.13,5318.31,Month-to-Month,Electronic Check,Fiber Optic,No,1,Yes,No,Yes
CUST04915,23.0,Male,7,44.67,6674.95,One Year,Mailed Check,DSL,Yes,0,Yes,No,No
CUST04916,22.0,Female,7,140.45,2885.87,Month-to-Month,Credit Card,DSL,Yes,1,No,Yes,No
CUST04917,45.0,male,1,24.19,960.25,Two Year,Credit Card,No,Yes,1,Yes,Yes,No
CUST04918,58.0,male,12,80.13,6456.38,One Year,Credit Card,No,Yes,1,Yes,No,No
CUST04919,22.0,M,13,60.75,2711.29,One Year,Credit Card,No,Yes,1,Yes,Yes,No
CUST04920,35.0,Female,5,106.46,1513.94,One Year,Bank Transfer,DSL,Yes,1,No,Yes,No
CUST04921,43.0,male,14,129.15,1346.56,One Year,Bank Transfer,No,No,1,Yes,Yes,No
CUST04922,37.0,M,4,66.85,2847.89,Two Year,Bank Transfer,DSL,No,1,No,Yes,No
CUST04923,58.0,M,2,75.5,,Two Year,Electronic Check,Fiber Optic,No,1,No,No,No
CUST04924,66.0,Male,4,147.65,3238.45,Month-to-Month,Electronic Check,DSL,Yes,0,Yes,Yes,No
CUST04925,44.0,M,4,121.91,205.54,Two Year,Mailed Check,Fiber Optic,No,1,No,Yes,No
CUST04926,66.0,male,4,136.64,,Month-to-Month,Mailed Check,No,Yes,1,No,No,No
CUST04927,29.0,Male,2,77.04,2628.72,Month-to-Month,Electronic Check,DSL,No,1,No,Yes,Yes
CUST04928,24.0,Female,14,50.43,5944.15 ,One Year,Mailed Check,No,Yes,1,Yes,Yes,Yes
CUST04929,20.0,Female,2,73.54,904.67,Month-to-Month,Electronic Check,No,No,1,No,Yes,No
CUST04930,27.0,male,3,113.09,5054.7,One Year,Bank Transfer,Fiber Optic,Yes,0,No,No,No
CUST04931,51.0,male,6,34.23,1096.58,Month-to-Month,Electronic Check,No,No,1,No,Yes,No
CUST04932,42.0,Male,11,55.16,1920.31,Two Year,Electronic Check,DSL,No,0,No,Yes,No
CUST04933,52.0,Male,11,26.06,,One Year,Mailed Check,No,No,1,No,Yes,No
CUST04934,33.0,male,11,76.21,623.71,Month-to-Month,Mailed Check,Fiber Optic,Yes,1,No,Yes,No
CUST04935,19.0,male,13,127.57,6048.54,Two Year,Electronic Check,Fiber Optic,Yes,0,No,Yes,No
CUST04936,41.0,Female,1,23.21,4181.36,Two Year,Credit Card,No,Yes,0,Yes,Yes,Yes
CUST04937,27.0,Female,9,107.79,7482.86,One Year,Mailed Check,Fiber Optic,Yes,1,Yes,No,No
CUST04938,55.0,Female,3,141.22,908.04,One Year,Electronic Check,No,Yes,1,Yes,Yes,No
CUST04939,39.0,male,3,50.8,1319.7,One Year,Mailed Check,Fiber Optic,No,0,No,No,No
CUST04940,43.0,M,0,110.17,2771.99,Month-to-Month,Credit Card,No,Yes,0,No,No,No
CUST04941,60.0,male,9,146.76,6897.48,One Year,Mailed Check,No,Yes,1,Yes,No,No
CUST04942,56.0,male,7,145.1,2765.71,Two Year,Electronic Check,DSL,Yes,0,No,No,No
CUST04943,44.0,Female,0,50.54,3687.6,Two Year,Electronic Check,DSL,No,0,No,Yes,Yes
CUST04944,46.0,male,7,33.04,2728.4,One Year,Credit Card,No,No,0,Yes,Yes,No
CUST04945,64.0,Male,6,39.28,740.41,One Year,Electronic Check,DSL,No,0,No,Yes,No
CUST04946,55.0,male,8,111.26,8456.11,Two Year,Credit Card,DSL,Yes,0,Yes,Yes,Yes
CUST04947,37.0,male,7,114.35,4945.88,Month-to-Month,Electronic Check,Fiber Optic,Yes,1,Yes,Yes,No
CUST04948,44.0,male,4,107.65,7094.74,Two Year,Electronic Check,DSL,No,1,No,Yes,No
CUST04949,58.0,male,7,63.69,5932.05,Two Year,Mailed Check,Fiber Optic,Yes,1,Yes,No,No
CUST04950,37.0,M,13,42.07,4638.0,Two Year,Mailed Check,DSL,Yes,1,No,Yes,No
CUST04951,,male,14,95.5,825.31,One Year,Credit Card,DSL,Yes,1,No,Yes,Yes
CUST04952,36.0,Male,10,82.88,5791.75,Month-to-Month,Mailed Check,No,Yes,1,Yes,No,No
CUST04953,37.0,Male,9,114.75,1415.23,Month-to-Month,Bank Transfer,DSL,Yes,0,No,Yes,No
CUST04954,52.0,male,11,77.38,3741.16,One Year,Credit Card,No,No,0,No,No,Yes
CUST04955,64.0,Female,14,64.02,5669.44,Two Year,Bank Transfer,No,No,0,Yes,Yes,No
CUST04956,19.0,M,11,58.15,7044.42,One Year,Credit Card,No,No,1,No,Yes,No
CUST04957,47.0,male,2,47.49,6171.71,One Year,Bank Transfer,No,Yes,0,No,No,No
CUST04958,51.0,male,14,54.55,6050.37,Month-to-Month,Mailed Check,DSL,No,0,Yes,Yes,No
CUST04959,39.0,male,9,32.33,1358.4,Month-to-Month,Mailed Check,No,Yes,0,No,Yes,No
CUST04960,20.0,Female,6,65.09,3128.23,One Year,Electronic Check,DSL,No,0,No,No,Yes
CUST04961,23.0,Female,11,24.75,405.35,One Year,Bank Transfer,DSL,Yes,0,No,Yes,Yes
CUST04962,32.0,Female,3,44.23,6480.9,Month-to-Month,Electronic Check,Fiber Optic,Yes,1,Yes,Yes,Yes
CUST04963,44.0,M,4,117.08,8574.22,Month-to-Month,Credit Card,Fiber Optic,No,1,Yes,Yes,Yes
CUST04964,27.0,Male,8,62.31,2391.71,Two Year,Bank Transfer,Fiber Optic,No,0,Yes,Yes,No
CUST04965,26.0,M,6,106.87,807.52,One Year,Electronic Check,No,No,0,No,No,No
CUST04966,50.0,Female,3,113.19,4290.62,Two Year,Credit Card,DSL,Yes,1,Yes,No,Yes
CUST04967,49.0,Male,5,95.55,7713.15,Two Year,Bank Transfer,DSL,No,1,Yes,No,No
CUST04968,65.0,Male,9,144.63,4976.73,Two Year,Electronic Check,No,No,0,Yes,No,Yes
CUST04969,23.0,Female,13,22.79,440.06,Month-to-Month,Bank Transfer,Fiber Optic,No,0,Yes,No,No
CUST04970,58.0,Female,10,116.02,8768.96,Two Year,Bank Transfer,Fiber Optic,No,1,No,Yes,No
CUST04971,,M,6,144.64,,Month-to-Month,Electronic Check,DSL,Yes,1,Yes,Yes,No
CUST04972,19.0,Female,12,132.1,1201.71,Month-to-Month,Mailed Check,DSL,Yes,0,No,No,No
CUST04973,46.0,Male,9,41.83,8297.74,Month-to-Month,Mailed Check,DSL,Yes,0,Yes,No,No
CUST04974,21.0,male,12,62.49,4067.18,One Year,Electronic Check,Fiber Optic,No,1,No,Yes,No
CUST04975,18.0,Female,8,42.42,3359.64,Two Year,Credit Card,DSL,No,0,Yes,No,No
CUST04976,36.0,Female,3,98.17,4160.26,Month-to-Month,Electronic Check,Fiber Optic,No,1,No,No,No
CUST04977,43.0,M,9,112.58,7514.46,One Year,Electronic Check,Fiber Optic,Yes,0,Yes,Yes,No
CUST04978,42.0,M,2,61.22,5942.13,One Year,Bank Transfer,Fiber Optic,No,0,No,Yes,No
CUST04979,27.0,Female,7,90.14,552.05,One Year,Mailed Check,No,Yes,1,Yes,No,No
CUST04980,32.0,Male,14,109.82,8619.29,Month-to-Month,Mailed Check,No,No,0,No,No,No
CUST04981,39.0,Male,0,74.77,1347.1,Month-to-Month,Mailed Check,DSL,Yes,0,Yes,Yes,No
CUST04982,68.0,male,8,131.02,6715.2,Month-to-Month,Mailed Check,Fiber Optic,Yes,1,No,No,Yes
CUST04983,65.0,Female,12,120.3,5732.51,One Year,Electronic Check,DSL,No,1,Yes,No,No
CUST04984,38.0,M,0,28.41,1704.0,Month-to-Month,Bank Transfer,Fiber Optic,No,1,No,Yes,No
CUST04985,,Male,1,100.75,1553.17,Two Year,Mailed Check,DSL,Yes,0,Yes,No,No
CUST04986,53.0,male,12,50.59,7835.54,Month-to-Month,Mailed Check,DSL,Yes,1,Yes,No,No
CUST04987,51.0,Female,7,92.48,3788.86,Month-to-Month,Bank Transfer,No,No,1,Yes,No,Yes
CUST04988,47.0,Male,8,144.4,5898.1,Two Year,Electronic Check,No,Yes,1,No,Yes,No
CUST04989,42.0,Female,6,134.28,4546.56,Month-to-Month,Electronic Check,No,No,1,Yes,Yes,Yes
CUST04990,62.0,Female,2,72.59,6551.63,Month-to-Month,Electronic Check,No,No,0,Yes,Yes,No
CUST04991,45.0,Male,6,57.9,4323.6,Month-to-Month,Mailed Check,Fiber Optic,Yes,1,Yes,No,No
CUST04992,18.0,Male,5,50.47,2600.67,Month-to-Month,Mailed Check,DSL,Yes,0,No,No,No
CUST04993,66.0,Male,1,89.23,3283.18,One Year,Mailed Check,DSL,No,0,No,No,Yes
CUST04994,62.0,Female,2,34.85,7734.52,Month-to-Month,Electronic Check,Fiber Optic,Yes,1,Yes,Yes,No
CUST04995,21.0,Female,10,91.41,4222.95,Two Year,Mailed Check,Fiber Optic,Yes,1,Yes,No,Yes
CUST04996,24.0,male,12,20.17,1936.78,Two Year,Credit Card,DSL,No,1,No,Yes,No
CUST04997,66.0,M,11,62.1,8412.76,One Year,Bank Transfer,No,Yes,0,No,No,No
CUST04998,26.0,Female,12,48.59,7173.47,Month-to-Month,Credit Card,No,Yes,1,No,No,No
CUST04999,53.0,M,9,146.26,519.88,Two Year,Credit Card,No,Yes,1,Yes,Yes,No
CUST05000,36.0,Male,9,114.54,8990.51,One Year,Mailed Check,Fiber Optic,Yes,1,Yes,No,No
CUST05001,18.0,Female,12,65.45,,Month-to-Month,Bank Transfer,DSL,No,0,No,No,Yes
CUST05002,27.0,male,11,32.07,1459.19,One Year,Credit Card,Fiber Optic,Yes,1,Yes,Yes,No
CUST05003,53.0,male,14,87.18,2149.77,Month-to-Month,Electronic Check,DSL,Yes,0,No,No,No
CUST05004,26.0,M,4,47.75,6238.16,One Year,Electronic Check,No,Yes,0,No,No,Yes
CUST05005,62.0,Male,9,89.74,7022.25,One Year,Electronic Check,No,Yes,0,No,No,No
CUST05006,63.0,M,3,128.6,2166.54,Two Year,Electronic Check,No,No,1,No,No,No
CUST05007,59.0,Male,1,100.05,2327.58,Two Year,Bank Transfer,DSL,No,1,Yes,Yes,Yes
CUST05008,49.0,male,3,102.39,2777.94,One Year,Electronic Check,No,No,0,No,No,No
CUST05009,49.0,M,11,90.33,5390.2,Month-to-Month,Bank Transfer,DSL,Yes,1,Yes,Yes,No
CUST05010,23.0,male,7,140.54,1562.91,Month-to-Month,Bank Transfer,Fiber Optic,No,0,Yes,No,No
CUST05011,65.0,male,4,141.15,956.1,Month-to-Month,Bank Transfer,No,No,1,No,No,No
CUST05012,55.0,Male,4,86.65,6116.2,Month-to-Month,Bank Transfer,Fiber Optic,Yes,1,Yes,No,No
CUST05013,34.0,M,12,59.75,7016.3,Month-to-Month,Mailed Check,Fiber Optic,Yes,1,Yes,Yes,No
CUST05014,27.0,M,11,79.75,4518.35,Two Year,Credit Card,DSL,No,0,Yes,No,No
CUST05015,67.0,male,11,44.25,3287.22,One Year,Mailed Check,Fiber Optic,No,1,No,No,Yes
CUST05016,44.0,male,9,102.72,3899.74,Two Year,Credit Card,DSL,Yes,0,No,Yes,No
CUST05017,67.0,Male,2,85.01,3507.9,Month-to-Month,Mailed Check,DSL,Yes,1,No,Yes,No
CUST05018,52.0,Female,12,33.43,8640.66,One Year,Electronic Check,Fiber Optic,Yes,1,Yes,No,No
CUST05019,69.0,Female,7,45.69,6917.45,Month-to-Month,Bank Transfer,DSL,No,1,Yes,Yes,No
CUST05020,38.0,male,5,82.35,1888.62,Month-to-Month,Electronic Check,DSL,Yes,1,No,Yes,No
CUST04141,19.0,Male,11,43.59,602.86,One Year,Electronic Check,Fiber Optic,Yes,1,No,Yes,Yes
CUST04593,18.0,male,0,105.79,1534.04,Month-to-Month,Mailed Check,Fiber Optic,No,0,No,Yes,Yes
CUST02331,57.0,Female,0,47.08,1772.84,Month-to-Month,Electronic Check,No,Yes,1,No,No,No
CUST00882,55.0,Female,8,20.75,5093.86,One Year,Credit Card,No,No,0,No,Yes,No
CUST04234,32.0,M,5,104.93,988.26 ,Two Year,Mailed Check,No,Yes,0,No,Yes,No
CUST00034,45.0,Male,9,100.53,2362.3,One Year,Bank Transfer,Fiber Optic,No,1,Yes,Yes,No
CUST02049,29.0,M,8,83.45,7757.68,One Year,Electronic Check,DSL,Yes,0,Yes,No,No
CUST04049,62.0,Female,12,40.27,6549.29,One Year,Credit Card,DSL,Yes,1,No,No,No
CUST03198,52.0,Female,7,91.11,4931.47,Month-to-Month,Electronic Check,No,Yes,1,No,Yes,No
CUST04456,66.0,Male,1,27.07,1682.28,One Year,Credit Card,DSL,Yes,1,No,Yes,No
CUST04760,65.0,M,3,24.22,3436.39,Month-to-Month,Credit Card,DSL,Yes,0,Yes,No,No
CUST01156,54.0,male,8,44.56,7763.02,One Year,Mailed Check,DSL,Yes,0,No,Yes,No
CUST02283,59.0,Female,4,73.28,3084.96,Two Year,Credit Card,Fiber Optic,Yes,0,No,No,No
CUST05017,67.0,Male,2,85.01,3507.9,Month-to-Month,Mailed Check,DSL,Yes,1,No,Yes,No
CUST01226,41.0,male,10,107.33,2578.3,Two Year,Credit Card,No,Yes,0,No,Yes,No
CUST04345,53.0,Male,12,119.32,8760.3,Two Year,Credit Card,No,Yes,1,No,No,No
CUST03830,66.0,M,14,148.58,2122.83,Two Year,Credit Card,No,No,1,Yes,Yes,Yes
CUST04306,53.0,Female,9,70.5,8907.71,Month-to-Month,Credit Card,No,Yes,1,No,Yes,Yes
CUST02734,48.0,Female,6,20.32,,Two Year,Credit Card,Fiber Optic,Yes,0,Yes,No,No
CUST04116,31.0,M,1,146.37,318.1,Two Year,Bank Transfer,DSL,No,1,No,No,No
CUST01065,41.0,Male,11,74.5,2697.32,One Year,Credit Card,DSL,No,1,No,No,No
CUST02931,22.0,male,7,54.72,6220.75,Two Year,Bank Transfer,Fiber Optic,No,0,Yes,Yes,No
CUST02237,27.0,Female,10,97.59,3152.82,One Year,Electronic Check,Fiber Optic,Yes,1,No,No,No
CUST01352,66.0,M,6,46.08,3523.96,One Year,Credit Card,No,No,0,No,Yes,No
CUST01954,64.0,M,7,52.88,5482.71,One Year,Credit Card,DSL,Yes,0,Yes,No,No
CUST03006,38.0,M,10,35.09,6963.89,Month-to-Month,Bank Transfer,No,No,1,Yes,Yes,No
CUST01778,42.0,male,12,55.64,4431.58,Two Year,Mailed Check,DSL,No,1,No,No,Yes
CUST01718,42.0,male,10,21.83,7269.68,Two Year,Electronic Check,Fiber Optic,No,1,Yes,Yes,No
CUST02364,21.0,M,4,26.24,105.09,Month-to-Month,Mailed Check,DSL,Yes,0,Yes,No,No
CUST03849,20.0,Female,7,23.67,6013.5,Two Year,Credit Card,No,Yes,1,Yes,Yes,No
CUST01926,46.0,M,11,53.85,8592.46,One Year,Mailed Check,No,Yes,0,Yes,No,No
CUST00797,22.0,M,3,86.72,2556.84,Month-to-Month,Mailed Check,Fiber Optic,No,1,Yes,Yes,No
CUST00448,39.0,Female,14,85.62,4421.2,Two Year,Electronic Check,Fiber Optic,Yes,0,Yes,No,Yes
CUST00900,68.0,M,14,144.79,1425.44,Month-to-Month,Mailed Check,DSL,Yes,1,No,Yes,Yes
CUST01272,53.0,M,1,127.21,825.5,One Year,Mailed Check,Fiber Optic,Yes,1,Yes,Yes,No
CUST02009,47.0,Female,10,138.04,5805.71,Month-to-Month,Mailed Check,Fiber Optic,Yes,0,No,No,No
CUST00349,68.0,M,0,77.22,4005.28,Month-to-Month,Electronic Check,No,Yes,0,Yes,Yes,No
CUST01686,30.0,male,12,138.28,768.06,Two Year,Bank Transfer,DSL,Yes,1,No,Yes,No
CUST03318,27.0,Female,6,122.15,4642.69,Month-to-Month,Bank Transfer,Fiber Optic,No,0,Yes,Yes,No
CUST03696,46.0,Female,0,24.91,1060.36,One Year,Credit Card,DSL,Yes,0,No,Yes,No
